/*******************************************************************************
 * Size: 46 px
 * Bpp: 4
 * Opts: --font /fonts/Montserrat-Bold.ttf -o /fonts/font_clock_data.c --size 46 --bpp 4 --format lvgl --no-compress --symbols ° --range 0x20-0x7F
 ******************************************************************************/

#ifdef __has_include
    #if __has_include("lvgl.h")
        #ifndef LV_LVGL_H_INCLUDE_SIMPLE
            #define LV_LVGL_H_INCLUDE_SIMPLE
        #endif
    #endif
#endif

#ifdef LV_LVGL_H_INCLUDE_SIMPLE
    #include "lvgl.h"
#else
    #include "lvgl/lvgl.h"
#endif



#ifndef FONT_CLOCK_DATA
#define FONT_CLOCK_DATA 1
#endif

#if FONT_CLOCK_DATA

/*-----------------
 *    BITMAPS
 *----------------*/

/*Store the image of the glyphs*/
static LV_ATTRIBUTE_LARGE_CONST const uint8_t glyph_bitmap[] = {
    /* U+0020 " " */

    /* U+0021 "!" */
    0x9f, 0xff, 0xff, 0xff, 0xe0, 0x8f, 0xff, 0xff,
    0xff, 0xd0, 0x7f, 0xff, 0xff, 0xff, 0xc0, 0x5f,
    0xff, 0xff, 0xff, 0xb0, 0x4f, 0xff, 0xff, 0xff,
    0xa0, 0x3f, 0xff, 0xff, 0xff, 0x90, 0x2f, 0xff,
    0xff, 0xff, 0x80, 0x1f, 0xff, 0xff, 0xff, 0x60,
    0x0f, 0xff, 0xff, 0xff, 0x50, 0x0f, 0xff, 0xff,
    0xff, 0x40, 0x0e, 0xff, 0xff, 0xff, 0x30, 0x0d,
    0xff, 0xff, 0xff, 0x20, 0x0c, 0xff, 0xff, 0xff,
    0x10, 0x0b, 0xff, 0xff, 0xff, 0x00, 0x0a, 0xff,
    0xff, 0xff, 0x00, 0x08, 0xff, 0xff, 0xfe, 0x00,
    0x07, 0xff, 0xff, 0xfd, 0x00, 0x06, 0xff, 0xff,
    0xfc, 0x00, 0x05, 0xff, 0xff, 0xfa, 0x00, 0x04,
    0xff, 0xff, 0xf9, 0x00, 0x03, 0xff, 0xff, 0xf8,
    0x00, 0x00, 0x00, 0x00, 0x00, 0x00, 0x00, 0x00,
    0x00, 0x00, 0x00, 0x00, 0x01, 0x32, 0x00, 0x00,
    0x02, 0xbf, 0xff, 0xe5, 0x00, 0x1e, 0xff, 0xff,
    0xff, 0x50, 0x8f, 0xff, 0xff, 0xff, 0xd0, 0xbf,
    0xff, 0xff, 0xff, 0xf0, 0xaf, 0xff, 0xff, 0xff,
    0xf0, 0x6f, 0xff, 0xff, 0xff, 0xb0, 0x0b, 0xff,
    0xff, 0xfe, 0x20, 0x00, 0x7d, 0xfe, 0xa1, 0x00,

    /* U+0022 "\"" */
    0xbf, 0xff, 0xff, 0x50, 0x04, 0xff, 0xff, 0xfd,
    0xbf, 0xff, 0xff, 0x50, 0x03, 0xff, 0xff, 0xfc,
    0xaf, 0xff, 0xff, 0x40, 0x02, 0xff, 0xff, 0xfb,
    0xaf, 0xff, 0xff, 0x30, 0x02, 0xff, 0xff, 0xfb,
    0x9f, 0xff, 0xff, 0x30, 0x01, 0xff, 0xff, 0xfa,
    0x8f, 0xff, 0xff, 0x20, 0x01, 0xff, 0xff, 0xfa,
    0x8f, 0xff, 0xff, 0x10, 0x00, 0xff, 0xff, 0xf9,
    0x7f, 0xff, 0xff, 0x10, 0x00, 0xff, 0xff, 0xf8,
    0x7f, 0xff, 0xff, 0x00, 0x00, 0xff, 0xff, 0xf8,
    0x6f, 0xff, 0xff, 0x00, 0x00, 0xef, 0xff, 0xf7,
    0x5f, 0xff, 0xff, 0x00, 0x00, 0xef, 0xff, 0xf7,
    0x5f, 0xff, 0xfe, 0x00, 0x00, 0xdf, 0xff, 0xf6,
    0x4f, 0xff, 0xfe, 0x00, 0x00, 0xdf, 0xff, 0xf5,
    0x00, 0x00, 0x00, 0x00, 0x00, 0x00, 0x00, 0x00,

    /* U+0023 "#" */
    0x00, 0x00, 0x00, 0x00, 0x00, 0xff, 0xff, 0xf1,
    0x00, 0x00, 0x02, 0xff, 0xff, 0xf0, 0x00, 0x00,
    0x00, 0x00, 0x00, 0x00, 0x00, 0x2f, 0xff, 0xff,
    0x00, 0x00, 0x00, 0x4f, 0xff, 0xfe, 0x00, 0x00,
    0x00, 0x00, 0x00, 0x00, 0x00, 0x04, 0xff, 0xff,
    0xd0, 0x00, 0x00, 0x06, 0xff, 0xff, 0xc0, 0x00,
    0x00, 0x00, 0x00, 0x00, 0x00, 0x00, 0x6f, 0xff,
    0xfb, 0x00, 0x00, 0x00, 0x8f, 0xff, 0xfa, 0x00,
    0x00, 0x00, 0x00, 0x00, 0x00, 0x00, 0x09, 0xff,
    0xff, 0x90, 0x00, 0x00, 0x0a, 0xff, 0xff, 0x80,
    0x00, 0x00, 0x00, 0x00, 0x00, 0x00, 0x00, 0xbf,
    0xff, 0xf7, 0x00, 0x00, 0x00, 0xcf, 0xff, 0xf5,
    0x00, 0x00, 0x00, 0x00, 0x00, 0x00, 0x00, 0x0d,
    0xff, 0xff, 0x50, 0x00, 0x00, 0x0e, 0xff, 0xff,
    0x30, 0x00, 0x00, 0x00, 0x08, 0xff, 0xff, 0xff,
    0xff, 0xff, 0xff, 0xff, 0xff, 0xff, 0xff, 0xff,
    0xff, 0xff, 0xff, 0xf2, 0x00, 0x8f, 0xff, 0xff,
    0xff, 0xff, 0xff, 0xff, 0xff, 0xff, 0xff, 0xff,
    0xff, 0xff, 0xff, 0xff, 0x20, 0x08, 0xff, 0xff,
    0xff, 0xff, 0xff, 0xff, 0xff, 0xff, 0xff, 0xff,
    0xff, 0xff, 0xff, 0xff, 0xf2, 0x00, 0x8f, 0xff,
    0xff, 0xff, 0xff, 0xff, 0xff, 0xff, 0xff, 0xff,
    0xff, 0xff, 0xff, 0xff, 0xff, 0x30, 0x08, 0xff,
    0xff, 0xff, 0xff, 0xff, 0xff, 0xff, 0xff, 0xff,
    0xff, 0xff, 0xff, 0xff, 0xff, 0xf3, 0x00, 0x00,
    0x00, 0x00, 0x9f, 0xff, 0xf9, 0x00, 0x00, 0x00,
    0xaf, 0xff, 0xf8, 0x00, 0x00, 0x00, 0x00, 0x00,
    0x00, 0x00, 0x0b, 0xff, 0xff, 0x70, 0x00, 0x00,
    0x0c, 0xff, 0xff, 0x60, 0x00, 0x00, 0x00, 0x00,
    0x00, 0x00, 0x00, 0xdf, 0xff, 0xf5, 0x00, 0x00,
    0x00, 0xdf, 0xff, 0xf4, 0x00, 0x00, 0x00, 0x00,
    0x00, 0x00, 0x00, 0x0f, 0xff, 0xff, 0x40, 0x00,
    0x00, 0x0f, 0xff, 0xff, 0x20, 0x00, 0x00, 0x00,
    0x00, 0x00, 0x00, 0x00, 0xff, 0xff, 0xf2, 0x00,
    0x00, 0x01, 0xff, 0xff, 0xf0, 0x00, 0x00, 0x00,
    0x00, 0x00, 0x00, 0x00, 0x2f, 0xff, 0xff, 0x00,
    0x00, 0x00, 0x3f, 0xff, 0xff, 0x00, 0x00, 0x00,
    0x00, 0x00, 0x00, 0x00, 0x04, 0xff, 0xff, 0xe0,
    0x00, 0x00, 0x05, 0xff, 0xff, 0xd0, 0x00, 0x00,
    0x00, 0x00, 0x00, 0x00, 0x00, 0x6f, 0xff, 0xfc,
    0x00, 0x00, 0x00, 0x7f, 0xff, 0xfb, 0x00, 0x00,
    0x00, 0x00, 0x1f, 0xff, 0xff, 0xff, 0xff, 0xff,
    0xff, 0xff, 0xff, 0xff, 0xff, 0xff, 0xff, 0xff,
    0xff, 0xa0, 0x01, 0xff, 0xff, 0xff, 0xff, 0xff,
    0xff, 0xff, 0xff, 0xff, 0xff, 0xff, 0xff, 0xff,
    0xff, 0xfa, 0x00, 0x1f, 0xff, 0xff, 0xff, 0xff,
    0xff, 0xff, 0xff, 0xff, 0xff, 0xff, 0xff, 0xff,
    0xff, 0xff, 0xa0, 0x01, 0xff, 0xff, 0xff, 0xff,
    0xff, 0xff, 0xff, 0xff, 0xff, 0xff, 0xff, 0xff,
    0xff, 0xff, 0xfa, 0x00, 0x1f, 0xff, 0xff, 0xff,
    0xff, 0xff, 0xff, 0xff, 0xff, 0xff, 0xff, 0xff,
    0xff, 0xff, 0xff, 0xa0, 0x00, 0x00, 0x00, 0x01,
    0xff, 0xff, 0xf0, 0x00, 0x00, 0x03, 0xff, 0xff,
    0xf0, 0x00, 0x00, 0x00, 0x00, 0x00, 0x00, 0x00,
    0x3f, 0xff, 0xfe, 0x00, 0x00, 0x00, 0x5f, 0xff,
    0xfd, 0x00, 0x00, 0x00, 0x00, 0x00, 0x00, 0x00,
    0x06, 0xff, 0xff, 0xc0, 0x00, 0x00, 0x07, 0xff,
    0xff, 0xb0, 0x00, 0x00, 0x00, 0x00, 0x00, 0x00,
    0x00, 0x8f, 0xff, 0xfa, 0x00, 0x00, 0x00, 0x9f,
    0xff, 0xf9, 0x00, 0x00, 0x00, 0x00, 0x00, 0x00,
    0x00, 0x0a, 0xff, 0xff, 0x70, 0x00, 0x00, 0x0b,
    0xff, 0xff, 0x70, 0x00, 0x00, 0x00, 0x00, 0x00,
    0x00, 0x00, 0xcf, 0xff, 0xf5, 0x00, 0x00, 0x00,
    0xdf, 0xff, 0xf5, 0x00, 0x00, 0x00, 0x00, 0x00,
    0x00, 0x00, 0x0e, 0xff, 0xff, 0x30, 0x00, 0x00,
    0x0f, 0xff, 0xff, 0x30, 0x00, 0x00, 0x00, 0x00,

    /* U+0024 "$" */
    0x00, 0x00, 0x00, 0x00, 0x00, 0x05, 0xff, 0xff,
    0x40, 0x00, 0x00, 0x00, 0x00, 0x00, 0x00, 0x00,
    0x00, 0x00, 0x00, 0x05, 0xff, 0xff, 0x40, 0x00,
    0x00, 0x00, 0x00, 0x00, 0x00, 0x00, 0x00, 0x00,
    0x00, 0x05, 0xff, 0xff, 0x40, 0x00, 0x00, 0x00,
    0x00, 0x00, 0x00, 0x00, 0x00, 0x00, 0x00, 0x05,
    0xff, 0xff, 0x40, 0x00, 0x00, 0x00, 0x00, 0x00,
    0x00, 0x00, 0x00, 0x00, 0x00, 0x05, 0xff, 0xff,
    0x40, 0x00, 0x00, 0x00, 0x00, 0x00, 0x00, 0x00,
    0x00, 0x00, 0x02, 0x5a, 0xff, 0xff, 0x96, 0x52,
    0x00, 0x00, 0x00, 0x00, 0x00, 0x00, 0x00, 0x28,
    0xef, 0xff, 0xff, 0xff, 0xff, 0xff, 0xfb, 0x50,
    0x00, 0x00, 0x00, 0x00, 0x09, 0xff, 0xff, 0xff,
    0xff, 0xff, 0xff, 0xff, 0xff, 0xfe, 0x70, 0x00,
    0x00, 0x02, 0xdf, 0xff, 0xff, 0xff, 0xff, 0xff,
    0xff, 0xff, 0xff, 0xff, 0xf8, 0x00, 0x00, 0x1e,
    0xff, 0xff, 0xff, 0xff, 0xff, 0xff, 0xff, 0xff,
    0xff, 0xff, 0xf2, 0x00, 0x00, 0xbf, 0xff, 0xff,
    0xff, 0xff, 0xff, 0xff, 0xff, 0xff, 0xff, 0xff,
    0xb0, 0x00, 0x04, 0xff, 0xff, 0xff, 0xff, 0xeb,
    0xff, 0xff, 0x88, 0xcf, 0xff, 0xff, 0x40, 0x00,
    0x0a, 0xff, 0xff, 0xff, 0xf8, 0x05, 0xff, 0xff,
    0x40, 0x00, 0x6c, 0xfd, 0x00, 0x00, 0x0e, 0xff,
    0xff, 0xff, 0xb0, 0x05, 0xff, 0xff, 0x40, 0x00,
    0x00, 0x45, 0x00, 0x00, 0x0f, 0xff, 0xff, 0xff,
    0x60, 0x05, 0xff, 0xff, 0x40, 0x00, 0x00, 0x00,
    0x00, 0x00, 0x0f, 0xff, 0xff, 0xff, 0x70, 0x05,
    0xff, 0xff, 0x40, 0x00, 0x00, 0x00, 0x00, 0x00,
    0x0e, 0xff, 0xff, 0xff, 0xe2, 0x05, 0xff, 0xff,
    0x40, 0x00, 0x00, 0x00, 0x00, 0x00, 0x0c, 0xff,
    0xff, 0xff, 0xff, 0x87, 0xff, 0xff, 0x40, 0x00,
    0x00, 0x00, 0x00, 0x00, 0x06, 0xff, 0xff, 0xff,
    0xff, 0xff, 0xff, 0xff, 0x40, 0x00, 0x00, 0x00,
    0x00, 0x00, 0x00, 0xdf, 0xff, 0xff, 0xff, 0xff,
    0xff, 0xff, 0xe9, 0x51, 0x00, 0x00, 0x00, 0x00,
    0x00, 0x2f, 0xff, 0xff, 0xff, 0xff, 0xff, 0xff,
    0xff, 0xff, 0xc5, 0x00, 0x00, 0x00, 0x00, 0x02,
    0xdf, 0xff, 0xff, 0xff, 0xff, 0xff, 0xff, 0xff,
    0xff, 0xd5, 0x00, 0x00, 0x00, 0x00, 0x07, 0xef,
    0xff, 0xff, 0xff, 0xff, 0xff, 0xff, 0xff, 0xff,
    0x80, 0x00, 0x00, 0x00, 0x00, 0x05, 0xae, 0xff,
    0xff, 0xff, 0xff, 0xff, 0xff, 0xff, 0xf7, 0x00,
    0x00, 0x00, 0x00, 0x00, 0x00, 0x3a, 0xff, 0xff,
    0xff, 0xff, 0xff, 0xff, 0xff, 0x20, 0x00, 0x00,
    0x00, 0x00, 0x00, 0x05, 0xff, 0xff, 0xdf, 0xff,
    0xff, 0xff, 0xff, 0x90, 0x00, 0x00, 0x00, 0x00,
    0x00, 0x05, 0xff, 0xff, 0x43, 0xcf, 0xff, 0xff,
    0xff, 0xd0, 0x00, 0x00, 0x00, 0x00, 0x00, 0x05,
    0xff, 0xff, 0x40, 0x0c, 0xff, 0xff, 0xff, 0xf0,
    0x00, 0x00, 0x00, 0x00, 0x00, 0x05, 0xff, 0xff,
    0x40, 0x06, 0xff, 0xff, 0xff, 0xf0, 0x00, 0x7a,
    0x10, 0x00, 0x00, 0x05, 0xff, 0xff, 0x40, 0x07,
    0xff, 0xff, 0xff, 0xf0, 0x00, 0xef, 0xf8, 0x20,
    0x00, 0x05, 0xff, 0xff, 0x40, 0x1e, 0xff, 0xff,
    0xff, 0xc0, 0x05, 0xff, 0xff, 0xfc, 0x73, 0x05,
    0xff, 0xff, 0x56, 0xef, 0xff, 0xff, 0xff, 0x60,
    0x0d, 0xff, 0xff, 0xff, 0xff, 0xfe, 0xff, 0xff,
    0xff, 0xff, 0xff, 0xff, 0xfe, 0x00, 0x4f, 0xff,
    0xff, 0xff, 0xff, 0xff, 0xff, 0xff, 0xff, 0xff,
    0xff, 0xff, 0xf4, 0x00, 0x7f, 0xff, 0xff, 0xff,
    0xff, 0xff, 0xff, 0xff, 0xff, 0xff, 0xff, 0xff,
    0x60, 0x00, 0x04, 0xdf, 0xff, 0xff, 0xff, 0xff,
    0xff, 0xff, 0xff, 0xff, 0xff, 0xe4, 0x00, 0x00,
    0x00, 0x05, 0xbf, 0xff, 0xff, 0xff, 0xff, 0xff,
    0xff, 0xff, 0xe8, 0x10, 0x00, 0x00, 0x00, 0x00,
    0x01, 0x48, 0xcd, 0xef, 0xff, 0xff, 0xec, 0x94,
    0x00, 0x00, 0x00, 0x00, 0x00, 0x00, 0x00, 0x00,
    0x00, 0x05, 0xff, 0xff, 0x40, 0x00, 0x00, 0x00,
    0x00, 0x00, 0x00, 0x00, 0x00, 0x00, 0x00, 0x05,
    0xff, 0xff, 0x40, 0x00, 0x00, 0x00, 0x00, 0x00,
    0x00, 0x00, 0x00, 0x00, 0x00, 0x05, 0xff, 0xff,
    0x40, 0x00, 0x00, 0x00, 0x00, 0x00, 0x00, 0x00,
    0x00, 0x00, 0x00, 0x05, 0xff, 0xff, 0x40, 0x00,
    0x00, 0x00, 0x00, 0x00, 0x00, 0x00, 0x00, 0x00,
    0x00, 0x05, 0xff, 0xff, 0x40, 0x00, 0x00, 0x00,
    0x00, 0x00, 0x00, 0x00, 0x00, 0x00, 0x00, 0x00,
    0x11, 0x11, 0x00, 0x00, 0x00, 0x00, 0x00, 0x00,

    /* U+0025 "%" */
    0x00, 0x00, 0x00, 0x56, 0x76, 0x20, 0x00, 0x00,
    0x00, 0x00, 0x00, 0x00, 0x00, 0x00, 0x00, 0x00,
    0x00, 0x00, 0x00, 0x00, 0x00, 0x19, 0xff, 0xff,
    0xff, 0xd5, 0x00, 0x00, 0x00, 0x00, 0x00, 0x00,
    0x00, 0xdf, 0xff, 0xf8, 0x00, 0x00, 0x00, 0x00,
    0x3e, 0xff, 0xff, 0xff, 0xff, 0xf8, 0x00, 0x00,
    0x00, 0x00, 0x00, 0x00, 0x9f, 0xff, 0xfd, 0x00,
    0x00, 0x00, 0x00, 0x1e, 0xff, 0xff, 0xff, 0xff,
    0xff, 0xf7, 0x00, 0x00, 0x00, 0x00, 0x00, 0x4f,
    0xff, 0xff, 0x30, 0x00, 0x00, 0x00, 0x0a, 0xff,
    0xff, 0xc5, 0x48, 0xff, 0xff, 0xf2, 0x00, 0x00,
    0x00, 0x00, 0x1e, 0xff, 0xff, 0x70, 0x00, 0x00,
    0x00, 0x02, 0xff, 0xff, 0xc0, 0x00, 0x05, 0xff,
    0xff, 0x90, 0x00, 0x00, 0x00, 0x0a, 0xff, 0xff,
    0xc0, 0x00, 0x00, 0x00, 0x00, 0x6f, 0xff, 0xf4,
    0x00, 0x00, 0x0c, 0xff, 0xfd, 0x00, 0x00, 0x00,
    0x05, 0xff, 0xff, 0xf2, 0x00, 0x00, 0x00, 0x00,
    0x0a, 0xff, 0xff, 0x00, 0x00, 0x00, 0x8f, 0xff,
    0xf1, 0x00, 0x00, 0x01, 0xef, 0xff, 0xf6, 0x00,
    0x00, 0x00, 0x00, 0x00, 0xbf, 0xff, 0xe0, 0x00,
    0x00, 0x06, 0xff, 0xff, 0x20, 0x00, 0x00, 0xbf,
    0xff, 0xfb, 0x00, 0x00, 0x00, 0x00, 0x00, 0x0b,
    0xff, 0xfe, 0x00, 0x00, 0x00, 0x6f, 0xff, 0xf2,
    0x00, 0x00, 0x6f, 0xff, 0xff, 0x10, 0x00, 0x00,
    0x00, 0x00, 0x00, 0xaf, 0xff, 0xf0, 0x00, 0x00,
    0x07, 0xff, 0xff, 0x10, 0x00, 0x2f, 0xff, 0xff,
    0x50, 0x00, 0x00, 0x00, 0x00, 0x00, 0x08, 0xff,
    0xff, 0x20, 0x00, 0x00, 0xaf, 0xff, 0xf0, 0x00,
    0x0c, 0xff, 0xff, 0xa0, 0x00, 0x00, 0x00, 0x00,
    0x00, 0x00, 0x4f, 0xff, 0xf8, 0x00, 0x00, 0x1f,
    0xff, 0xfb, 0x00, 0x07, 0xff, 0xff, 0xe1, 0x00,
    0x00, 0x00, 0x00, 0x00, 0x00, 0x00, 0xef, 0xff,
    0xf5, 0x00, 0x1b, 0xff, 0xff, 0x50, 0x03, 0xff,
    0xff, 0xf4, 0x00, 0x00, 0x00, 0x00, 0x00, 0x00,
    0x00, 0x06, 0xff, 0xff, 0xfd, 0xcf, 0xff, 0xff,
    0xc0, 0x00, 0xdf, 0xff, 0xf9, 0x00, 0x00, 0x00,
    0x00, 0x00, 0x00, 0x00, 0x00, 0x09, 0xff, 0xff,
    0xff, 0xff, 0xff, 0xe2, 0x00, 0x8f, 0xff, 0xfe,
    0x00, 0x00, 0x59, 0xbb, 0x96, 0x10, 0x00, 0x00,
    0x00, 0x08, 0xff, 0xff, 0xff, 0xff, 0xc2, 0x00,
    0x3f, 0xff, 0xff, 0x40, 0x04, 0xef, 0xff, 0xff,
    0xff, 0x70, 0x00, 0x00, 0x00, 0x02, 0x8d, 0xff,
    0xea, 0x50, 0x00, 0x0d, 0xff, 0xff, 0x80, 0x06,
    0xff, 0xff, 0xff, 0xff, 0xff, 0xa0, 0x00, 0x00,
    0x00, 0x00, 0x00, 0x00, 0x00, 0x00, 0x09, 0xff,
    0xff, 0xd0, 0x04, 0xff, 0xff, 0xff, 0xff, 0xff,
    0xff, 0x70, 0x00, 0x00, 0x00, 0x00, 0x00, 0x00,
    0x00, 0x04, 0xff, 0xff, 0xf3, 0x00, 0xdf, 0xff,
    0xf8, 0x10, 0x6f, 0xff, 0xff, 0x10, 0x00, 0x00,
    0x00, 0x00, 0x00, 0x00, 0x01, 0xef, 0xff, 0xf7,
    0x00, 0x4f, 0xff, 0xf8, 0x00, 0x00, 0x5f, 0xff,
    0xf8, 0x00, 0x00, 0x00, 0x00, 0x00, 0x00, 0x00,
    0xaf, 0xff, 0xfc, 0x00, 0x08, 0xff, 0xff, 0x10,
    0x00, 0x00, 0xef, 0xff, 0xc0, 0x00, 0x00, 0x00,
    0x00, 0x00, 0x00, 0x5f, 0xff, 0xff, 0x20, 0x00,
    0xbf, 0xff, 0xd0, 0x00, 0x00, 0x0a, 0xff, 0xff,
    0x00, 0x00, 0x00, 0x00, 0x00, 0x00, 0x1e, 0xff,
    0xff, 0x60, 0x00, 0x0d, 0xff, 0xfc, 0x00, 0x00,
    0x00, 0x9f, 0xff, 0xf0, 0x00, 0x00, 0x00, 0x00,
    0x00, 0x0b, 0xff, 0xff, 0xb0, 0x00, 0x00, 0xdf,
    0xff, 0xc0, 0x00, 0x00, 0x09, 0xff, 0xff, 0x10,
    0x00, 0x00, 0x00, 0x00, 0x06, 0xff, 0xff, 0xf1,
    0x00, 0x00, 0x0c, 0xff, 0xfd, 0x00, 0x00, 0x00,
    0xaf, 0xff, 0xf0, 0x00, 0x00, 0x00, 0x00, 0x02,
    0xff, 0xff, 0xf5, 0x00, 0x00, 0x00, 0x9f, 0xff,
    0xf0, 0x00, 0x00, 0x0d, 0xff, 0xfd, 0x00, 0x00,
    0x00, 0x00, 0x00, 0xcf, 0xff, 0xfa, 0x00, 0x00,
    0x00, 0x05, 0xff, 0xff, 0x60, 0x00, 0x03, 0xff,
    0xff, 0x90, 0x00, 0x00, 0x00, 0x00, 0x7f, 0xff,
    0xfe, 0x10, 0x00, 0x00, 0x00, 0x0f, 0xff, 0xff,
    0x40, 0x02, 0xdf, 0xff, 0xf3, 0x00, 0x00, 0x00,
    0x00, 0x2f, 0xff, 0xff, 0x40, 0x00, 0x00, 0x00,
    0x00, 0x7f, 0xff, 0xff, 0xdc, 0xff, 0xff, 0xfb,
    0x00, 0x00, 0x00, 0x00, 0x0d, 0xff, 0xff, 0x90,
    0x00, 0x00, 0x00, 0x00, 0x00, 0xbf, 0xff, 0xff,
    0xff, 0xff, 0xfd, 0x10, 0x00, 0x00, 0x00, 0x08,
    0xff, 0xff, 0xe0, 0x00, 0x00, 0x00, 0x00, 0x00,
    0x00, 0x9f, 0xff, 0xff, 0xff, 0xfb, 0x10, 0x00,
    0x00, 0x00, 0x03, 0xff, 0xff, 0xf4, 0x00, 0x00,
    0x00, 0x00, 0x00, 0x00, 0x00, 0x39, 0xdf, 0xfd,
    0xa4, 0x00, 0x00, 0x00,

    /* U+0026 "&" */
    0x00, 0x00, 0x00, 0x00, 0x00, 0x03, 0x56, 0x76,
    0x52, 0x00, 0x00, 0x00, 0x00, 0x00, 0x00, 0x00,
    0x00, 0x00, 0x00, 0x00, 0x29, 0xef, 0xff, 0xff,
    0xff, 0xe7, 0x00, 0x00, 0x00, 0x00, 0x00, 0x00,
    0x00, 0x00, 0x00, 0x08, 0xff, 0xff, 0xff, 0xff,
    0xff, 0xff, 0xe3, 0x00, 0x00, 0x00, 0x00, 0x00,
    0x00, 0x00, 0x00, 0xaf, 0xff, 0xff, 0xff, 0xff,
    0xff, 0xff, 0xff, 0x30, 0x00, 0x00, 0x00, 0x00,
    0x00, 0x00, 0x07, 0xff, 0xff, 0xff, 0xff, 0xff,
    0xff, 0xff, 0xff, 0xd0, 0x00, 0x00, 0x00, 0x00,
    0x00, 0x00, 0x0f, 0xff, 0xff, 0xff, 0xc7, 0x67,
    0xef, 0xff, 0xff, 0xf4, 0x00, 0x00, 0x00, 0x00,
    0x00, 0x00, 0x5f, 0xff, 0xff, 0xfa, 0x00, 0x00,
    0x0d, 0xff, 0xff, 0xf8, 0x00, 0x00, 0x00, 0x00,
    0x00, 0x00, 0x8f, 0xff, 0xff, 0xf1, 0x00, 0x00,
    0x07, 0xff, 0xff, 0xfa, 0x00, 0x00, 0x00, 0x00,
    0x00, 0x00, 0x8f, 0xff, 0xff, 0xf0, 0x00, 0x00,
    0x07, 0xff, 0xff, 0xfa, 0x00, 0x00, 0x00, 0x00,
    0x00, 0x00, 0x7f, 0xff, 0xff, 0xf3, 0x00, 0x00,
    0x0d, 0xff, 0xff, 0xf7, 0x00, 0x00, 0x00, 0x00,
    0x00, 0x00, 0x3f, 0xff, 0xff, 0xfc, 0x00, 0x00,
    0xaf, 0xff, 0xff, 0xf3, 0x00, 0x00, 0x00, 0x00,
    0x00, 0x00, 0x0d, 0xff, 0xff, 0xff, 0xa0, 0x3d,
    0xff, 0xff, 0xff, 0xb0, 0x00, 0x00, 0x00, 0x00,
    0x00, 0x00, 0x05, 0xff, 0xff, 0xff, 0xfd, 0xff,
    0xff, 0xff, 0xfd, 0x10, 0x00, 0x00, 0x00, 0x00,
    0x00, 0x00, 0x00, 0xaf, 0xff, 0xff, 0xff, 0xff,
    0xff, 0xff, 0xd2, 0x00, 0x00, 0x00, 0x00, 0x00,
    0x00, 0x00, 0x00, 0x0c, 0xff, 0xff, 0xff, 0xff,
    0xff, 0xfa, 0x10, 0x00, 0x00, 0x00, 0x00, 0x00,
    0x00, 0x00, 0x00, 0x1b, 0xff, 0xff, 0xff, 0xff,
    0xfe, 0x50, 0x00, 0x00, 0x00, 0x00, 0x00, 0x00,
    0x00, 0x00, 0x06, 0xff, 0xff, 0xff, 0xff, 0xff,
    0xfc, 0x10, 0x00, 0x00, 0x16, 0x10, 0x00, 0x00,
    0x00, 0x00, 0xaf, 0xff, 0xff, 0xff, 0xff, 0xff,
    0xff, 0xd2, 0x00, 0x00, 0x6f, 0xfc, 0x72, 0x00,
    0x00, 0x0c, 0xff, 0xff, 0xff, 0xff, 0xff, 0xff,
    0xff, 0xfe, 0x20, 0x00, 0x9f, 0xff, 0xff, 0x70,
    0x00, 0xaf, 0xff, 0xff, 0xff, 0x90, 0x8f, 0xff,
    0xff, 0xff, 0xe3, 0x00, 0xef, 0xff, 0xff, 0x50,
    0x04, 0xff, 0xff, 0xff, 0xf5, 0x00, 0x07, 0xff,
    0xff, 0xff, 0xff, 0x45, 0xff, 0xff, 0xff, 0x10,
    0x0c, 0xff, 0xff, 0xff, 0x70, 0x00, 0x00, 0x6f,
    0xff, 0xff, 0xff, 0xfe, 0xff, 0xff, 0xfb, 0x00,
    0x1f, 0xff, 0xff, 0xfe, 0x00, 0x00, 0x00, 0x05,
    0xff, 0xff, 0xff, 0xff, 0xff, 0xff, 0xf5, 0x00,
    0x4f, 0xff, 0xff, 0xfc, 0x00, 0x00, 0x00, 0x00,
    0x4f, 0xff, 0xff, 0xff, 0xff, 0xff, 0xd0, 0x00,
    0x5f, 0xff, 0xff, 0xfc, 0x00, 0x00, 0x00, 0x00,
    0x03, 0xff, 0xff, 0xff, 0xff, 0xff, 0x50, 0x00,
    0x4f, 0xff, 0xff, 0xff, 0x10, 0x00, 0x00, 0x00,
    0x00, 0x3e, 0xff, 0xff, 0xff, 0xfe, 0x00, 0x00,
    0x1f, 0xff, 0xff, 0xff, 0xc1, 0x00, 0x00, 0x00,
    0x00, 0x6e, 0xff, 0xff, 0xff, 0xff, 0xb0, 0x00,
    0x0c, 0xff, 0xff, 0xff, 0xff, 0x84, 0x21, 0x24,
    0x8e, 0xff, 0xff, 0xff, 0xff, 0xff, 0xfc, 0x10,
    0x04, 0xff, 0xff, 0xff, 0xff, 0xff, 0xff, 0xff,
    0xff, 0xff, 0xff, 0xff, 0xff, 0xff, 0xff, 0xd1,
    0x00, 0x8f, 0xff, 0xff, 0xff, 0xff, 0xff, 0xff,
    0xff, 0xff, 0xff, 0xff, 0xff, 0xff, 0xff, 0xe1,
    0x00, 0x08, 0xff, 0xff, 0xff, 0xff, 0xff, 0xff,
    0xff, 0xff, 0xff, 0xb2, 0xaf, 0xff, 0xff, 0x30,
    0x00, 0x00, 0x3d, 0xff, 0xff, 0xff, 0xff, 0xff,
    0xff, 0xff, 0xd6, 0x00, 0x09, 0xff, 0xf4, 0x00,
    0x00, 0x00, 0x00, 0x4a, 0xff, 0xff, 0xff, 0xff,
    0xfe, 0xa4, 0x00, 0x00, 0x00, 0x8f, 0x60, 0x00,
    0x00, 0x00, 0x00, 0x00, 0x03, 0x57, 0x77, 0x64,
    0x20, 0x00, 0x00, 0x00, 0x00, 0x03, 0x00, 0x00,

    /* U+0027 "'" */
    0xbf, 0xff, 0xff, 0x5b, 0xff, 0xff, 0xf5, 0xaf,
    0xff, 0xff, 0x4a, 0xff, 0xff, 0xf3, 0x9f, 0xff,
    0xff, 0x38, 0xff, 0xff, 0xf2, 0x8f, 0xff, 0xff,
    0x17, 0xff, 0xff, 0xf1, 0x7f, 0xff, 0xff, 0x06,
    0xff, 0xff, 0xf0, 0x5f, 0xff, 0xff, 0x05, 0xff,
    0xff, 0xe0, 0x4f, 0xff, 0xfe, 0x00, 0x00, 0x00,
    0x00,

    /* U+0028 "(" */
    0x00, 0x00, 0x02, 0xde, 0xee, 0xee, 0xa0, 0x00,
    0x00, 0xbf, 0xff, 0xff, 0xf3, 0x00, 0x00, 0x4f,
    0xff, 0xff, 0xfb, 0x00, 0x00, 0x0c, 0xff, 0xff,
    0xff, 0x30, 0x00, 0x04, 0xff, 0xff, 0xff, 0xc0,
    0x00, 0x00, 0xbf, 0xff, 0xff, 0xf5, 0x00, 0x00,
    0x1f, 0xff, 0xff, 0xff, 0x00, 0x00, 0x07, 0xff,
    0xff, 0xff, 0x90, 0x00, 0x00, 0xcf, 0xff, 0xff,
    0xf4, 0x00, 0x00, 0x1f, 0xff, 0xff, 0xff, 0x00,
    0x00, 0x05, 0xff, 0xff, 0xff, 0xb0, 0x00, 0x00,
    0x9f, 0xff, 0xff, 0xf7, 0x00, 0x00, 0x0c, 0xff,
    0xff, 0xff, 0x40, 0x00, 0x00, 0xff, 0xff, 0xff,
    0xf1, 0x00, 0x00, 0x1f, 0xff, 0xff, 0xfe, 0x00,
    0x00, 0x04, 0xff, 0xff, 0xff, 0xc0, 0x00, 0x00,
    0x5f, 0xff, 0xff, 0xfa, 0x00, 0x00, 0x07, 0xff,
    0xff, 0xff, 0x90, 0x00, 0x00, 0x8f, 0xff, 0xff,
    0xf7, 0x00, 0x00, 0x09, 0xff, 0xff, 0xff, 0x70,
    0x00, 0x00, 0x9f, 0xff, 0xff, 0xf6, 0x00, 0x00,
    0x0a, 0xff, 0xff, 0xff, 0x60, 0x00, 0x00, 0x9f,
    0xff, 0xff, 0xf6, 0x00, 0x00, 0x09, 0xff, 0xff,
    0xff, 0x70, 0x00, 0x00, 0x8f, 0xff, 0xff, 0xf7,
    0x00, 0x00, 0x07, 0xff, 0xff, 0xff, 0x90, 0x00,
    0x00, 0x6f, 0xff, 0xff, 0xfa, 0x00, 0x00, 0x04,
    0xff, 0xff, 0xff, 0xc0, 0x00, 0x00, 0x2f, 0xff,
    0xff, 0xfe, 0x00, 0x00, 0x00, 0xff, 0xff, 0xff,
    0xf1, 0x00, 0x00, 0x0d, 0xff, 0xff, 0xff, 0x40,
    0x00, 0x00, 0x9f, 0xff, 0xff, 0xf7, 0x00, 0x00,
    0x05, 0xff, 0xff, 0xff, 0xb0, 0x00, 0x00, 0x1f,
    0xff, 0xff, 0xff, 0x00, 0x00, 0x00, 0xcf, 0xff,
    0xff, 0xf4, 0x00, 0x00, 0x07, 0xff, 0xff, 0xff,
    0x90, 0x00, 0x00, 0x2f, 0xff, 0xff, 0xfe, 0x00,
    0x00, 0x00, 0xcf, 0xff, 0xff, 0xf5, 0x00, 0x00,
    0x05, 0xff, 0xff, 0xff, 0xb0, 0x00, 0x00, 0x0d,
    0xff, 0xff, 0xff, 0x30, 0x00, 0x00, 0x5f, 0xff,
    0xff, 0xfa, 0x00, 0x00, 0x00, 0xcf, 0xff, 0xff,
    0xf2, 0x00, 0x00, 0x03, 0xff, 0xff, 0xff, 0xb0,

    /* U+0029 ")" */
    0x4e, 0xee, 0xee, 0xe8, 0x00, 0x00, 0x00, 0x0d,
    0xff, 0xff, 0xff, 0x20, 0x00, 0x00, 0x04, 0xff,
    0xff, 0xff, 0xb0, 0x00, 0x00, 0x00, 0xdf, 0xff,
    0xff, 0xf3, 0x00, 0x00, 0x00, 0x5f, 0xff, 0xff,
    0xfb, 0x00, 0x00, 0x00, 0x0e, 0xff, 0xff, 0xff,
    0x20, 0x00, 0x00, 0x09, 0xff, 0xff, 0xff, 0x80,
    0x00, 0x00, 0x03, 0xff, 0xff, 0xff, 0xe0, 0x00,
    0x00, 0x00, 0xdf, 0xff, 0xff, 0xf3, 0x00, 0x00,
    0x00, 0x9f, 0xff, 0xff, 0xf8, 0x00, 0x00, 0x00,
    0x4f, 0xff, 0xff, 0xfc, 0x00, 0x00, 0x00, 0x1f,
    0xff, 0xff, 0xff, 0x00, 0x00, 0x00, 0x0d, 0xff,
    0xff, 0xff, 0x30, 0x00, 0x00, 0x0a, 0xff, 0xff,
    0xff, 0x60, 0x00, 0x00, 0x07, 0xff, 0xff, 0xff,
    0x90, 0x00, 0x00, 0x05, 0xff, 0xff, 0xff, 0xb0,
    0x00, 0x00, 0x03, 0xff, 0xff, 0xff, 0xd0, 0x00,
    0x00, 0x01, 0xff, 0xff, 0xff, 0xe0, 0x00, 0x00,
    0x00, 0xff, 0xff, 0xff, 0xf0, 0x00, 0x00, 0x00,
    0xff, 0xff, 0xff, 0xf0, 0x00, 0x00, 0x00, 0xff,
    0xff, 0xff, 0xf1, 0x00, 0x00, 0x00, 0xef, 0xff,
    0xff, 0xf1, 0x00, 0x00, 0x00, 0xff, 0xff, 0xff,
    0xf1, 0x00, 0x00, 0x00, 0xff, 0xff, 0xff, 0xf0,
    0x00, 0x00, 0x00, 0xff, 0xff, 0xff, 0xf0, 0x00,
    0x00, 0x01, 0xff, 0xff, 0xff, 0xf0, 0x00, 0x00,
    0x03, 0xff, 0xff, 0xff, 0xd0, 0x00, 0x00, 0x04,
    0xff, 0xff, 0xff, 0xb0, 0x00, 0x00, 0x07, 0xff,
    0xff, 0xff, 0x90, 0x00, 0x00, 0x09, 0xff, 0xff,
    0xff, 0x70, 0x00, 0x00, 0x0c, 0xff, 0xff, 0xff,
    0x40, 0x00, 0x00, 0x0f, 0xff, 0xff, 0xff, 0x00,
    0x00, 0x00, 0x4f, 0xff, 0xff, 0xfd, 0x00, 0x00,
    0x00, 0x8f, 0xff, 0xff, 0xf9, 0x00, 0x00, 0x00,
    0xdf, 0xff, 0xff, 0xf4, 0x00, 0x00, 0x02, 0xff,
    0xff, 0xff, 0xe0, 0x00, 0x00, 0x08, 0xff, 0xff,
    0xff, 0x90, 0x00, 0x00, 0x0e, 0xff, 0xff, 0xff,
    0x30, 0x00, 0x00, 0x5f, 0xff, 0xff, 0xfc, 0x00,
    0x00, 0x00, 0xcf, 0xff, 0xff, 0xf4, 0x00, 0x00,
    0x03, 0xff, 0xff, 0xff, 0xc0, 0x00, 0x00, 0x0c,
    0xff, 0xff, 0xff, 0x30, 0x00, 0x00, 0x4f, 0xff,
    0xff, 0xf9, 0x00, 0x00, 0x00,

    /* U+002A "*" */
    0x00, 0x00, 0x00, 0x00, 0x11, 0x11, 0x00, 0x00,
    0x00, 0x00, 0x00, 0x00, 0x00, 0x02, 0xff, 0xff,
    0x20, 0x00, 0x00, 0x00, 0x00, 0x00, 0x00, 0x02,
    0xff, 0xff, 0x10, 0x00, 0x00, 0x00, 0x00, 0x22,
    0x00, 0x02, 0xff, 0xff, 0x10, 0x00, 0x22, 0x00,
    0x00, 0xcf, 0x80, 0x02, 0xff, 0xff, 0x10, 0x09,
    0xfb, 0x00, 0x06, 0xff, 0xfe, 0x52, 0xff, 0xff,
    0x15, 0xef, 0xff, 0x50, 0x0e, 0xff, 0xff, 0xfc,
    0xff, 0xff, 0xcf, 0xff, 0xff, 0xe0, 0x1b, 0xff,
    0xff, 0xff, 0xff, 0xff, 0xff, 0xff, 0xff, 0xb1,
    0x00, 0x4c, 0xff, 0xff, 0xff, 0xff, 0xff, 0xff,
    0xc4, 0x00, 0x00, 0x00, 0x5e, 0xff, 0xff, 0xff,
    0xff, 0xd5, 0x00, 0x00, 0x00, 0x00, 0x6e, 0xff,
    0xff, 0xff, 0xff, 0xe6, 0x00, 0x00, 0x00, 0x5d,
    0xff, 0xff, 0xff, 0xff, 0xff, 0xff, 0xd5, 0x00,
    0x2c, 0xff, 0xff, 0xff, 0xff, 0xff, 0xff, 0xff,
    0xff, 0xc1, 0x0e, 0xff, 0xff, 0xfb, 0xff, 0xff,
    0xbf, 0xff, 0xff, 0xd0, 0x05, 0xff, 0xfc, 0x32,
    0xff, 0xff, 0x14, 0xdf, 0xff, 0x40, 0x00, 0xbe,
    0x60, 0x02, 0xff, 0xff, 0x10, 0x07, 0xfa, 0x00,
    0x00, 0x21, 0x00, 0x02, 0xff, 0xff, 0x10, 0x00,
    0x11, 0x00, 0x00, 0x00, 0x00, 0x02, 0xff, 0xff,
    0x10, 0x00, 0x00, 0x00, 0x00, 0x00, 0x00, 0x02,
    0xff, 0xff, 0x20, 0x00, 0x00, 0x00,

    /* U+002B "+" */
    0x00, 0x00, 0x00, 0x00, 0x02, 0x22, 0x22, 0x10,
    0x00, 0x00, 0x00, 0x00, 0x00, 0x00, 0x00, 0x03,
    0xff, 0xff, 0xfc, 0x00, 0x00, 0x00, 0x00, 0x00,
    0x00, 0x00, 0x00, 0x3f, 0xff, 0xff, 0xc0, 0x00,
    0x00, 0x00, 0x00, 0x00, 0x00, 0x00, 0x03, 0xff,
    0xff, 0xfc, 0x00, 0x00, 0x00, 0x00, 0x00, 0x00,
    0x00, 0x00, 0x3f, 0xff, 0xff, 0xc0, 0x00, 0x00,
    0x00, 0x00, 0x00, 0x00, 0x00, 0x03, 0xff, 0xff,
    0xfc, 0x00, 0x00, 0x00, 0x00, 0x00, 0x00, 0x00,
    0x00, 0x3f, 0xff, 0xff, 0xc0, 0x00, 0x00, 0x00,
    0x00, 0x00, 0x00, 0x00, 0x03, 0xff, 0xff, 0xfc,
    0x00, 0x00, 0x00, 0x00, 0x19, 0x99, 0x99, 0x99,
    0xaf, 0xff, 0xff, 0xe9, 0x99, 0x99, 0x99, 0x72,
    0xff, 0xff, 0xff, 0xff, 0xff, 0xff, 0xff, 0xff,
    0xff, 0xff, 0xfc, 0x2f, 0xff, 0xff, 0xff, 0xff,
    0xff, 0xff, 0xff, 0xff, 0xff, 0xff, 0xc2, 0xff,
    0xff, 0xff, 0xff, 0xff, 0xff, 0xff, 0xff, 0xff,
    0xff, 0xfc, 0x2f, 0xff, 0xff, 0xff, 0xff, 0xff,
    0xff, 0xff, 0xff, 0xff, 0xff, 0xc2, 0xff, 0xff,
    0xff, 0xff, 0xff, 0xff, 0xff, 0xff, 0xff, 0xff,
    0xfc, 0x00, 0x00, 0x00, 0x00, 0x3f, 0xff, 0xff,
    0xc0, 0x00, 0x00, 0x00, 0x00, 0x00, 0x00, 0x00,
    0x03, 0xff, 0xff, 0xfc, 0x00, 0x00, 0x00, 0x00,
    0x00, 0x00, 0x00, 0x00, 0x3f, 0xff, 0xff, 0xc0,
    0x00, 0x00, 0x00, 0x00, 0x00, 0x00, 0x00, 0x03,
    0xff, 0xff, 0xfc, 0x00, 0x00, 0x00, 0x00, 0x00,
    0x00, 0x00, 0x00, 0x3f, 0xff, 0xff, 0xc0, 0x00,
    0x00, 0x00, 0x00, 0x00, 0x00, 0x00, 0x03, 0xff,
    0xff, 0xfc, 0x00, 0x00, 0x00, 0x00, 0x00, 0x00,
    0x00, 0x00, 0x3f, 0xff, 0xff, 0xc0, 0x00, 0x00,
    0x00, 0x00, 0x00, 0x00, 0x00, 0x03, 0xff, 0xff,
    0xfc, 0x00, 0x00, 0x00, 0x00,

    /* U+002C "," */
    0x00, 0x04, 0x88, 0x50, 0x00, 0x01, 0xcf, 0xff,
    0xfd, 0x20, 0x0c, 0xff, 0xff, 0xff, 0xd0, 0x3f,
    0xff, 0xff, 0xff, 0xf4, 0x5f, 0xff, 0xff, 0xff,
    0xf7, 0x4f, 0xff, 0xff, 0xff, 0xf6, 0x1f, 0xff,
    0xff, 0xff, 0xf4, 0x08, 0xff, 0xff, 0xff, 0xf0,
    0x00, 0x6f, 0xff, 0xff, 0x90, 0x00, 0x2f, 0xff,
    0xff, 0x30, 0x00, 0x6f, 0xff, 0xfd, 0x00, 0x00,
    0xbf, 0xff, 0xf6, 0x00, 0x00, 0xff, 0xff, 0xf0,
    0x00, 0x04, 0xff, 0xff, 0x90, 0x00, 0x08, 0xff,
    0xff, 0x30, 0x00, 0x0c, 0xff, 0xfd, 0x00, 0x00,

    /* U+002D "-" */
    0x7b, 0xbb, 0xbb, 0xbb, 0xbb, 0xbb, 0xb4, 0x9f,
    0xff, 0xff, 0xff, 0xff, 0xff, 0xf6, 0x9f, 0xff,
    0xff, 0xff, 0xff, 0xff, 0xf6, 0x9f, 0xff, 0xff,
    0xff, 0xff, 0xff, 0xf6, 0x9f, 0xff, 0xff, 0xff,
    0xff, 0xff, 0xf6, 0x9f, 0xff, 0xff, 0xff, 0xff,
    0xff, 0xf6,

    /* U+002E "." */
    0x00, 0x29, 0xdd, 0xa2, 0x00, 0x04, 0xff, 0xff,
    0xff, 0x50, 0x0e, 0xff, 0xff, 0xff, 0xf1, 0x5f,
    0xff, 0xff, 0xff, 0xf5, 0x6f, 0xff, 0xff, 0xff,
    0xf7, 0x5f, 0xff, 0xff, 0xff, 0xf5, 0x0f, 0xff,
    0xff, 0xff, 0xf1, 0x05, 0xff, 0xff, 0xff, 0x60,
    0x00, 0x3b, 0xff, 0xc4, 0x00,

    /* U+002F "/" */
    0x00, 0x00, 0x00, 0x00, 0x00, 0x00, 0x00, 0x08,
    0xff, 0xff, 0xfe, 0x00, 0x00, 0x00, 0x00, 0x00,
    0x00, 0x00, 0x00, 0xdf, 0xff, 0xff, 0x80, 0x00,
    0x00, 0x00, 0x00, 0x00, 0x00, 0x00, 0x3f, 0xff,
    0xff, 0xf2, 0x00, 0x00, 0x00, 0x00, 0x00, 0x00,
    0x00, 0x09, 0xff, 0xff, 0xfd, 0x00, 0x00, 0x00,
    0x00, 0x00, 0x00, 0x00, 0x00, 0xef, 0xff, 0xff,
    0x70, 0x00, 0x00, 0x00, 0x00, 0x00, 0x00, 0x00,
    0x4f, 0xff, 0xff, 0xf1, 0x00, 0x00, 0x00, 0x00,
    0x00, 0x00, 0x00, 0x0a, 0xff, 0xff, 0xfc, 0x00,
    0x00, 0x00, 0x00, 0x00, 0x00, 0x00, 0x00, 0xff,
    0xff, 0xff, 0x60, 0x00, 0x00, 0x00, 0x00, 0x00,
    0x00, 0x00, 0x5f, 0xff, 0xff, 0xf1, 0x00, 0x00,
    0x00, 0x00, 0x00, 0x00, 0x00, 0x0b, 0xff, 0xff,
    0xfb, 0x00, 0x00, 0x00, 0x00, 0x00, 0x00, 0x00,
    0x01, 0xff, 0xff, 0xff, 0x50, 0x00, 0x00, 0x00,
    0x00, 0x00, 0x00, 0x00, 0x6f, 0xff, 0xff, 0xf0,
    0x00, 0x00, 0x00, 0x00, 0x00, 0x00, 0x00, 0x0c,
    0xff, 0xff, 0xfa, 0x00, 0x00, 0x00, 0x00, 0x00,
    0x00, 0x00, 0x01, 0xff, 0xff, 0xff, 0x40, 0x00,
    0x00, 0x00, 0x00, 0x00, 0x00, 0x00, 0x7f, 0xff,
    0xff, 0xe0, 0x00, 0x00, 0x00, 0x00, 0x00, 0x00,
    0x00, 0x0d, 0xff, 0xff, 0xf9, 0x00, 0x00, 0x00,
    0x00, 0x00, 0x00, 0x00, 0x02, 0xff, 0xff, 0xff,
    0x30, 0x00, 0x00, 0x00, 0x00, 0x00, 0x00, 0x00,
    0x8f, 0xff, 0xff, 0xe0, 0x00, 0x00, 0x00, 0x00,
    0x00, 0x00, 0x00, 0x0d, 0xff, 0xff, 0xf8, 0x00,
    0x00, 0x00, 0x00, 0x00, 0x00, 0x00, 0x03, 0xff,
    0xff, 0xff, 0x20, 0x00, 0x00, 0x00, 0x00, 0x00,
    0x00, 0x00, 0x9f, 0xff, 0xff, 0xd0, 0x00, 0x00,
    0x00, 0x00, 0x00, 0x00, 0x00, 0x0e, 0xff, 0xff,
    0xf7, 0x00, 0x00, 0x00, 0x00, 0x00, 0x00, 0x00,
    0x04, 0xff, 0xff, 0xff, 0x10, 0x00, 0x00, 0x00,
    0x00, 0x00, 0x00, 0x00, 0xaf, 0xff, 0xff, 0xc0,
    0x00, 0x00, 0x00, 0x00, 0x00, 0x00, 0x00, 0x0f,
    0xff, 0xff, 0xf6, 0x00, 0x00, 0x00, 0x00, 0x00,
    0x00, 0x00, 0x05, 0xff, 0xff, 0xff, 0x10, 0x00,
    0x00, 0x00, 0x00, 0x00, 0x00, 0x00, 0xbf, 0xff,
    0xff, 0xb0, 0x00, 0x00, 0x00, 0x00, 0x00, 0x00,
    0x00, 0x1f, 0xff, 0xff, 0xf5, 0x00, 0x00, 0x00,
    0x00, 0x00, 0x00, 0x00, 0x06, 0xff, 0xff, 0xff,
    0x00, 0x00, 0x00, 0x00, 0x00, 0x00, 0x00, 0x00,
    0xcf, 0xff, 0xff, 0xa0, 0x00, 0x00, 0x00, 0x00,
    0x00, 0x00, 0x00, 0x1f, 0xff, 0xff, 0xf4, 0x00,
    0x00, 0x00, 0x00, 0x00, 0x00, 0x00, 0x07, 0xff,
    0xff, 0xfe, 0x00, 0x00, 0x00, 0x00, 0x00, 0x00,
    0x00, 0x00, 0xdf, 0xff, 0xff, 0x90, 0x00, 0x00,
    0x00, 0x00, 0x00, 0x00, 0x00, 0x2f, 0xff, 0xff,
    0xf3, 0x00, 0x00, 0x00, 0x00, 0x00, 0x00, 0x00,
    0x08, 0xff, 0xff, 0xfd, 0x00, 0x00, 0x00, 0x00,
    0x00, 0x00, 0x00, 0x00, 0xdf, 0xff, 0xff, 0x80,
    0x00, 0x00, 0x00, 0x00, 0x00, 0x00, 0x00, 0x3f,
    0xff, 0xff, 0xf2, 0x00, 0x00, 0x00, 0x00, 0x00,
    0x00, 0x00, 0x09, 0xff, 0xff, 0xfd, 0x00, 0x00,
    0x00, 0x00, 0x00, 0x00, 0x00, 0x00, 0xef, 0xff,
    0xff, 0x70, 0x00, 0x00, 0x00, 0x00, 0x00, 0x00,
    0x00, 0x4f, 0xff, 0xff, 0xf1, 0x00, 0x00, 0x00,
    0x00, 0x00, 0x00, 0x00, 0x0a, 0xff, 0xff, 0xfc,
    0x00, 0x00, 0x00, 0x00, 0x00, 0x00, 0x00, 0x00,
    0xff, 0xff, 0xff, 0x60, 0x00, 0x00, 0x00, 0x00,
    0x00, 0x00, 0x00, 0x5f, 0xff, 0xff, 0xf1, 0x00,
    0x00, 0x00, 0x00, 0x00, 0x00, 0x00, 0x00,

    /* U+0030 "0" */
    0x00, 0x00, 0x00, 0x00, 0x00, 0x02, 0x56, 0x77,
    0x52, 0x00, 0x00, 0x00, 0x00, 0x00, 0x00, 0x00,
    0x00, 0x00, 0x01, 0x8e, 0xff, 0xff, 0xff, 0xff,
    0x93, 0x00, 0x00, 0x00, 0x00, 0x00, 0x00, 0x00,
    0x08, 0xff, 0xff, 0xff, 0xff, 0xff, 0xff, 0xfa,
    0x10, 0x00, 0x00, 0x00, 0x00, 0x00, 0x1c, 0xff,
    0xff, 0xff, 0xff, 0xff, 0xff, 0xff, 0xfe, 0x30,
    0x00, 0x00, 0x00, 0x00, 0x1d, 0xff, 0xff, 0xff,
    0xff, 0xff, 0xff, 0xff, 0xff, 0xff, 0x30, 0x00,
    0x00, 0x00, 0x0c, 0xff, 0xff, 0xff, 0xff, 0xff,
    0xff, 0xff, 0xff, 0xff, 0xfe, 0x10, 0x00, 0x00,
    0x07, 0xff, 0xff, 0xff, 0xff, 0xfe, 0xce, 0xff,
    0xff, 0xff, 0xff, 0xfb, 0x00, 0x00, 0x01, 0xff,
    0xff, 0xff, 0xff, 0xc3, 0x00, 0x02, 0xaf, 0xff,
    0xff, 0xff, 0xf4, 0x00, 0x00, 0x9f, 0xff, 0xff,
    0xff, 0xa0, 0x00, 0x00, 0x00, 0x7f, 0xff, 0xff,
    0xff, 0xc0, 0x00, 0x0e, 0xff, 0xff, 0xff, 0xe0,
    0x00, 0x00, 0x00, 0x00, 0xbf, 0xff, 0xff, 0xff,
    0x20, 0x04, 0xff, 0xff, 0xff, 0xf6, 0x00, 0x00,
    0x00, 0x00, 0x02, 0xff, 0xff, 0xff, 0xf8, 0x00,
    0x9f, 0xff, 0xff, 0xff, 0x00, 0x00, 0x00, 0x00,
    0x00, 0x0c, 0xff, 0xff, 0xff, 0xc0, 0x0c, 0xff,
    0xff, 0xff, 0xc0, 0x00, 0x00, 0x00, 0x00, 0x00,
    0x8f, 0xff, 0xff, 0xff, 0x00, 0xff, 0xff, 0xff,
    0xf9, 0x00, 0x00, 0x00, 0x00, 0x00, 0x05, 0xff,
    0xff, 0xff, 0xf2, 0x1f, 0xff, 0xff, 0xff, 0x70,
    0x00, 0x00, 0x00, 0x00, 0x00, 0x3f, 0xff, 0xff,
    0xff, 0x42, 0xff, 0xff, 0xff, 0xf6, 0x00, 0x00,
    0x00, 0x00, 0x00, 0x02, 0xff, 0xff, 0xff, 0xf5,
    0x2f, 0xff, 0xff, 0xff, 0x50, 0x00, 0x00, 0x00,
    0x00, 0x00, 0x2f, 0xff, 0xff, 0xff, 0x52, 0xff,
    0xff, 0xff, 0xf5, 0x00, 0x00, 0x00, 0x00, 0x00,
    0x02, 0xff, 0xff, 0xff, 0xf5, 0x2f, 0xff, 0xff,
    0xff, 0x60, 0x00, 0x00, 0x00, 0x00, 0x00, 0x2f,
    0xff, 0xff, 0xff, 0x51, 0xff, 0xff, 0xff, 0xf7,
    0x00, 0x00, 0x00, 0x00, 0x00, 0x03, 0xff, 0xff,
    0xff, 0xf4, 0x0f, 0xff, 0xff, 0xff, 0x90, 0x00,
    0x00, 0x00, 0x00, 0x00, 0x5f, 0xff, 0xff, 0xff,
    0x20, 0xcf, 0xff, 0xff, 0xfc, 0x00, 0x00, 0x00,
    0x00, 0x00, 0x08, 0xff, 0xff, 0xff, 0xf0, 0x09,
    0xff, 0xff, 0xff, 0xf0, 0x00, 0x00, 0x00, 0x00,
    0x00, 0xcf, 0xff, 0xff, 0xfc, 0x00, 0x5f, 0xff,
    0xff, 0xff, 0x60, 0x00, 0x00, 0x00, 0x00, 0x2f,
    0xff, 0xff, 0xff, 0x80, 0x00, 0xef, 0xff, 0xff,
    0xfd, 0x00, 0x00, 0x00, 0x00, 0x0a, 0xff, 0xff,
    0xff, 0xf2, 0x00, 0x09, 0xff, 0xff, 0xff, 0xfa,
    0x00, 0x00, 0x00, 0x07, 0xff, 0xff, 0xff, 0xfc,
    0x00, 0x00, 0x1f, 0xff, 0xff, 0xff, 0xfc, 0x30,
    0x00, 0x29, 0xff, 0xff, 0xff, 0xff, 0x40, 0x00,
    0x00, 0x7f, 0xff, 0xff, 0xff, 0xff, 0xec, 0xdf,
    0xff, 0xff, 0xff, 0xff, 0xb0, 0x00, 0x00, 0x00,
    0xcf, 0xff, 0xff, 0xff, 0xff, 0xff, 0xff, 0xff,
    0xff, 0xff, 0xe1, 0x00, 0x00, 0x00, 0x01, 0xdf,
    0xff, 0xff, 0xff, 0xff, 0xff, 0xff, 0xff, 0xff,
    0xf3, 0x00, 0x00, 0x00, 0x00, 0x01, 0xcf, 0xff,
    0xff, 0xff, 0xff, 0xff, 0xff, 0xff, 0xe3, 0x00,
    0x00, 0x00, 0x00, 0x00, 0x00, 0x8f, 0xff, 0xff,
    0xff, 0xff, 0xff, 0xff, 0xa1, 0x00, 0x00, 0x00,
    0x00, 0x00, 0x00, 0x00, 0x18, 0xef, 0xff, 0xff,
    0xff, 0xf9, 0x30, 0x00, 0x00, 0x00, 0x00, 0x00,
    0x00, 0x00, 0x00, 0x00, 0x25, 0x67, 0x75, 0x30,
    0x00, 0x00, 0x00, 0x00, 0x00,

    /* U+0031 "1" */
    0xaf, 0xff, 0xff, 0xff, 0xff, 0xff, 0xff, 0x3a,
    0xff, 0xff, 0xff, 0xff, 0xff, 0xff, 0xf3, 0xaf,
    0xff, 0xff, 0xff, 0xff, 0xff, 0xff, 0x3a, 0xff,
    0xff, 0xff, 0xff, 0xff, 0xff, 0xf3, 0xaf, 0xff,
    0xff, 0xff, 0xff, 0xff, 0xff, 0x3a, 0xff, 0xff,
    0xff, 0xff, 0xff, 0xff, 0xf3, 0x00, 0x00, 0x00,
    0x3f, 0xff, 0xff, 0xff, 0x30, 0x00, 0x00, 0x03,
    0xff, 0xff, 0xff, 0xf3, 0x00, 0x00, 0x00, 0x3f,
    0xff, 0xff, 0xff, 0x30, 0x00, 0x00, 0x03, 0xff,
    0xff, 0xff, 0xf3, 0x00, 0x00, 0x00, 0x3f, 0xff,
    0xff, 0xff, 0x30, 0x00, 0x00, 0x03, 0xff, 0xff,
    0xff, 0xf3, 0x00, 0x00, 0x00, 0x3f, 0xff, 0xff,
    0xff, 0x30, 0x00, 0x00, 0x03, 0xff, 0xff, 0xff,
    0xf3, 0x00, 0x00, 0x00, 0x3f, 0xff, 0xff, 0xff,
    0x30, 0x00, 0x00, 0x03, 0xff, 0xff, 0xff, 0xf3,
    0x00, 0x00, 0x00, 0x3f, 0xff, 0xff, 0xff, 0x30,
    0x00, 0x00, 0x03, 0xff, 0xff, 0xff, 0xf3, 0x00,
    0x00, 0x00, 0x3f, 0xff, 0xff, 0xff, 0x30, 0x00,
    0x00, 0x03, 0xff, 0xff, 0xff, 0xf3, 0x00, 0x00,
    0x00, 0x3f, 0xff, 0xff, 0xff, 0x30, 0x00, 0x00,
    0x03, 0xff, 0xff, 0xff, 0xf3, 0x00, 0x00, 0x00,
    0x3f, 0xff, 0xff, 0xff, 0x30, 0x00, 0x00, 0x03,
    0xff, 0xff, 0xff, 0xf3, 0x00, 0x00, 0x00, 0x3f,
    0xff, 0xff, 0xff, 0x30, 0x00, 0x00, 0x03, 0xff,
    0xff, 0xff, 0xf3, 0x00, 0x00, 0x00, 0x3f, 0xff,
    0xff, 0xff, 0x30, 0x00, 0x00, 0x03, 0xff, 0xff,
    0xff, 0xf3, 0x00, 0x00, 0x00, 0x3f, 0xff, 0xff,
    0xff, 0x30, 0x00, 0x00, 0x03, 0xff, 0xff, 0xff,
    0xf3, 0x00, 0x00, 0x00, 0x3f, 0xff, 0xff, 0xff,
    0x30, 0x00, 0x00, 0x03, 0xff, 0xff, 0xff, 0xf3,

    /* U+0032 "2" */
    0x00, 0x00, 0x00, 0x00, 0x03, 0x56, 0x77, 0x64,
    0x20, 0x00, 0x00, 0x00, 0x00, 0x00, 0x00, 0x00,
    0x6c, 0xff, 0xff, 0xff, 0xff, 0xfe, 0x92, 0x00,
    0x00, 0x00, 0x00, 0x00, 0x7f, 0xff, 0xff, 0xff,
    0xff, 0xff, 0xff, 0xff, 0x90, 0x00, 0x00, 0x00,
    0x3d, 0xff, 0xff, 0xff, 0xff, 0xff, 0xff, 0xff,
    0xff, 0xfd, 0x20, 0x00, 0x04, 0xff, 0xff, 0xff,
    0xff, 0xff, 0xff, 0xff, 0xff, 0xff, 0xff, 0xd1,
    0x00, 0x3f, 0xff, 0xff, 0xff, 0xff, 0xff, 0xff,
    0xff, 0xff, 0xff, 0xff, 0xfa, 0x00, 0xaf, 0xff,
    0xff, 0xff, 0xff, 0xec, 0xcd, 0xff, 0xff, 0xff,
    0xff, 0xff, 0x20, 0x06, 0xef, 0xff, 0xff, 0x72,
    0x00, 0x00, 0x17, 0xff, 0xff, 0xff, 0xff, 0x70,
    0x00, 0x1a, 0xff, 0xc1, 0x00, 0x00, 0x00, 0x00,
    0x6f, 0xff, 0xff, 0xff, 0xa0, 0x00, 0x00, 0x4b,
    0x00, 0x00, 0x00, 0x00, 0x00, 0x0e, 0xff, 0xff,
    0xff, 0xc0, 0x00, 0x00, 0x00, 0x00, 0x00, 0x00,
    0x00, 0x00, 0x0b, 0xff, 0xff, 0xff, 0xc0, 0x00,
    0x00, 0x00, 0x00, 0x00, 0x00, 0x00, 0x00, 0x0c,
    0xff, 0xff, 0xff, 0xa0, 0x00, 0x00, 0x00, 0x00,
    0x00, 0x00, 0x00, 0x00, 0x1f, 0xff, 0xff, 0xff,
    0x70, 0x00, 0x00, 0x00, 0x00, 0x00, 0x00, 0x00,
    0x00, 0x7f, 0xff, 0xff, 0xff, 0x30, 0x00, 0x00,
    0x00, 0x00, 0x00, 0x00, 0x00, 0x02, 0xff, 0xff,
    0xff, 0xfc, 0x00, 0x00, 0x00, 0x00, 0x00, 0x00,
    0x00, 0x00, 0x1e, 0xff, 0xff, 0xff, 0xf4, 0x00,
    0x00, 0x00, 0x00, 0x00, 0x00, 0x00, 0x01, 0xdf,
    0xff, 0xff, 0xff, 0xa0, 0x00, 0x00, 0x00, 0x00,
    0x00, 0x00, 0x00, 0x2e, 0xff, 0xff, 0xff, 0xfd,
    0x00, 0x00, 0x00, 0x00, 0x00, 0x00, 0x00, 0x03,
    0xef, 0xff, 0xff, 0xff, 0xd1, 0x00, 0x00, 0x00,
    0x00, 0x00, 0x00, 0x00, 0x3f, 0xff, 0xff, 0xff,
    0xfd, 0x10, 0x00, 0x00, 0x00, 0x00, 0x00, 0x00,
    0x04, 0xff, 0xff, 0xff, 0xff, 0xd1, 0x00, 0x00,
    0x00, 0x00, 0x00, 0x00, 0x00, 0x5f, 0xff, 0xff,
    0xff, 0xfc, 0x10, 0x00, 0x00, 0x00, 0x00, 0x00,
    0x00, 0x06, 0xff, 0xff, 0xff, 0xff, 0xb0, 0x00,
    0x00, 0x00, 0x00, 0x00, 0x00, 0x00, 0x7f, 0xff,
    0xff, 0xff, 0xfa, 0x00, 0x00, 0x00, 0x00, 0x00,
    0x00, 0x00, 0x08, 0xff, 0xff, 0xff, 0xff, 0x90,
    0x00, 0x00, 0x00, 0x00, 0x00, 0x00, 0x00, 0x9f,
    0xff, 0xff, 0xff, 0xf8, 0x00, 0x00, 0x00, 0x00,
    0x00, 0x00, 0x00, 0x0a, 0xff, 0xff, 0xff, 0xff,
    0x80, 0x00, 0x00, 0x00, 0x00, 0x00, 0x00, 0x00,
    0xbf, 0xff, 0xff, 0xff, 0xff, 0xff, 0xff, 0xff,
    0xff, 0xff, 0xff, 0xfd, 0x07, 0xff, 0xff, 0xff,
    0xff, 0xff, 0xff, 0xff, 0xff, 0xff, 0xff, 0xff,
    0xfd, 0x07, 0xff, 0xff, 0xff, 0xff, 0xff, 0xff,
    0xff, 0xff, 0xff, 0xff, 0xff, 0xfd, 0x07, 0xff,
    0xff, 0xff, 0xff, 0xff, 0xff, 0xff, 0xff, 0xff,
    0xff, 0xff, 0xfd, 0x07, 0xff, 0xff, 0xff, 0xff,
    0xff, 0xff, 0xff, 0xff, 0xff, 0xff, 0xff, 0xfd,
    0x07, 0xff, 0xff, 0xff, 0xff, 0xff, 0xff, 0xff,
    0xff, 0xff, 0xff, 0xff, 0xfd,

    /* U+0033 "3" */
    0x00, 0x7f, 0xff, 0xff, 0xff, 0xff, 0xff, 0xff,
    0xff, 0xff, 0xff, 0xff, 0xf1, 0x00, 0x07, 0xff,
    0xff, 0xff, 0xff, 0xff, 0xff, 0xff, 0xff, 0xff,
    0xff, 0xff, 0x10, 0x00, 0x7f, 0xff, 0xff, 0xff,
    0xff, 0xff, 0xff, 0xff, 0xff, 0xff, 0xff, 0xf1,
    0x00, 0x07, 0xff, 0xff, 0xff, 0xff, 0xff, 0xff,
    0xff, 0xff, 0xff, 0xff, 0xff, 0x10, 0x00, 0x7f,
    0xff, 0xff, 0xff, 0xff, 0xff, 0xff, 0xff, 0xff,
    0xff, 0xff, 0xf1, 0x00, 0x06, 0xff, 0xff, 0xff,
    0xff, 0xff, 0xff, 0xff, 0xff, 0xff, 0xff, 0xf7,
    0x00, 0x00, 0x00, 0x00, 0x00, 0x00, 0x00, 0x00,
    0x04, 0xff, 0xff, 0xff, 0xf9, 0x00, 0x00, 0x00,
    0x00, 0x00, 0x00, 0x00, 0x00, 0x03, 0xff, 0xff,
    0xff, 0xfb, 0x00, 0x00, 0x00, 0x00, 0x00, 0x00,
    0x00, 0x00, 0x02, 0xef, 0xff, 0xff, 0xfc, 0x00,
    0x00, 0x00, 0x00, 0x00, 0x00, 0x00, 0x00, 0x01,
    0xdf, 0xff, 0xff, 0xfd, 0x10, 0x00, 0x00, 0x00,
    0x00, 0x00, 0x00, 0x00, 0x00, 0xcf, 0xff, 0xff,
    0xfe, 0x20, 0x00, 0x00, 0x00, 0x00, 0x00, 0x00,
    0x00, 0x00, 0xaf, 0xff, 0xff, 0xff, 0x30, 0x00,
    0x00, 0x00, 0x00, 0x00, 0x00, 0x00, 0x00, 0x9f,
    0xff, 0xff, 0xff, 0x40, 0x00, 0x00, 0x00, 0x00,
    0x00, 0x00, 0x00, 0x00, 0x4f, 0xff, 0xff, 0xff,
    0xfe, 0xa4, 0x00, 0x00, 0x00, 0x00, 0x00, 0x00,
    0x00, 0x05, 0xff, 0xff, 0xff, 0xff, 0xff, 0xfe,
    0x50, 0x00, 0x00, 0x00, 0x00, 0x00, 0x00, 0x5f,
    0xff, 0xff, 0xff, 0xff, 0xff, 0xff, 0x90, 0x00,
    0x00, 0x00, 0x00, 0x00, 0x05, 0xff, 0xff, 0xff,
    0xff, 0xff, 0xff, 0xff, 0x90, 0x00, 0x00, 0x00,
    0x00, 0x00, 0x5f, 0xff, 0xff, 0xff, 0xff, 0xff,
    0xff, 0xff, 0x50, 0x00, 0x00, 0x00, 0x00, 0x01,
    0x44, 0x44, 0x57, 0xcf, 0xff, 0xff, 0xff, 0xfd,
    0x00, 0x00, 0x00, 0x00, 0x00, 0x00, 0x00, 0x00,
    0x00, 0x4f, 0xff, 0xff, 0xff, 0xf2, 0x00, 0x00,
    0x00, 0x00, 0x00, 0x00, 0x00, 0x00, 0x00, 0x5f,
    0xff, 0xff, 0xff, 0x60, 0x00, 0x00, 0x00, 0x00,
    0x00, 0x00, 0x00, 0x00, 0x00, 0xff, 0xff, 0xff,
    0xf8, 0x00, 0x00, 0x00, 0x00, 0x00, 0x00, 0x00,
    0x00, 0x00, 0x0f, 0xff, 0xff, 0xff, 0x80, 0x00,
    0x23, 0x00, 0x00, 0x00, 0x00, 0x00, 0x00, 0x02,
    0xff, 0xff, 0xff, 0xf7, 0x00, 0x0b, 0xf9, 0x10,
    0x00, 0x00, 0x00, 0x00, 0x00, 0xbf, 0xff, 0xff,
    0xff, 0x40, 0x03, 0xff, 0xff, 0xb5, 0x20, 0x00,
    0x00, 0x04, 0xcf, 0xff, 0xff, 0xff, 0xe0, 0x00,
    0xbf, 0xff, 0xff, 0xff, 0xed, 0xcb, 0xdf, 0xff,
    0xff, 0xff, 0xff, 0xf8, 0x00, 0x3f, 0xff, 0xff,
    0xff, 0xff, 0xff, 0xff, 0xff, 0xff, 0xff, 0xff,
    0xfe, 0x10, 0x0c, 0xff, 0xff, 0xff, 0xff, 0xff,
    0xff, 0xff, 0xff, 0xff, 0xff, 0xff, 0x30, 0x00,
    0x6e, 0xff, 0xff, 0xff, 0xff, 0xff, 0xff, 0xff,
    0xff, 0xff, 0xfe, 0x30, 0x00, 0x00, 0x08, 0xef,
    0xff, 0xff, 0xff, 0xff, 0xff, 0xff, 0xff, 0xfa,
    0x10, 0x00, 0x00, 0x00, 0x00, 0x39, 0xdf, 0xff,
    0xff, 0xff, 0xff, 0xfd, 0x82, 0x00, 0x00, 0x00,
    0x00, 0x00, 0x00, 0x00, 0x03, 0x56, 0x77, 0x76,
    0x41, 0x00, 0x00, 0x00, 0x00, 0x00,

    /* U+0034 "4" */
    0x00, 0x00, 0x00, 0x00, 0x00, 0x00, 0x00, 0x0c,
    0xff, 0xff, 0xff, 0xe1, 0x00, 0x00, 0x00, 0x00,
    0x00, 0x00, 0x00, 0x00, 0x00, 0x00, 0x08, 0xff,
    0xff, 0xff, 0xf5, 0x00, 0x00, 0x00, 0x00, 0x00,
    0x00, 0x00, 0x00, 0x00, 0x00, 0x04, 0xff, 0xff,
    0xff, 0xf9, 0x00, 0x00, 0x00, 0x00, 0x00, 0x00,
    0x00, 0x00, 0x00, 0x00, 0x01, 0xef, 0xff, 0xff,
    0xfc, 0x00, 0x00, 0x00, 0x00, 0x00, 0x00, 0x00,
    0x00, 0x00, 0x00, 0x00, 0xcf, 0xff, 0xff, 0xff,
    0x20, 0x00, 0x00, 0x00, 0x00, 0x00, 0x00, 0x00,
    0x00, 0x00, 0x00, 0x8f, 0xff, 0xff, 0xff, 0x50,
    0x00, 0x00, 0x00, 0x00, 0x00, 0x00, 0x00, 0x00,
    0x00, 0x00, 0x5f, 0xff, 0xff, 0xff, 0x90, 0x00,
    0x00, 0x00, 0x00, 0x00, 0x00, 0x00, 0x00, 0x00,
    0x00, 0x2f, 0xff, 0xff, 0xff, 0xd0, 0x00, 0x00,
    0x00, 0x00, 0x00, 0x00, 0x00, 0x00, 0x00, 0x00,
    0x0c, 0xff, 0xff, 0xff, 0xf2, 0x00, 0x00, 0x00,
    0x00, 0x00, 0x00, 0x00, 0x00, 0x00, 0x00, 0x09,
    0xff, 0xff, 0xff, 0xf6, 0x00, 0x00, 0x00, 0x00,
    0x00, 0x00, 0x00, 0x00, 0x00, 0x00, 0x05, 0xff,
    0xff, 0xff, 0xfa, 0x00, 0x00, 0x00, 0x00, 0x00,
    0x00, 0x00, 0x00, 0x00, 0x00, 0x02, 0xff, 0xff,
    0xff, 0xfd, 0x00, 0x00, 0x00, 0x00, 0x00, 0x00,
    0x00, 0x00, 0x00, 0x00, 0x00, 0xdf, 0xff, 0xff,
    0xff, 0x30, 0x00, 0x00, 0x00, 0x00, 0x00, 0x00,
    0x00, 0x00, 0x00, 0x00, 0x9f, 0xff, 0xff, 0xff,
    0x70, 0x00, 0x0e, 0xee, 0xee, 0xee, 0x00, 0x00,
    0x00, 0x00, 0x00, 0x6f, 0xff, 0xff, 0xff, 0xb0,
    0x00, 0x00, 0xff, 0xff, 0xff, 0xf0, 0x00, 0x00,
    0x00, 0x00, 0x2f, 0xff, 0xff, 0xff, 0xe1, 0x00,
    0x00, 0x0f, 0xff, 0xff, 0xff, 0x00, 0x00, 0x00,
    0x00, 0x0d, 0xff, 0xff, 0xff, 0xf3, 0x00, 0x00,
    0x00, 0xff, 0xff, 0xff, 0xf0, 0x00, 0x00, 0x00,
    0x0a, 0xff, 0xff, 0xff, 0xf7, 0x00, 0x00, 0x00,
    0x0f, 0xff, 0xff, 0xff, 0x00, 0x00, 0x00, 0x06,
    0xff, 0xff, 0xff, 0xfb, 0x00, 0x00, 0x00, 0x00,
    0xff, 0xff, 0xff, 0xf0, 0x00, 0x00, 0x03, 0xff,
    0xff, 0xff, 0xff, 0xff, 0xff, 0xff, 0xff, 0xff,
    0xff, 0xff, 0xff, 0xff, 0xff, 0xf4, 0x9f, 0xff,
    0xff, 0xff, 0xff, 0xff, 0xff, 0xff, 0xff, 0xff,
    0xff, 0xff, 0xff, 0xff, 0xff, 0x49, 0xff, 0xff,
    0xff, 0xff, 0xff, 0xff, 0xff, 0xff, 0xff, 0xff,
    0xff, 0xff, 0xff, 0xff, 0xf4, 0x9f, 0xff, 0xff,
    0xff, 0xff, 0xff, 0xff, 0xff, 0xff, 0xff, 0xff,
    0xff, 0xff, 0xff, 0xff, 0x49, 0xff, 0xff, 0xff,
    0xff, 0xff, 0xff, 0xff, 0xff, 0xff, 0xff, 0xff,
    0xff, 0xff, 0xff, 0xf4, 0x9f, 0xff, 0xff, 0xff,
    0xff, 0xff, 0xff, 0xff, 0xff, 0xff, 0xff, 0xff,
    0xff, 0xff, 0xff, 0x40, 0x00, 0x00, 0x00, 0x00,
    0x00, 0x00, 0x00, 0x00, 0x4f, 0xff, 0xff, 0xff,
    0x10, 0x00, 0x00, 0x00, 0x00, 0x00, 0x00, 0x00,
    0x00, 0x00, 0x00, 0x03, 0xff, 0xff, 0xff, 0xf0,
    0x00, 0x00, 0x00, 0x00, 0x00, 0x00, 0x00, 0x00,
    0x00, 0x00, 0x00, 0x3f, 0xff, 0xff, 0xff, 0x00,
    0x00, 0x00, 0x00, 0x00, 0x00, 0x00, 0x00, 0x00,
    0x00, 0x00, 0x03, 0xff, 0xff, 0xff, 0xf0, 0x00,
    0x00, 0x00, 0x00, 0x00, 0x00, 0x00, 0x00, 0x00,
    0x00, 0x00, 0x3f, 0xff, 0xff, 0xff, 0x00, 0x00,
    0x00, 0x00, 0x00, 0x00, 0x00, 0x00, 0x00, 0x00,
    0x00, 0x03, 0xff, 0xff, 0xff, 0xf0, 0x00, 0x00,
    0x00, 0x00, 0x00, 0x00, 0x00, 0x00, 0x00, 0x00,
    0x00, 0x3f, 0xff, 0xff, 0xff, 0x00, 0x00, 0x00,

    /* U+0035 "5" */
    0x00, 0x00, 0x8f, 0xff, 0xff, 0xff, 0xff, 0xff,
    0xff, 0xff, 0xff, 0xff, 0x20, 0x00, 0x00, 0x0a,
    0xff, 0xff, 0xff, 0xff, 0xff, 0xff, 0xff, 0xff,
    0xff, 0xf2, 0x00, 0x00, 0x00, 0xbf, 0xff, 0xff,
    0xff, 0xff, 0xff, 0xff, 0xff, 0xff, 0xff, 0x20,
    0x00, 0x00, 0x0c, 0xff, 0xff, 0xff, 0xff, 0xff,
    0xff, 0xff, 0xff, 0xff, 0xf2, 0x00, 0x00, 0x00,
    0xef, 0xff, 0xff, 0xff, 0xff, 0xff, 0xff, 0xff,
    0xff, 0xff, 0x20, 0x00, 0x00, 0x0f, 0xff, 0xff,
    0xff, 0xff, 0xff, 0xff, 0xff, 0xff, 0xff, 0xf2,
    0x00, 0x00, 0x01, 0xff, 0xff, 0xff, 0xa0, 0x00,
    0x00, 0x00, 0x00, 0x00, 0x00, 0x00, 0x00, 0x00,
    0x2f, 0xff, 0xff, 0xf9, 0x00, 0x00, 0x00, 0x00,
    0x00, 0x00, 0x00, 0x00, 0x00, 0x04, 0xff, 0xff,
    0xff, 0x80, 0x00, 0x00, 0x00, 0x00, 0x00, 0x00,
    0x00, 0x00, 0x00, 0x5f, 0xff, 0xff, 0xf6, 0x00,
    0x00, 0x00, 0x00, 0x00, 0x00, 0x00, 0x00, 0x00,
    0x07, 0xff, 0xff, 0xff, 0x50, 0x00, 0x00, 0x00,
    0x00, 0x00, 0x00, 0x00, 0x00, 0x00, 0x8f, 0xff,
    0xff, 0xf4, 0x00, 0x00, 0x00, 0x00, 0x00, 0x00,
    0x00, 0x00, 0x00, 0x0a, 0xff, 0xff, 0xff, 0xff,
    0xff, 0xfd, 0xb9, 0x51, 0x00, 0x00, 0x00, 0x00,
    0x00, 0xbf, 0xff, 0xff, 0xff, 0xff, 0xff, 0xff,
    0xff, 0xfb, 0x30, 0x00, 0x00, 0x00, 0x0d, 0xff,
    0xff, 0xff, 0xff, 0xff, 0xff, 0xff, 0xff, 0xff,
    0x80, 0x00, 0x00, 0x00, 0xef, 0xff, 0xff, 0xff,
    0xff, 0xff, 0xff, 0xff, 0xff, 0xff, 0xb0, 0x00,
    0x00, 0x0f, 0xff, 0xff, 0xff, 0xff, 0xff, 0xff,
    0xff, 0xff, 0xff, 0xff, 0x80, 0x00, 0x01, 0xff,
    0xff, 0xff, 0xff, 0xff, 0xff, 0xff, 0xff, 0xff,
    0xff, 0xff, 0x20, 0x00, 0x00, 0x00, 0x00, 0x00,
    0x00, 0x01, 0x47, 0xdf, 0xff, 0xff, 0xff, 0xf8,
    0x00, 0x00, 0x00, 0x00, 0x00, 0x00, 0x00, 0x00,
    0x00, 0x8f, 0xff, 0xff, 0xff, 0xd0, 0x00, 0x00,
    0x00, 0x00, 0x00, 0x00, 0x00, 0x00, 0x00, 0xdf,
    0xff, 0xff, 0xff, 0x00, 0x00, 0x00, 0x00, 0x00,
    0x00, 0x00, 0x00, 0x00, 0x08, 0xff, 0xff, 0xff,
    0xf1, 0x00, 0x00, 0x00, 0x00, 0x00, 0x00, 0x00,
    0x00, 0x00, 0x7f, 0xff, 0xff, 0xff, 0x10, 0x00,
    0x50, 0x00, 0x00, 0x00, 0x00, 0x00, 0x00, 0x0a,
    0xff, 0xff, 0xff, 0xf0, 0x00, 0x2f, 0xd5, 0x00,
    0x00, 0x00, 0x00, 0x00, 0x04, 0xff, 0xff, 0xff,
    0xfc, 0x00, 0x0a, 0xff, 0xfe, 0x84, 0x00, 0x00,
    0x00, 0x28, 0xff, 0xff, 0xff, 0xff, 0x70, 0x03,
    0xff, 0xff, 0xff, 0xff, 0xec, 0xbc, 0xef, 0xff,
    0xff, 0xff, 0xff, 0xf1, 0x00, 0xbf, 0xff, 0xff,
    0xff, 0xff, 0xff, 0xff, 0xff, 0xff, 0xff, 0xff,
    0xf7, 0x00, 0x3f, 0xff, 0xff, 0xff, 0xff, 0xff,
    0xff, 0xff, 0xff, 0xff, 0xff, 0xfb, 0x00, 0x02,
    0xaf, 0xff, 0xff, 0xff, 0xff, 0xff, 0xff, 0xff,
    0xff, 0xff, 0xfa, 0x00, 0x00, 0x00, 0x3b, 0xff,
    0xff, 0xff, 0xff, 0xff, 0xff, 0xff, 0xff, 0xe5,
    0x00, 0x00, 0x00, 0x00, 0x01, 0x6b, 0xef, 0xff,
    0xff, 0xff, 0xff, 0xfb, 0x60, 0x00, 0x00, 0x00,
    0x00, 0x00, 0x00, 0x00, 0x14, 0x56, 0x77, 0x65,
    0x30, 0x00, 0x00, 0x00, 0x00, 0x00,

    /* U+0036 "6" */
    0x00, 0x00, 0x00, 0x00, 0x00, 0x00, 0x02, 0x46,
    0x77, 0x65, 0x30, 0x00, 0x00, 0x00, 0x00, 0x00,
    0x00, 0x00, 0x00, 0x4a, 0xef, 0xff, 0xff, 0xff,
    0xff, 0xd8, 0x20, 0x00, 0x00, 0x00, 0x00, 0x00,
    0x5d, 0xff, 0xff, 0xff, 0xff, 0xff, 0xff, 0xff,
    0xfa, 0x00, 0x00, 0x00, 0x00, 0x1b, 0xff, 0xff,
    0xff, 0xff, 0xff, 0xff, 0xff, 0xff, 0xfc, 0x00,
    0x00, 0x00, 0x02, 0xef, 0xff, 0xff, 0xff, 0xff,
    0xff, 0xff, 0xff, 0xff, 0xf4, 0x00, 0x00, 0x00,
    0x2e, 0xff, 0xff, 0xff, 0xff, 0xff, 0xff, 0xff,
    0xff, 0xff, 0xc0, 0x00, 0x00, 0x00, 0xdf, 0xff,
    0xff, 0xff, 0xff, 0xeb, 0x99, 0x9b, 0xef, 0xff,
    0x40, 0x00, 0x00, 0x09, 0xff, 0xff, 0xff, 0xff,
    0xc4, 0x00, 0x00, 0x00, 0x03, 0xab, 0x00, 0x00,
    0x00, 0x2f, 0xff, 0xff, 0xff, 0xf7, 0x00, 0x00,
    0x00, 0x00, 0x00, 0x00, 0x00, 0x00, 0x00, 0xaf,
    0xff, 0xff, 0xff, 0x60, 0x00, 0x00, 0x00, 0x00,
    0x00, 0x00, 0x00, 0x00, 0x01, 0xff, 0xff, 0xff,
    0xfb, 0x00, 0x00, 0x00, 0x00, 0x00, 0x00, 0x00,
    0x00, 0x00, 0x05, 0xff, 0xff, 0xff, 0xf3, 0x00,
    0x00, 0x00, 0x00, 0x00, 0x00, 0x00, 0x00, 0x00,
    0x0a, 0xff, 0xff, 0xff, 0xd0, 0x00, 0x00, 0x00,
    0x00, 0x00, 0x00, 0x00, 0x00, 0x00, 0x0d, 0xff,
    0xff, 0xff, 0x90, 0x02, 0x7b, 0xdf, 0xfe, 0xc9,
    0x50, 0x00, 0x00, 0x00, 0x0f, 0xff, 0xff, 0xff,
    0x71, 0xaf, 0xff, 0xff, 0xff, 0xff, 0xfe, 0x60,
    0x00, 0x00, 0x1f, 0xff, 0xff, 0xff, 0xae, 0xff,
    0xff, 0xff, 0xff, 0xff, 0xff, 0xfc, 0x10, 0x00,
    0x2f, 0xff, 0xff, 0xff, 0xff, 0xff, 0xff, 0xff,
    0xff, 0xff, 0xff, 0xff, 0xd1, 0x00, 0x3f, 0xff,
    0xff, 0xff, 0xff, 0xff, 0xff, 0xff, 0xff, 0xff,
    0xff, 0xff, 0xfb, 0x00, 0x2f, 0xff, 0xff, 0xff,
    0xff, 0xff, 0xea, 0x99, 0xcf, 0xff, 0xff, 0xff,
    0xff, 0x50, 0x1f, 0xff, 0xff, 0xff, 0xff, 0xe5,
    0x00, 0x00, 0x02, 0xbf, 0xff, 0xff, 0xff, 0xc0,
    0x0f, 0xff, 0xff, 0xff, 0xff, 0x20, 0x00, 0x00,
    0x00, 0x0b, 0xff, 0xff, 0xff, 0xf1, 0x0e, 0xff,
    0xff, 0xff, 0xf7, 0x00, 0x00, 0x00, 0x00, 0x02,
    0xff, 0xff, 0xff, 0xf4, 0x0b, 0xff, 0xff, 0xff,
    0xf3, 0x00, 0x00, 0x00, 0x00, 0x00, 0xef, 0xff,
    0xff, 0xf5, 0x07, 0xff, 0xff, 0xff, 0xf2, 0x00,
    0x00, 0x00, 0x00, 0x00, 0xdf, 0xff, 0xff, 0xf5,
    0x03, 0xff, 0xff, 0xff, 0xf4, 0x00, 0x00, 0x00,
    0x00, 0x00, 0xff, 0xff, 0xff, 0xf3, 0x00, 0xcf,
    0xff, 0xff, 0xfb, 0x00, 0x00, 0x00, 0x00, 0x06,
    0xff, 0xff, 0xff, 0xf1, 0x00, 0x5f, 0xff, 0xff,
    0xff, 0x80, 0x00, 0x00, 0x00, 0x3f, 0xff, 0xff,
    0xff, 0xc0, 0x00, 0x0c, 0xff, 0xff, 0xff, 0xfc,
    0x52, 0x01, 0x49, 0xff, 0xff, 0xff, 0xff, 0x50,
    0x00, 0x02, 0xff, 0xff, 0xff, 0xff, 0xff, 0xff,
    0xff, 0xff, 0xff, 0xff, 0xfb, 0x00, 0x00, 0x00,
    0x4f, 0xff, 0xff, 0xff, 0xff, 0xff, 0xff, 0xff,
    0xff, 0xff, 0xd1, 0x00, 0x00, 0x00, 0x03, 0xef,
    0xff, 0xff, 0xff, 0xff, 0xff, 0xff, 0xff, 0xfd,
    0x10, 0x00, 0x00, 0x00, 0x00, 0x19, 0xff, 0xff,
    0xff, 0xff, 0xff, 0xff, 0xff, 0x80, 0x00, 0x00,
    0x00, 0x00, 0x00, 0x00, 0x29, 0xdf, 0xff, 0xff,
    0xff, 0xfe, 0x82, 0x00, 0x00, 0x00, 0x00, 0x00,
    0x00, 0x00, 0x00, 0x01, 0x45, 0x77, 0x75, 0x20,
    0x00, 0x00, 0x00, 0x00,

    /* U+0037 "7" */
    0xcf, 0xff, 0xff, 0xff, 0xff, 0xff, 0xff, 0xff,
    0xff, 0xff, 0xff, 0xff, 0xff, 0xcf, 0xff, 0xff,
    0xff, 0xff, 0xff, 0xff, 0xff, 0xff, 0xff, 0xff,
    0xff, 0xff, 0xcf, 0xff, 0xff, 0xff, 0xff, 0xff,
    0xff, 0xff, 0xff, 0xff, 0xff, 0xff, 0xff, 0xcf,
    0xff, 0xff, 0xff, 0xff, 0xff, 0xff, 0xff, 0xff,
    0xff, 0xff, 0xff, 0xff, 0xcf, 0xff, 0xff, 0xff,
    0xff, 0xff, 0xff, 0xff, 0xff, 0xff, 0xff, 0xff,
    0xff, 0xcf, 0xff, 0xff, 0xff, 0xff, 0xff, 0xff,
    0xff, 0xff, 0xff, 0xff, 0xff, 0xfb, 0xcf, 0xff,
    0xff, 0xd0, 0x00, 0x00, 0x00, 0x00, 0x0b, 0xff,
    0xff, 0xff, 0xf4, 0xcf, 0xff, 0xff, 0xd0, 0x00,
    0x00, 0x00, 0x00, 0x2f, 0xff, 0xff, 0xff, 0xd0,
    0xcf, 0xff, 0xff, 0xd0, 0x00, 0x00, 0x00, 0x00,
    0x9f, 0xff, 0xff, 0xff, 0x60, 0xcf, 0xff, 0xff,
    0xd0, 0x00, 0x00, 0x00, 0x01, 0xff, 0xff, 0xff,
    0xfe, 0x00, 0xcf, 0xff, 0xff, 0xd0, 0x00, 0x00,
    0x00, 0x07, 0xff, 0xff, 0xff, 0xf7, 0x00, 0x34,
    0x44, 0x44, 0x30, 0x00, 0x00, 0x00, 0x0e, 0xff,
    0xff, 0xff, 0xf1, 0x00, 0x00, 0x00, 0x00, 0x00,
    0x00, 0x00, 0x00, 0x6f, 0xff, 0xff, 0xff, 0x90,
    0x00, 0x00, 0x00, 0x00, 0x00, 0x00, 0x00, 0x00,
    0xdf, 0xff, 0xff, 0xff, 0x20, 0x00, 0x00, 0x00,
    0x00, 0x00, 0x00, 0x00, 0x04, 0xff, 0xff, 0xff,
    0xfb, 0x00, 0x00, 0x00, 0x00, 0x00, 0x00, 0x00,
    0x00, 0x0b, 0xff, 0xff, 0xff, 0xf4, 0x00, 0x00,
    0x00, 0x00, 0x00, 0x00, 0x00, 0x00, 0x2f, 0xff,
    0xff, 0xff, 0xd0, 0x00, 0x00, 0x00, 0x00, 0x00,
    0x00, 0x00, 0x00, 0x9f, 0xff, 0xff, 0xff, 0x60,
    0x00, 0x00, 0x00, 0x00, 0x00, 0x00, 0x00, 0x01,
    0xff, 0xff, 0xff, 0xfe, 0x00, 0x00, 0x00, 0x00,
    0x00, 0x00, 0x00, 0x00, 0x07, 0xff, 0xff, 0xff,
    0xf8, 0x00, 0x00, 0x00, 0x00, 0x00, 0x00, 0x00,
    0x00, 0x0e, 0xff, 0xff, 0xff, 0xf1, 0x00, 0x00,
    0x00, 0x00, 0x00, 0x00, 0x00, 0x00, 0x6f, 0xff,
    0xff, 0xff, 0xa0, 0x00, 0x00, 0x00, 0x00, 0x00,
    0x00, 0x00, 0x00, 0xdf, 0xff, 0xff, 0xff, 0x30,
    0x00, 0x00, 0x00, 0x00, 0x00, 0x00, 0x00, 0x04,
    0xff, 0xff, 0xff, 0xfc, 0x00, 0x00, 0x00, 0x00,
    0x00, 0x00, 0x00, 0x00, 0x0b, 0xff, 0xff, 0xff,
    0xf5, 0x00, 0x00, 0x00, 0x00, 0x00, 0x00, 0x00,
    0x00, 0x2f, 0xff, 0xff, 0xff, 0xe0, 0x00, 0x00,
    0x00, 0x00, 0x00, 0x00, 0x00, 0x00, 0x9f, 0xff,
    0xff, 0xff, 0x70, 0x00, 0x00, 0x00, 0x00, 0x00,
    0x00, 0x00, 0x01, 0xff, 0xff, 0xff, 0xff, 0x10,
    0x00, 0x00, 0x00, 0x00, 0x00, 0x00, 0x00, 0x07,
    0xff, 0xff, 0xff, 0xf9, 0x00, 0x00, 0x00, 0x00,
    0x00, 0x00, 0x00, 0x00, 0x0e, 0xff, 0xff, 0xff,
    0xf2, 0x00, 0x00, 0x00, 0x00, 0x00, 0x00, 0x00,
    0x00, 0x6f, 0xff, 0xff, 0xff, 0xb0, 0x00, 0x00,
    0x00, 0x00, 0x00, 0x00, 0x00, 0x00, 0xdf, 0xff,
    0xff, 0xff, 0x40, 0x00, 0x00, 0x00, 0x00, 0x00,

    /* U+0038 "8" */
    0x00, 0x00, 0x00, 0x00, 0x00, 0x25, 0x67, 0x77,
    0x53, 0x00, 0x00, 0x00, 0x00, 0x00, 0x00, 0x00,
    0x00, 0x04, 0xaf, 0xff, 0xff, 0xff, 0xff, 0xfc,
    0x60, 0x00, 0x00, 0x00, 0x00, 0x00, 0x03, 0xcf,
    0xff, 0xff, 0xff, 0xff, 0xff, 0xff, 0xfe, 0x60,
    0x00, 0x00, 0x00, 0x00, 0x6f, 0xff, 0xff, 0xff,
    0xff, 0xff, 0xff, 0xff, 0xff, 0xfb, 0x00, 0x00,
    0x00, 0x06, 0xff, 0xff, 0xff, 0xff, 0xff, 0xff,
    0xff, 0xff, 0xff, 0xff, 0xb0, 0x00, 0x00, 0x2f,
    0xff, 0xff, 0xff, 0xff, 0xff, 0xff, 0xff, 0xff,
    0xff, 0xff, 0xf7, 0x00, 0x00, 0xaf, 0xff, 0xff,
    0xff, 0xe7, 0x20, 0x01, 0x5d, 0xff, 0xff, 0xff,
    0xfe, 0x00, 0x00, 0xff, 0xff, 0xff, 0xfe, 0x20,
    0x00, 0x00, 0x00, 0xbf, 0xff, 0xff, 0xff, 0x40,
    0x02, 0xff, 0xff, 0xff, 0xf7, 0x00, 0x00, 0x00,
    0x00, 0x1f, 0xff, 0xff, 0xff, 0x70, 0x03, 0xff,
    0xff, 0xff, 0xf3, 0x00, 0x00, 0x00, 0x00, 0x0d,
    0xff, 0xff, 0xff, 0x90, 0x02, 0xff, 0xff, 0xff,
    0xf3, 0x00, 0x00, 0x00, 0x00, 0x0d, 0xff, 0xff,
    0xff, 0x70, 0x00, 0xff, 0xff, 0xff, 0xf7, 0x00,
    0x00, 0x00, 0x00, 0x2f, 0xff, 0xff, 0xff, 0x50,
    0x00, 0xaf, 0xff, 0xff, 0xff, 0x30, 0x00, 0x00,
    0x00, 0xcf, 0xff, 0xff, 0xff, 0x00, 0x00, 0x3f,
    0xff, 0xff, 0xff, 0xf9, 0x41, 0x13, 0x7e, 0xff,
    0xff, 0xff, 0xf8, 0x00, 0x00, 0x07, 0xff, 0xff,
    0xff, 0xff, 0xff, 0xff, 0xff, 0xff, 0xff, 0xff,
    0xc0, 0x00, 0x00, 0x00, 0x7f, 0xff, 0xff, 0xff,
    0xff, 0xff, 0xff, 0xff, 0xff, 0xfb, 0x10, 0x00,
    0x00, 0x00, 0x2d, 0xff, 0xff, 0xff, 0xff, 0xff,
    0xff, 0xff, 0xff, 0xf6, 0x00, 0x00, 0x00, 0x06,
    0xff, 0xff, 0xff, 0xff, 0xff, 0xff, 0xff, 0xff,
    0xff, 0xff, 0xb0, 0x00, 0x00, 0x6f, 0xff, 0xff,
    0xff, 0xff, 0xff, 0xff, 0xff, 0xff, 0xff, 0xff,
    0xfc, 0x00, 0x03, 0xff, 0xff, 0xff, 0xff, 0xc5,
    0x20, 0x01, 0x4a, 0xff, 0xff, 0xff, 0xff, 0x80,
    0x0b, 0xff, 0xff, 0xff, 0xf7, 0x00, 0x00, 0x00,
    0x00, 0x3e, 0xff, 0xff, 0xff, 0xf1, 0x1f, 0xff,
    0xff, 0xff, 0xa0, 0x00, 0x00, 0x00, 0x00, 0x05,
    0xff, 0xff, 0xff, 0xf7, 0x4f, 0xff, 0xff, 0xff,
    0x40, 0x00, 0x00, 0x00, 0x00, 0x00, 0xef, 0xff,
    0xff, 0xfa, 0x5f, 0xff, 0xff, 0xff, 0x20, 0x00,
    0x00, 0x00, 0x00, 0x00, 0xdf, 0xff, 0xff, 0xfb,
    0x5f, 0xff, 0xff, 0xff, 0x40, 0x00, 0x00, 0x00,
    0x00, 0x00, 0xef, 0xff, 0xff, 0xfb, 0x3f, 0xff,
    0xff, 0xff, 0xa0, 0x00, 0x00, 0x00, 0x00, 0x04,
    0xff, 0xff, 0xff, 0xf9, 0x0f, 0xff, 0xff, 0xff,
    0xf6, 0x00, 0x00, 0x00, 0x00, 0x2e, 0xff, 0xff,
    0xff, 0xf4, 0x09, 0xff, 0xff, 0xff, 0xff, 0xb5,
    0x10, 0x00, 0x39, 0xff, 0xff, 0xff, 0xff, 0xe0,
    0x01, 0xef, 0xff, 0xff, 0xff, 0xff, 0xff, 0xff,
    0xff, 0xff, 0xff, 0xff, 0xff, 0x50, 0x00, 0x3f,
    0xff, 0xff, 0xff, 0xff, 0xff, 0xff, 0xff, 0xff,
    0xff, 0xff, 0xf8, 0x00, 0x00, 0x03, 0xef, 0xff,
    0xff, 0xff, 0xff, 0xff, 0xff, 0xff, 0xff, 0xff,
    0x70, 0x00, 0x00, 0x00, 0x09, 0xff, 0xff, 0xff,
    0xff, 0xff, 0xff, 0xff, 0xff, 0xb2, 0x00, 0x00,
    0x00, 0x00, 0x00, 0x17, 0xcf, 0xff, 0xff, 0xff,
    0xff, 0xfd, 0x83, 0x00, 0x00, 0x00, 0x00, 0x00,
    0x00, 0x00, 0x00, 0x35, 0x67, 0x77, 0x64, 0x10,
    0x00, 0x00, 0x00, 0x00,

    /* U+0039 "9" */
    0x00, 0x00, 0x00, 0x00, 0x01, 0x46, 0x77, 0x64,
    0x20, 0x00, 0x00, 0x00, 0x00, 0x00, 0x00, 0x00,
    0x00, 0x06, 0xcf, 0xff, 0xff, 0xff, 0xfe, 0xa4,
    0x00, 0x00, 0x00, 0x00, 0x00, 0x00, 0x06, 0xef,
    0xff, 0xff, 0xff, 0xff, 0xff, 0xff, 0xc3, 0x00,
    0x00, 0x00, 0x00, 0x00, 0xaf, 0xff, 0xff, 0xff,
    0xff, 0xff, 0xff, 0xff, 0xff, 0x60, 0x00, 0x00,
    0x00, 0x0a, 0xff, 0xff, 0xff, 0xff, 0xff, 0xff,
    0xff, 0xff, 0xff, 0xf8, 0x00, 0x00, 0x00, 0x7f,
    0xff, 0xff, 0xff, 0xff, 0xff, 0xff, 0xff, 0xff,
    0xff, 0xff, 0x50, 0x00, 0x01, 0xff, 0xff, 0xff,
    0xff, 0xc5, 0x21, 0x14, 0xaf, 0xff, 0xff, 0xff,
    0xf2, 0x00, 0x07, 0xff, 0xff, 0xff, 0xf8, 0x00,
    0x00, 0x00, 0x04, 0xff, 0xff, 0xff, 0xfa, 0x00,
    0x0c, 0xff, 0xff, 0xff, 0xb0, 0x00, 0x00, 0x00,
    0x00, 0x6f, 0xff, 0xff, 0xff, 0x10, 0x0f, 0xff,
    0xff, 0xff, 0x50, 0x00, 0x00, 0x00, 0x00, 0x0f,
    0xff, 0xff, 0xff, 0x80, 0x0f, 0xff, 0xff, 0xff,
    0x30, 0x00, 0x00, 0x00, 0x00, 0x0d, 0xff, 0xff,
    0xff, 0xc0, 0x0f, 0xff, 0xff, 0xff, 0x40, 0x00,
    0x00, 0x00, 0x00, 0x0e, 0xff, 0xff, 0xff, 0xf0,
    0x0f, 0xff, 0xff, 0xff, 0x80, 0x00, 0x00, 0x00,
    0x00, 0x2f, 0xff, 0xff, 0xff, 0xf3, 0x0c, 0xff,
    0xff, 0xff, 0xf2, 0x00, 0x00, 0x00, 0x00, 0xcf,
    0xff, 0xff, 0xff, 0xf5, 0x07, 0xff, 0xff, 0xff,
    0xfe, 0x40, 0x00, 0x00, 0x2c, 0xff, 0xff, 0xff,
    0xff, 0xf6, 0x01, 0xff, 0xff, 0xff, 0xff, 0xfd,
    0xa9, 0x9c, 0xff, 0xff, 0xff, 0xff, 0xff, 0xf7,
    0x00, 0x6f, 0xff, 0xff, 0xff, 0xff, 0xff, 0xff,
    0xff, 0xff, 0xff, 0xff, 0xff, 0xf7, 0x00, 0x08,
    0xff, 0xff, 0xff, 0xff, 0xff, 0xff, 0xff, 0xff,
    0xff, 0xff, 0xff, 0xf7, 0x00, 0x00, 0x8f, 0xff,
    0xff, 0xff, 0xff, 0xff, 0xff, 0xf8, 0xff, 0xff,
    0xff, 0xf6, 0x00, 0x00, 0x03, 0xcf, 0xff, 0xff,
    0xff, 0xff, 0xfd, 0x42, 0xff, 0xff, 0xff, 0xf4,
    0x00, 0x00, 0x00, 0x03, 0x8c, 0xef, 0xfe, 0xc8,
    0x40, 0x04, 0xff, 0xff, 0xff, 0xf2, 0x00, 0x00,
    0x00, 0x00, 0x00, 0x00, 0x00, 0x00, 0x00, 0x08,
    0xff, 0xff, 0xff, 0xf0, 0x00, 0x00, 0x00, 0x00,
    0x00, 0x00, 0x00, 0x00, 0x00, 0x0e, 0xff, 0xff,
    0xff, 0xa0, 0x00, 0x00, 0x00, 0x00, 0x00, 0x00,
    0x00, 0x00, 0x00, 0x6f, 0xff, 0xff, 0xff, 0x60,
    0x00, 0x00, 0x00, 0x00, 0x00, 0x00, 0x00, 0x00,
    0x02, 0xff, 0xff, 0xff, 0xfe, 0x00, 0x00, 0x00,
    0x00, 0x00, 0x00, 0x00, 0x00, 0x00, 0x3e, 0xff,
    0xff, 0xff, 0xf8, 0x00, 0x00, 0x00, 0x6d, 0x50,
    0x00, 0x00, 0x00, 0x29, 0xff, 0xff, 0xff, 0xff,
    0xd0, 0x00, 0x00, 0x00, 0xef, 0xff, 0xca, 0x99,
    0xad, 0xff, 0xff, 0xff, 0xff, 0xff, 0x40, 0x00,
    0x00, 0x06, 0xff, 0xff, 0xff, 0xff, 0xff, 0xff,
    0xff, 0xff, 0xff, 0xf6, 0x00, 0x00, 0x00, 0x0e,
    0xff, 0xff, 0xff, 0xff, 0xff, 0xff, 0xff, 0xff,
    0xff, 0x70, 0x00, 0x00, 0x00, 0x7f, 0xff, 0xff,
    0xff, 0xff, 0xff, 0xff, 0xff, 0xff, 0xe4, 0x00,
    0x00, 0x00, 0x00, 0x6e, 0xff, 0xff, 0xff, 0xff,
    0xff, 0xff, 0xff, 0xf9, 0x10, 0x00, 0x00, 0x00,
    0x00, 0x01, 0x6b, 0xff, 0xff, 0xff, 0xff, 0xff,
    0xc7, 0x10, 0x00, 0x00, 0x00, 0x00, 0x00, 0x00,
    0x00, 0x02, 0x56, 0x77, 0x65, 0x30, 0x00, 0x00,
    0x00, 0x00, 0x00, 0x00,

    /* U+003A ":" */
    0x00, 0x3b, 0xff, 0xc4, 0x00, 0x05, 0xff, 0xff,
    0xff, 0x60, 0x1f, 0xff, 0xff, 0xff, 0xf1, 0x5f,
    0xff, 0xff, 0xff, 0xf6, 0x6f, 0xff, 0xff, 0xff,
    0xf7, 0x4f, 0xff, 0xff, 0xff, 0xf5, 0x0e, 0xff,
    0xff, 0xff, 0xe0, 0x04, 0xff, 0xff, 0xff, 0x40,
    0x00, 0x29, 0xdd, 0xa2, 0x00, 0x00, 0x00, 0x00,
    0x00, 0x00, 0x00, 0x00, 0x00, 0x00, 0x00, 0x00,
    0x00, 0x00, 0x00, 0x00, 0x00, 0x00, 0x00, 0x00,
    0x00, 0x00, 0x00, 0x00, 0x00, 0x00, 0x00, 0x00,
    0x00, 0x00, 0x00, 0x00, 0x00, 0x00, 0x00, 0x00,
    0x00, 0x29, 0xdd, 0xa2, 0x00, 0x04, 0xff, 0xff,
    0xff, 0x50, 0x0e, 0xff, 0xff, 0xff, 0xf1, 0x5f,
    0xff, 0xff, 0xff, 0xf5, 0x6f, 0xff, 0xff, 0xff,
    0xf7, 0x5f, 0xff, 0xff, 0xff, 0xf5, 0x0f, 0xff,
    0xff, 0xff, 0xf1, 0x05, 0xff, 0xff, 0xff, 0x60,
    0x00, 0x3b, 0xff, 0xc4, 0x00,

    /* U+003B ";" */
    0x00, 0x3b, 0xff, 0xc4, 0x00, 0x05, 0xff, 0xff,
    0xff, 0x60, 0x1f, 0xff, 0xff, 0xff, 0xf1, 0x5f,
    0xff, 0xff, 0xff, 0xf6, 0x6f, 0xff, 0xff, 0xff,
    0xf7, 0x4f, 0xff, 0xff, 0xff, 0xf5, 0x0e, 0xff,
    0xff, 0xff, 0xe0, 0x04, 0xff, 0xff, 0xff, 0x40,
    0x00, 0x29, 0xdd, 0xa2, 0x00, 0x00, 0x00, 0x00,
    0x00, 0x00, 0x00, 0x00, 0x00, 0x00, 0x00, 0x00,
    0x00, 0x00, 0x00, 0x00, 0x00, 0x00, 0x00, 0x00,
    0x00, 0x00, 0x00, 0x00, 0x00, 0x00, 0x00, 0x00,
    0x00, 0x00, 0x00, 0x00, 0x00, 0x00, 0x00, 0x00,
    0x00, 0x04, 0x88, 0x50, 0x00, 0x01, 0xcf, 0xff,
    0xfd, 0x20, 0x0c, 0xff, 0xff, 0xff, 0xd0, 0x3f,
    0xff, 0xff, 0xff, 0xf4, 0x5f, 0xff, 0xff, 0xff,
    0xf7, 0x4f, 0xff, 0xff, 0xff, 0xf6, 0x1f, 0xff,
    0xff, 0xff, 0xf4, 0x08, 0xff, 0xff, 0xff, 0xf0,
    0x00, 0x6f, 0xff, 0xff, 0x90, 0x00, 0x2f, 0xff,
    0xff, 0x30, 0x00, 0x6f, 0xff, 0xfd, 0x00, 0x00,
    0xbf, 0xff, 0xf6, 0x00, 0x00, 0xff, 0xff, 0xf0,
    0x00, 0x04, 0xff, 0xff, 0x90, 0x00, 0x08, 0xff,
    0xff, 0x30, 0x00, 0x0c, 0xff, 0xfd, 0x00, 0x00,

    /* U+003C "<" */
    0x00, 0x00, 0x00, 0x00, 0x00, 0x00, 0x00, 0x00,
    0x00, 0x00, 0x00, 0x10, 0x00, 0x00, 0x00, 0x00,
    0x00, 0x00, 0x00, 0x00, 0x00, 0x17, 0xdc, 0x00,
    0x00, 0x00, 0x00, 0x00, 0x00, 0x00, 0x00, 0x04,
    0xaf, 0xff, 0xc0, 0x00, 0x00, 0x00, 0x00, 0x00,
    0x00, 0x02, 0x8e, 0xff, 0xff, 0xfc, 0x00, 0x00,
    0x00, 0x00, 0x00, 0x01, 0x6c, 0xff, 0xff, 0xff,
    0xff, 0xc0, 0x00, 0x00, 0x00, 0x00, 0x4a, 0xff,
    0xff, 0xff, 0xff, 0xff, 0xfc, 0x00, 0x00, 0x00,
    0x28, 0xef, 0xff, 0xff, 0xff, 0xff, 0xff, 0xfd,
    0x60, 0x00, 0x06, 0xcf, 0xff, 0xff, 0xff, 0xff,
    0xff, 0xfe, 0x93, 0x00, 0x03, 0x9f, 0xff, 0xff,
    0xff, 0xff, 0xff, 0xff, 0xa4, 0x00, 0x00, 0x02,
    0xff, 0xff, 0xff, 0xff, 0xff, 0xff, 0xc6, 0x00,
    0x00, 0x00, 0x00, 0x2f, 0xff, 0xff, 0xff, 0xff,
    0xd7, 0x20, 0x00, 0x00, 0x00, 0x00, 0x02, 0xff,
    0xff, 0xff, 0xe9, 0x30, 0x00, 0x00, 0x00, 0x00,
    0x00, 0x00, 0x2f, 0xff, 0xff, 0xff, 0xa4, 0x00,
    0x00, 0x00, 0x00, 0x00, 0x00, 0x02, 0xff, 0xff,
    0xff, 0xff, 0xfe, 0x83, 0x00, 0x00, 0x00, 0x00,
    0x00, 0x2f, 0xff, 0xff, 0xff, 0xff, 0xff, 0xfd,
    0x71, 0x00, 0x00, 0x00, 0x00, 0x39, 0xef, 0xff,
    0xff, 0xff, 0xff, 0xff, 0xfb, 0x60, 0x00, 0x00,
    0x00, 0x00, 0x5b, 0xff, 0xff, 0xff, 0xff, 0xff,
    0xff, 0xfa, 0x40, 0x00, 0x00, 0x00, 0x01, 0x7d,
    0xff, 0xff, 0xff, 0xff, 0xff, 0xff, 0xe7, 0x00,
    0x00, 0x00, 0x00, 0x03, 0x9f, 0xff, 0xff, 0xff,
    0xff, 0xff, 0xc0, 0x00, 0x00, 0x00, 0x00, 0x00,
    0x05, 0xbf, 0xff, 0xff, 0xff, 0xfc, 0x00, 0x00,
    0x00, 0x00, 0x00, 0x00, 0x00, 0x17, 0xdf, 0xff,
    0xff, 0xc0, 0x00, 0x00, 0x00, 0x00, 0x00, 0x00,
    0x00, 0x00, 0x4a, 0xff, 0xfc, 0x00, 0x00, 0x00,
    0x00, 0x00, 0x00, 0x00, 0x00, 0x00, 0x00, 0x6c,
    0xb0, 0x00, 0x00, 0x00, 0x00, 0x00, 0x00, 0x00,
    0x00, 0x00, 0x00, 0x01,

    /* U+003D "=" */
    0x2f, 0xff, 0xff, 0xff, 0xff, 0xff, 0xff, 0xff,
    0xff, 0xff, 0xff, 0xc2, 0xff, 0xff, 0xff, 0xff,
    0xff, 0xff, 0xff, 0xff, 0xff, 0xff, 0xfc, 0x2f,
    0xff, 0xff, 0xff, 0xff, 0xff, 0xff, 0xff, 0xff,
    0xff, 0xff, 0xc2, 0xff, 0xff, 0xff, 0xff, 0xff,
    0xff, 0xff, 0xff, 0xff, 0xff, 0xfc, 0x2f, 0xff,
    0xff, 0xff, 0xff, 0xff, 0xff, 0xff, 0xff, 0xff,
    0xff, 0xc1, 0x99, 0x99, 0x99, 0x99, 0x99, 0x99,
    0x99, 0x99, 0x99, 0x99, 0x96, 0x00, 0x00, 0x00,
    0x00, 0x00, 0x00, 0x00, 0x00, 0x00, 0x00, 0x00,
    0x00, 0x00, 0x00, 0x00, 0x00, 0x00, 0x00, 0x00,
    0x00, 0x00, 0x00, 0x00, 0x00, 0x00, 0x00, 0x00,
    0x00, 0x00, 0x00, 0x00, 0x00, 0x00, 0x00, 0x00,
    0x00, 0x00, 0x00, 0x00, 0x00, 0x00, 0x00, 0x00,
    0x00, 0x00, 0x00, 0x00, 0x00, 0x00, 0x00, 0x00,
    0x00, 0x00, 0x00, 0x00, 0x00, 0x00, 0x01, 0x99,
    0x99, 0x99, 0x99, 0x99, 0x99, 0x99, 0x99, 0x99,
    0x99, 0x96, 0x2f, 0xff, 0xff, 0xff, 0xff, 0xff,
    0xff, 0xff, 0xff, 0xff, 0xff, 0xc2, 0xff, 0xff,
    0xff, 0xff, 0xff, 0xff, 0xff, 0xff, 0xff, 0xff,
    0xfc, 0x2f, 0xff, 0xff, 0xff, 0xff, 0xff, 0xff,
    0xff, 0xff, 0xff, 0xff, 0xc2, 0xff, 0xff, 0xff,
    0xff, 0xff, 0xff, 0xff, 0xff, 0xff, 0xff, 0xfc,
    0x2f, 0xff, 0xff, 0xff, 0xff, 0xff, 0xff, 0xff,
    0xff, 0xff, 0xff, 0xc0,

    /* U+003E ">" */
    0x01, 0x00, 0x00, 0x00, 0x00, 0x00, 0x00, 0x00,
    0x00, 0x00, 0x00, 0x02, 0xfa, 0x40, 0x00, 0x00,
    0x00, 0x00, 0x00, 0x00, 0x00, 0x00, 0x00, 0x2f,
    0xff, 0xe8, 0x20, 0x00, 0x00, 0x00, 0x00, 0x00,
    0x00, 0x00, 0x02, 0xff, 0xff, 0xff, 0xc6, 0x00,
    0x00, 0x00, 0x00, 0x00, 0x00, 0x00, 0x2f, 0xff,
    0xff, 0xff, 0xff, 0xa4, 0x00, 0x00, 0x00, 0x00,
    0x00, 0x02, 0xff, 0xff, 0xff, 0xff, 0xff, 0xfe,
    0x82, 0x00, 0x00, 0x00, 0x00, 0x09, 0xff, 0xff,
    0xff, 0xff, 0xff, 0xff, 0xfb, 0x50, 0x00, 0x00,
    0x00, 0x00, 0x5b, 0xff, 0xff, 0xff, 0xff, 0xff,
    0xff, 0xf9, 0x30, 0x00, 0x00, 0x00, 0x01, 0x7c,
    0xff, 0xff, 0xff, 0xff, 0xff, 0xff, 0xd7, 0x10,
    0x00, 0x00, 0x00, 0x02, 0x8e, 0xff, 0xff, 0xff,
    0xff, 0xff, 0xfc, 0x00, 0x00, 0x00, 0x00, 0x00,
    0x04, 0xaf, 0xff, 0xff, 0xff, 0xff, 0xc0, 0x00,
    0x00, 0x00, 0x00, 0x00, 0x00, 0x05, 0xbf, 0xff,
    0xff, 0xfc, 0x00, 0x00, 0x00, 0x00, 0x00, 0x00,
    0x01, 0x6c, 0xff, 0xff, 0xff, 0xc0, 0x00, 0x00,
    0x00, 0x00, 0x00, 0x5b, 0xff, 0xff, 0xff, 0xff,
    0xfc, 0x00, 0x00, 0x00, 0x00, 0x49, 0xff, 0xff,
    0xff, 0xff, 0xff, 0xff, 0xb0, 0x00, 0x00, 0x28,
    0xef, 0xff, 0xff, 0xff, 0xff, 0xff, 0xfc, 0x61,
    0x00, 0x17, 0xcf, 0xff, 0xff, 0xff, 0xff, 0xff,
    0xfe, 0x92, 0x00, 0x01, 0xbf, 0xff, 0xff, 0xff,
    0xff, 0xff, 0xff, 0xb5, 0x00, 0x00, 0x00, 0x2f,
    0xff, 0xff, 0xff, 0xff, 0xff, 0xd7, 0x10, 0x00,
    0x00, 0x00, 0x02, 0xff, 0xff, 0xff, 0xff, 0xe9,
    0x30, 0x00, 0x00, 0x00, 0x00, 0x00, 0x2f, 0xff,
    0xff, 0xfb, 0x50, 0x00, 0x00, 0x00, 0x00, 0x00,
    0x00, 0x02, 0xff, 0xfd, 0x71, 0x00, 0x00, 0x00,
    0x00, 0x00, 0x00, 0x00, 0x00, 0x2f, 0x93, 0x00,
    0x00, 0x00, 0x00, 0x00, 0x00, 0x00, 0x00, 0x00,
    0x00, 0x00, 0x00, 0x00, 0x00, 0x00, 0x00, 0x00,
    0x00, 0x00, 0x00, 0x00,

    /* U+003F "?" */
    0x00, 0x00, 0x00, 0x00, 0x00, 0x35, 0x67, 0x76,
    0x42, 0x00, 0x00, 0x00, 0x00, 0x00, 0x00, 0x00,
    0x06, 0xcf, 0xff, 0xff, 0xff, 0xff, 0xea, 0x50,
    0x00, 0x00, 0x00, 0x00, 0x07, 0xff, 0xff, 0xff,
    0xff, 0xff, 0xff, 0xff, 0xfd, 0x40, 0x00, 0x00,
    0x02, 0xdf, 0xff, 0xff, 0xff, 0xff, 0xff, 0xff,
    0xff, 0xff, 0xf6, 0x00, 0x00, 0x3f, 0xff, 0xff,
    0xff, 0xff, 0xff, 0xff, 0xff, 0xff, 0xff, 0xff,
    0x40, 0x03, 0xff, 0xff, 0xff, 0xff, 0xff, 0xff,
    0xff, 0xff, 0xff, 0xff, 0xff, 0xe0, 0x0c, 0xff,
    0xff, 0xff, 0xff, 0xea, 0x98, 0xad, 0xff, 0xff,
    0xff, 0xff, 0xf4, 0x00, 0x8f, 0xff, 0xff, 0xd5,
    0x00, 0x00, 0x00, 0x5f, 0xff, 0xff, 0xff, 0xf8,
    0x00, 0x01, 0xaf, 0xfa, 0x00, 0x00, 0x00, 0x00,
    0x04, 0xff, 0xff, 0xff, 0xfa, 0x00, 0x00, 0x03,
    0x90, 0x00, 0x00, 0x00, 0x00, 0x00, 0xef, 0xff,
    0xff, 0xf9, 0x00, 0x00, 0x00, 0x00, 0x00, 0x00,
    0x00, 0x00, 0x00, 0xef, 0xff, 0xff, 0xf7, 0x00,
    0x00, 0x00, 0x00, 0x00, 0x00, 0x00, 0x00, 0x03,
    0xff, 0xff, 0xff, 0xf3, 0x00, 0x00, 0x00, 0x00,
    0x00, 0x00, 0x00, 0x00, 0x0d, 0xff, 0xff, 0xff,
    0xd0, 0x00, 0x00, 0x00, 0x00, 0x00, 0x00, 0x00,
    0x01, 0xcf, 0xff, 0xff, 0xff, 0x30, 0x00, 0x00,
    0x00, 0x00, 0x00, 0x00, 0x00, 0x1d, 0xff, 0xff,
    0xff, 0xf6, 0x00, 0x00, 0x00, 0x00, 0x00, 0x00,
    0x00, 0x02, 0xdf, 0xff, 0xff, 0xff, 0x60, 0x00,
    0x00, 0x00, 0x00, 0x00, 0x00, 0x00, 0x1e, 0xff,
    0xff, 0xff, 0xf5, 0x00, 0x00, 0x00, 0x00, 0x00,
    0x00, 0x00, 0x00, 0xbf, 0xff, 0xff, 0xff, 0x40,
    0x00, 0x00, 0x00, 0x00, 0x00, 0x00, 0x00, 0x05,
    0xff, 0xff, 0xff, 0xf3, 0x00, 0x00, 0x00, 0x00,
    0x00, 0x00, 0x00, 0x00, 0x0b, 0xff, 0xff, 0xff,
    0x70, 0x00, 0x00, 0x00, 0x00, 0x00, 0x00, 0x00,
    0x00, 0x0e, 0xff, 0xff, 0xff, 0x10, 0x00, 0x00,
    0x00, 0x00, 0x00, 0x00, 0x00, 0x00, 0x09, 0x99,
    0x99, 0x99, 0x00, 0x00, 0x00, 0x00, 0x00, 0x00,
    0x00, 0x00, 0x00, 0x00, 0x00, 0x00, 0x00, 0x00,
    0x00, 0x00, 0x00, 0x00, 0x00, 0x00, 0x00, 0x00,
    0x00, 0x00, 0x00, 0x00, 0x00, 0x00, 0x00, 0x00,
    0x00, 0x00, 0x00, 0x00, 0x00, 0x00, 0x02, 0x31,
    0x00, 0x00, 0x00, 0x00, 0x00, 0x00, 0x00, 0x00,
    0x00, 0x00, 0x03, 0xdf, 0xff, 0xc3, 0x00, 0x00,
    0x00, 0x00, 0x00, 0x00, 0x00, 0x00, 0x00, 0x3f,
    0xff, 0xff, 0xff, 0x20, 0x00, 0x00, 0x00, 0x00,
    0x00, 0x00, 0x00, 0x00, 0xbf, 0xff, 0xff, 0xff,
    0xa0, 0x00, 0x00, 0x00, 0x00, 0x00, 0x00, 0x00,
    0x00, 0xef, 0xff, 0xff, 0xff, 0xd0, 0x00, 0x00,
    0x00, 0x00, 0x00, 0x00, 0x00, 0x00, 0xdf, 0xff,
    0xff, 0xff, 0xd0, 0x00, 0x00, 0x00, 0x00, 0x00,
    0x00, 0x00, 0x00, 0x9f, 0xff, 0xff, 0xff, 0x80,
    0x00, 0x00, 0x00, 0x00, 0x00, 0x00, 0x00, 0x00,
    0x1d, 0xff, 0xff, 0xfc, 0x00, 0x00, 0x00, 0x00,
    0x00, 0x00, 0x00, 0x00, 0x00, 0x01, 0x9e, 0xfe,
    0x80, 0x00, 0x00, 0x00, 0x00,

    /* U+0040 "@" */
    0x00, 0x00, 0x00, 0x00, 0x00, 0x00, 0x00, 0x00,
    0x00, 0x24, 0x66, 0x77, 0x76, 0x42, 0x00, 0x00,
    0x00, 0x00, 0x00, 0x00, 0x00, 0x00, 0x00, 0x00,
    0x00, 0x00, 0x00, 0x00, 0x00, 0x02, 0x7b, 0xef,
    0xff, 0xff, 0xff, 0xff, 0xff, 0xb7, 0x20, 0x00,
    0x00, 0x00, 0x00, 0x00, 0x00, 0x00, 0x00, 0x00,
    0x00, 0x00, 0x00, 0x5c, 0xff, 0xff, 0xff, 0xff,
    0xff, 0xff, 0xff, 0xff, 0xff, 0xc5, 0x00, 0x00,
    0x00, 0x00, 0x00, 0x00, 0x00, 0x00, 0x00, 0x00,
    0x04, 0xdf, 0xff, 0xff, 0xff, 0xff, 0xff, 0xff,
    0xff, 0xff, 0xff, 0xff, 0xfd, 0x40, 0x00, 0x00,
    0x00, 0x00, 0x00, 0x00, 0x00, 0x00, 0x1a, 0xff,
    0xff, 0xff, 0xff, 0xff, 0xfe, 0xed, 0xef, 0xff,
    0xff, 0xff, 0xff, 0xff, 0xa1, 0x00, 0x00, 0x00,
    0x00, 0x00, 0x00, 0x00, 0x2e, 0xff, 0xff, 0xff,
    0xfe, 0x95, 0x20, 0x00, 0x00, 0x02, 0x48, 0xdf,
    0xff, 0xff, 0xff, 0xd2, 0x00, 0x00, 0x00, 0x00,
    0x00, 0x00, 0x3f, 0xff, 0xff, 0xff, 0xc5, 0x00,
    0x00, 0x00, 0x00, 0x00, 0x00, 0x00, 0x29, 0xff,
    0xff, 0xff, 0xf3, 0x00, 0x00, 0x00, 0x00, 0x00,
    0x3f, 0xff, 0xff, 0xfe, 0x50, 0x00, 0x00, 0x00,
    0x00, 0x00, 0x00, 0x00, 0x00, 0x02, 0xbf, 0xff,
    0xff, 0xf2, 0x00, 0x00, 0x00, 0x00, 0x1e, 0xff,
    0xff, 0xfb, 0x10, 0x00, 0x00, 0x00, 0x00, 0x00,
    0x00, 0x00, 0x00, 0x00, 0x00, 0x6f, 0xff, 0xff,
    0xd1, 0x00, 0x00, 0x00, 0x0b, 0xff, 0xff, 0xfa,
    0x00, 0x00, 0x00, 0x00, 0x24, 0x43, 0x10, 0x00,
    0x00, 0x00, 0x00, 0x00, 0x4f, 0xff, 0xff, 0xa0,
    0x00, 0x00, 0x05, 0xff, 0xff, 0xfb, 0x00, 0x00,
    0x00, 0x3a, 0xff, 0xff, 0xff, 0xc6, 0x00, 0xbf,
    0xff, 0xff, 0x80, 0x4f, 0xff, 0xff, 0x40, 0x00,
    0x00, 0xef, 0xff, 0xfe, 0x00, 0x00, 0x00, 0xaf,
    0xff, 0xff, 0xff, 0xff, 0xfd, 0x2b, 0xff, 0xff,
    0xf9, 0x00, 0x8f, 0xff, 0xfc, 0x00, 0x00, 0x6f,
    0xff, 0xff, 0x40, 0x00, 0x01, 0xdf, 0xff, 0xff,
    0xff, 0xff, 0xff, 0xfe, 0xdf, 0xff, 0xff, 0x90,
    0x00, 0xdf, 0xff, 0xf4, 0x00, 0x0d, 0xff, 0xff,
    0xb0, 0x00, 0x00, 0xcf, 0xff, 0xff, 0xff, 0xff,
    0xff, 0xff, 0xff, 0xff, 0xff, 0xf9, 0x00, 0x05,
    0xff, 0xff, 0xa0, 0x02, 0xff, 0xff, 0xf3, 0x00,
    0x00, 0x9f, 0xff, 0xff, 0xff, 0xff, 0xff, 0xff,
    0xff, 0xff, 0xff, 0xff, 0x90, 0x00, 0x0e, 0xff,
    0xff, 0x00, 0x7f, 0xff, 0xfe, 0x00, 0x00, 0x2f,
    0xff, 0xff, 0xff, 0xd6, 0x10, 0x14, 0xbf, 0xff,
    0xff, 0xff, 0xf9, 0x00, 0x00, 0x8f, 0xff, 0xf4,
    0x0b, 0xff, 0xff, 0x80, 0x00, 0x09, 0xff, 0xff,
    0xff, 0xb0, 0x00, 0x00, 0x00, 0x7f, 0xff, 0xff,
    0xff, 0x90, 0x00, 0x04, 0xff, 0xff, 0x70, 0xef,
    0xff, 0xf5, 0x00, 0x00, 0xef, 0xff, 0xff, 0xe0,
    0x00, 0x00, 0x00, 0x00, 0x9f, 0xff, 0xff, 0xf9,
    0x00, 0x00, 0x1f, 0xff, 0xf9, 0x0f, 0xff, 0xff,
    0x20, 0x00, 0x2f, 0xff, 0xff, 0xf6, 0x00, 0x00,
    0x00, 0x00, 0x01, 0xff, 0xff, 0xff, 0x90, 0x00,
    0x00, 0xff, 0xff, 0xb2, 0xff, 0xff, 0xf0, 0x00,
    0x04, 0xff, 0xff, 0xff, 0x20, 0x00, 0x00, 0x00,
    0x00, 0x0c, 0xff, 0xff, 0xf9, 0x00, 0x00, 0x0e,
    0xff, 0xfc, 0x2f, 0xff, 0xff, 0x00, 0x00, 0x5f,
    0xff, 0xff, 0xf0, 0x00, 0x00, 0x00, 0x00, 0x00,
    0xaf, 0xff, 0xff, 0x90, 0x00, 0x00, 0xdf, 0xff,
    0xc3, 0xff, 0xff, 0xf0, 0x00, 0x06, 0xff, 0xff,
    0xff, 0x00, 0x00, 0x00, 0x00, 0x00, 0x0a, 0xff,
    0xff, 0xf9, 0x00, 0x00, 0x0d, 0xff, 0xfb, 0x2f,
    0xff, 0xff, 0x00, 0x00, 0x5f, 0xff, 0xff, 0xf0,
    0x00, 0x00, 0x00, 0x00, 0x00, 0xbf, 0xff, 0xff,
    0x90, 0x00, 0x00, 0xef, 0xff, 0xa1, 0xff, 0xff,
    0xf1, 0x00, 0x03, 0xff, 0xff, 0xff, 0x30, 0x00,
    0x00, 0x00, 0x00, 0x0e, 0xff, 0xff, 0xf9, 0x00,
    0x00, 0x0f, 0xff, 0xf9, 0x0f, 0xff, 0xff, 0x40,
    0x00, 0x1f, 0xff, 0xff, 0xf9, 0x00, 0x00, 0x00,
    0x00, 0x03, 0xff, 0xff, 0xff, 0x90, 0x00, 0x03,
    0xff, 0xff, 0x60, 0xcf, 0xff, 0xf7, 0x00, 0x00,
    0xcf, 0xff, 0xff, 0xf3, 0x00, 0x00, 0x00, 0x00,
    0xcf, 0xff, 0xff, 0xf9, 0x00, 0x00, 0x8f, 0xff,
    0xf2, 0x09, 0xff, 0xff, 0xb0, 0x00, 0x06, 0xff,
    0xff, 0xff, 0xe3, 0x00, 0x00, 0x01, 0xbf, 0xff,
    0xff, 0xff, 0xc0, 0x00, 0x1e, 0xff, 0xfd, 0x00,
    0x4f, 0xff, 0xff, 0x10, 0x00, 0x0e, 0xff, 0xff,
    0xff, 0xfa, 0x64, 0x59, 0xff, 0xff, 0xff, 0xff,
    0xff, 0x81, 0x3c, 0xff, 0xff, 0x70, 0x00, 0xef,
    0xff, 0xf7, 0x00, 0x00, 0x4f, 0xff, 0xff, 0xff,
    0xff, 0xff, 0xff, 0xff, 0xff, 0xff, 0xff, 0xff,
    0xff, 0xff, 0xff, 0xe0, 0x00, 0x09, 0xff, 0xff,
    0xe0, 0x00, 0x00, 0x8f, 0xff, 0xff, 0xff, 0xff,
    0xff, 0xff, 0xfa, 0xaf, 0xff, 0xff, 0xff, 0xff,
    0xff, 0xf4, 0x00, 0x00, 0x2f, 0xff, 0xff, 0x90,
    0x00, 0x00, 0x8f, 0xff, 0xff, 0xff, 0xff, 0xff,
    0xfc, 0x02, 0xff, 0xff, 0xff, 0xff, 0xff, 0xf6,
    0x00, 0x00, 0x00, 0x9f, 0xff, 0xff, 0x40, 0x00,
    0x00, 0x4d, 0xff, 0xff, 0xff, 0xff, 0xf8, 0x00,
    0x03, 0xef, 0xff, 0xff, 0xff, 0xe5, 0x00, 0x00,
    0x00, 0x01, 0xef, 0xff, 0xff, 0x30, 0x00, 0x00,
    0x05, 0xad, 0xff, 0xec, 0x82, 0x00, 0x00, 0x01,
    0x7c, 0xef, 0xeb, 0x61, 0x00, 0x00, 0x00, 0x00,
    0x05, 0xff, 0xff, 0xfe, 0x30, 0x00, 0x00, 0x00,
    0x00, 0x00, 0x00, 0x00, 0x00, 0x00, 0x00, 0x00,
    0x00, 0x00, 0x00, 0x00, 0x00, 0x00, 0x00, 0x09,
    0xff, 0xff, 0xff, 0x70, 0x00, 0x00, 0x00, 0x00,
    0x00, 0x00, 0x00, 0x00, 0x00, 0x00, 0x00, 0x00,
    0x00, 0x00, 0x00, 0x00, 0x00, 0x00, 0x0a, 0xff,
    0xff, 0xff, 0xc4, 0x00, 0x00, 0x00, 0x00, 0x00,
    0x00, 0x00, 0x00, 0x30, 0x00, 0x00, 0x00, 0x00,
    0x00, 0x00, 0x00, 0x00, 0x00, 0x09, 0xff, 0xff,
    0xff, 0xfc, 0x61, 0x00, 0x00, 0x00, 0x00, 0x00,
    0x26, 0xcf, 0x30, 0x00, 0x00, 0x00, 0x00, 0x00,
    0x00, 0x00, 0x00, 0x00, 0x07, 0xff, 0xff, 0xff,
    0xff, 0xfd, 0xb8, 0x76, 0x77, 0x9b, 0xef, 0xff,
    0xf9, 0x00, 0x00, 0x00, 0x00, 0x00, 0x00, 0x00,
    0x00, 0x00, 0x00, 0x03, 0xcf, 0xff, 0xff, 0xff,
    0xff, 0xff, 0xff, 0xff, 0xff, 0xff, 0xff, 0xe0,
    0x00, 0x00, 0x00, 0x00, 0x00, 0x00, 0x00, 0x00,
    0x00, 0x00, 0x00, 0x5d, 0xff, 0xff, 0xff, 0xff,
    0xff, 0xff, 0xff, 0xff, 0xff, 0xff, 0x30, 0x00,
    0x00, 0x00, 0x00, 0x00, 0x00, 0x00, 0x00, 0x00,
    0x00, 0x00, 0x04, 0xaf, 0xff, 0xff, 0xff, 0xff,
    0xff, 0xff, 0xff, 0xe9, 0x20, 0x00, 0x00, 0x00,
    0x00, 0x00, 0x00, 0x00, 0x00, 0x00, 0x00, 0x00,
    0x00, 0x00, 0x04, 0x7a, 0xce, 0xff, 0xfe, 0xdb,
    0x96, 0x20, 0x00, 0x00, 0x00, 0x00, 0x00, 0x00,
    0x00,

    /* U+0041 "A" */
    0x00, 0x00, 0x00, 0x00, 0x00, 0x00, 0x00, 0x4f,
    0xff, 0xff, 0xff, 0x80, 0x00, 0x00, 0x00, 0x00,
    0x00, 0x00, 0x00, 0x00, 0x00, 0x00, 0x00, 0x00,
    0x00, 0x0b, 0xff, 0xff, 0xff, 0xfe, 0x00, 0x00,
    0x00, 0x00, 0x00, 0x00, 0x00, 0x00, 0x00, 0x00,
    0x00, 0x00, 0x00, 0x02, 0xff, 0xff, 0xff, 0xff,
    0xf6, 0x00, 0x00, 0x00, 0x00, 0x00, 0x00, 0x00,
    0x00, 0x00, 0x00, 0x00, 0x00, 0x00, 0xaf, 0xff,
    0xff, 0xff, 0xff, 0xd0, 0x00, 0x00, 0x00, 0x00,
    0x00, 0x00, 0x00, 0x00, 0x00, 0x00, 0x00, 0x00,
    0x1f, 0xff, 0xff, 0xff, 0xff, 0xff, 0x50, 0x00,
    0x00, 0x00, 0x00, 0x00, 0x00, 0x00, 0x00, 0x00,
    0x00, 0x00, 0x08, 0xff, 0xff, 0xff, 0xff, 0xff,
    0xfc, 0x00, 0x00, 0x00, 0x00, 0x00, 0x00, 0x00,
    0x00, 0x00, 0x00, 0x00, 0x00, 0xef, 0xff, 0xff,
    0xff, 0xff, 0xff, 0xf3, 0x00, 0x00, 0x00, 0x00,
    0x00, 0x00, 0x00, 0x00, 0x00, 0x00, 0x00, 0x6f,
    0xff, 0xff, 0xfc, 0xff, 0xff, 0xff, 0xa0, 0x00,
    0x00, 0x00, 0x00, 0x00, 0x00, 0x00, 0x00, 0x00,
    0x00, 0x0d, 0xff, 0xff, 0xff, 0x1e, 0xff, 0xff,
    0xff, 0x20, 0x00, 0x00, 0x00, 0x00, 0x00, 0x00,
    0x00, 0x00, 0x00, 0x05, 0xff, 0xff, 0xff, 0x90,
    0x7f, 0xff, 0xff, 0xf9, 0x00, 0x00, 0x00, 0x00,
    0x00, 0x00, 0x00, 0x00, 0x00, 0x00, 0xcf, 0xff,
    0xff, 0xf3, 0x01, 0xff, 0xff, 0xff, 0xf1, 0x00,
    0x00, 0x00, 0x00, 0x00, 0x00, 0x00, 0x00, 0x00,
    0x3f, 0xff, 0xff, 0xfc, 0x00, 0x0a, 0xff, 0xff,
    0xff, 0x70, 0x00, 0x00, 0x00, 0x00, 0x00, 0x00,
    0x00, 0x00, 0x0a, 0xff, 0xff, 0xff, 0x50, 0x00,
    0x3f, 0xff, 0xff, 0xfe, 0x00, 0x00, 0x00, 0x00,
    0x00, 0x00, 0x00, 0x00, 0x02, 0xff, 0xff, 0xff,
    0xe0, 0x00, 0x00, 0xcf, 0xff, 0xff, 0xf5, 0x00,
    0x00, 0x00, 0x00, 0x00, 0x00, 0x00, 0x00, 0x9f,
    0xff, 0xff, 0xf7, 0x00, 0x00, 0x06, 0xff, 0xff,
    0xff, 0xd0, 0x00, 0x00, 0x00, 0x00, 0x00, 0x00,
    0x00, 0x0f, 0xff, 0xff, 0xff, 0x10, 0x00, 0x00,
    0x0e, 0xff, 0xff, 0xff, 0x40, 0x00, 0x00, 0x00,
    0x00, 0x00, 0x00, 0x07, 0xff, 0xff, 0xff, 0xa0,
    0x00, 0x00, 0x00, 0x8f, 0xff, 0xff, 0xfb, 0x00,
    0x00, 0x00, 0x00, 0x00, 0x00, 0x00, 0xef, 0xff,
    0xff, 0xf3, 0x00, 0x00, 0x00, 0x02, 0xff, 0xff,
    0xff, 0xf2, 0x00, 0x00, 0x00, 0x00, 0x00, 0x00,
    0x5f, 0xff, 0xff, 0xfc, 0x00, 0x00, 0x00, 0x00,
    0x0b, 0xff, 0xff, 0xff, 0x90, 0x00, 0x00, 0x00,
    0x00, 0x00, 0x0c, 0xff, 0xff, 0xff, 0xda, 0xaa,
    0xaa, 0xaa, 0xaa, 0xcf, 0xff, 0xff, 0xff, 0x10,
    0x00, 0x00, 0x00, 0x00, 0x04, 0xff, 0xff, 0xff,
    0xff, 0xff, 0xff, 0xff, 0xff, 0xff, 0xff, 0xff,
    0xff, 0xf8, 0x00, 0x00, 0x00, 0x00, 0x00, 0xbf,
    0xff, 0xff, 0xff, 0xff, 0xff, 0xff, 0xff, 0xff,
    0xff, 0xff, 0xff, 0xff, 0xe0, 0x00, 0x00, 0x00,
    0x00, 0x2f, 0xff, 0xff, 0xff, 0xff, 0xff, 0xff,
    0xff, 0xff, 0xff, 0xff, 0xff, 0xff, 0xff, 0x60,
    0x00, 0x00, 0x00, 0x09, 0xff, 0xff, 0xff, 0xff,
    0xff, 0xff, 0xff, 0xff, 0xff, 0xff, 0xff, 0xff,
    0xff, 0xfd, 0x00, 0x00, 0x00, 0x01, 0xff, 0xff,
    0xff, 0xff, 0xff, 0xff, 0xff, 0xff, 0xff, 0xff,
    0xff, 0xff, 0xff, 0xff, 0xf5, 0x00, 0x00, 0x00,
    0x7f, 0xff, 0xff, 0xfd, 0x00, 0x00, 0x00, 0x00,
    0x00, 0x00, 0x00, 0x0c, 0xff, 0xff, 0xff, 0xc0,
    0x00, 0x00, 0x0e, 0xff, 0xff, 0xff, 0x70, 0x00,
    0x00, 0x00, 0x00, 0x00, 0x00, 0x00, 0x5f, 0xff,
    0xff, 0xff, 0x30, 0x00, 0x06, 0xff, 0xff, 0xff,
    0xf1, 0x00, 0x00, 0x00, 0x00, 0x00, 0x00, 0x00,
    0x00, 0xef, 0xff, 0xff, 0xfa, 0x00, 0x00, 0xdf,
    0xff, 0xff, 0xfa, 0x00, 0x00, 0x00, 0x00, 0x00,
    0x00, 0x00, 0x00, 0x08, 0xff, 0xff, 0xff, 0xf2,
    0x00, 0x4f, 0xff, 0xff, 0xff, 0x30, 0x00, 0x00,
    0x00, 0x00, 0x00, 0x00, 0x00, 0x00, 0x2f, 0xff,
    0xff, 0xff, 0x90, 0x0b, 0xff, 0xff, 0xff, 0xd0,
    0x00, 0x00, 0x00, 0x00, 0x00, 0x00, 0x00, 0x00,
    0x00, 0xbf, 0xff, 0xff, 0xff, 0x12, 0xff, 0xff,
    0xff, 0xf6, 0x00, 0x00, 0x00, 0x00, 0x00, 0x00,
    0x00, 0x00, 0x00, 0x05, 0xff, 0xff, 0xff, 0xf7,

    /* U+0042 "B" */
    0x3f, 0xff, 0xff, 0xff, 0xff, 0xff, 0xff, 0xff,
    0xff, 0xed, 0xa7, 0x30, 0x00, 0x00, 0x00, 0x03,
    0xff, 0xff, 0xff, 0xff, 0xff, 0xff, 0xff, 0xff,
    0xff, 0xff, 0xff, 0xd6, 0x00, 0x00, 0x00, 0x3f,
    0xff, 0xff, 0xff, 0xff, 0xff, 0xff, 0xff, 0xff,
    0xff, 0xff, 0xff, 0xfc, 0x10, 0x00, 0x03, 0xff,
    0xff, 0xff, 0xff, 0xff, 0xff, 0xff, 0xff, 0xff,
    0xff, 0xff, 0xff, 0xfd, 0x10, 0x00, 0x3f, 0xff,
    0xff, 0xff, 0xff, 0xff, 0xff, 0xff, 0xff, 0xff,
    0xff, 0xff, 0xff, 0xfb, 0x00, 0x03, 0xff, 0xff,
    0xff, 0xfa, 0x99, 0x99, 0x99, 0x9a, 0xbe, 0xff,
    0xff, 0xff, 0xff, 0xf2, 0x00, 0x3f, 0xff, 0xff,
    0xff, 0x30, 0x00, 0x00, 0x00, 0x00, 0x05, 0xef,
    0xff, 0xff, 0xff, 0x80, 0x03, 0xff, 0xff, 0xff,
    0xf3, 0x00, 0x00, 0x00, 0x00, 0x00, 0x04, 0xff,
    0xff, 0xff, 0xfa, 0x00, 0x3f, 0xff, 0xff, 0xff,
    0x30, 0x00, 0x00, 0x00, 0x00, 0x00, 0x0d, 0xff,
    0xff, 0xff, 0xb0, 0x03, 0xff, 0xff, 0xff, 0xf3,
    0x00, 0x00, 0x00, 0x00, 0x00, 0x00, 0xcf, 0xff,
    0xff, 0xfa, 0x00, 0x3f, 0xff, 0xff, 0xff, 0x30,
    0x00, 0x00, 0x00, 0x00, 0x00, 0x0f, 0xff, 0xff,
    0xff, 0x60, 0x03, 0xff, 0xff, 0xff, 0xf3, 0x00,
    0x00, 0x00, 0x00, 0x00, 0x09, 0xff, 0xff, 0xff,
    0xf1, 0x00, 0x3f, 0xff, 0xff, 0xff, 0x30, 0x00,
    0x00, 0x00, 0x02, 0x5c, 0xff, 0xff, 0xff, 0xf8,
    0x00, 0x03, 0xff, 0xff, 0xff, 0xff, 0xff, 0xff,
    0xff, 0xff, 0xff, 0xff, 0xff, 0xff, 0xfb, 0x00,
    0x00, 0x3f, 0xff, 0xff, 0xff, 0xff, 0xff, 0xff,
    0xff, 0xff, 0xff, 0xff, 0xff, 0xf9, 0x00, 0x00,
    0x03, 0xff, 0xff, 0xff, 0xff, 0xff, 0xff, 0xff,
    0xff, 0xff, 0xff, 0xff, 0xfe, 0x50, 0x00, 0x00,
    0x3f, 0xff, 0xff, 0xff, 0xff, 0xff, 0xff, 0xff,
    0xff, 0xff, 0xff, 0xff, 0xff, 0xc2, 0x00, 0x03,
    0xff, 0xff, 0xff, 0xff, 0xff, 0xff, 0xff, 0xff,
    0xff, 0xff, 0xff, 0xff, 0xff, 0xf3, 0x00, 0x3f,
    0xff, 0xff, 0xff, 0x86, 0x66, 0x66, 0x66, 0x66,
    0x8a, 0xff, 0xff, 0xff, 0xff, 0xe1, 0x03, 0xff,
    0xff, 0xff, 0xf3, 0x00, 0x00, 0x00, 0x00, 0x00,
    0x00, 0x8f, 0xff, 0xff, 0xff, 0x80, 0x3f, 0xff,
    0xff, 0xff, 0x30, 0x00, 0x00, 0x00, 0x00, 0x00,
    0x00, 0xaf, 0xff, 0xff, 0xfe, 0x03, 0xff, 0xff,
    0xff, 0xf3, 0x00, 0x00, 0x00, 0x00, 0x00, 0x00,
    0x04, 0xff, 0xff, 0xff, 0xf2, 0x3f, 0xff, 0xff,
    0xff, 0x30, 0x00, 0x00, 0x00, 0x00, 0x00, 0x00,
    0x2f, 0xff, 0xff, 0xff, 0x43, 0xff, 0xff, 0xff,
    0xf3, 0x00, 0x00, 0x00, 0x00, 0x00, 0x00, 0x04,
    0xff, 0xff, 0xff, 0xf4, 0x3f, 0xff, 0xff, 0xff,
    0x30, 0x00, 0x00, 0x00, 0x00, 0x00, 0x00, 0xbf,
    0xff, 0xff, 0xff, 0x33, 0xff, 0xff, 0xff, 0xf3,
    0x00, 0x00, 0x00, 0x00, 0x00, 0x02, 0xaf, 0xff,
    0xff, 0xff, 0xf0, 0x3f, 0xff, 0xff, 0xff, 0xa9,
    0x99, 0x99, 0x99, 0x99, 0xbd, 0xff, 0xff, 0xff,
    0xff, 0xfa, 0x03, 0xff, 0xff, 0xff, 0xff, 0xff,
    0xff, 0xff, 0xff, 0xff, 0xff, 0xff, 0xff, 0xff,
    0xff, 0x20, 0x3f, 0xff, 0xff, 0xff, 0xff, 0xff,
    0xff, 0xff, 0xff, 0xff, 0xff, 0xff, 0xff, 0xff,
    0x60, 0x03, 0xff, 0xff, 0xff, 0xff, 0xff, 0xff,
    0xff, 0xff, 0xff, 0xff, 0xff, 0xff, 0xfe, 0x50,
    0x00, 0x3f, 0xff, 0xff, 0xff, 0xff, 0xff, 0xff,
    0xff, 0xff, 0xff, 0xff, 0xff, 0xe8, 0x10, 0x00,
    0x03, 0xff, 0xff, 0xff, 0xff, 0xff, 0xff, 0xff,
    0xff, 0xff, 0xed, 0xa8, 0x40, 0x00, 0x00, 0x00,

    /* U+0043 "C" */
    0x00, 0x00, 0x00, 0x00, 0x00, 0x00, 0x00, 0x24,
    0x67, 0x77, 0x53, 0x10, 0x00, 0x00, 0x00, 0x00,
    0x00, 0x00, 0x00, 0x00, 0x00, 0x05, 0xae, 0xff,
    0xff, 0xff, 0xff, 0xfd, 0x82, 0x00, 0x00, 0x00,
    0x00, 0x00, 0x00, 0x00, 0x05, 0xdf, 0xff, 0xff,
    0xff, 0xff, 0xff, 0xff, 0xff, 0xb2, 0x00, 0x00,
    0x00, 0x00, 0x00, 0x02, 0xdf, 0xff, 0xff, 0xff,
    0xff, 0xff, 0xff, 0xff, 0xff, 0xff, 0x80, 0x00,
    0x00, 0x00, 0x00, 0x6f, 0xff, 0xff, 0xff, 0xff,
    0xff, 0xff, 0xff, 0xff, 0xff, 0xff, 0xfc, 0x10,
    0x00, 0x00, 0x08, 0xff, 0xff, 0xff, 0xff, 0xff,
    0xff, 0xff, 0xff, 0xff, 0xff, 0xff, 0xff, 0xc0,
    0x00, 0x00, 0x7f, 0xff, 0xff, 0xff, 0xff, 0xff,
    0xfe, 0xde, 0xff, 0xff, 0xff, 0xff, 0xff, 0xe3,
    0x00, 0x03, 0xff, 0xff, 0xff, 0xff, 0xff, 0x93,
    0x00, 0x00, 0x04, 0x9f, 0xff, 0xff, 0xfe, 0x20,
    0x00, 0x0d, 0xff, 0xff, 0xff, 0xff, 0xa1, 0x00,
    0x00, 0x00, 0x00, 0x01, 0xaf, 0xff, 0xd2, 0x00,
    0x00, 0x7f, 0xff, 0xff, 0xff, 0xf6, 0x00, 0x00,
    0x00, 0x00, 0x00, 0x00, 0x06, 0xfc, 0x10, 0x00,
    0x00, 0xef, 0xff, 0xff, 0xff, 0x70, 0x00, 0x00,
    0x00, 0x00, 0x00, 0x00, 0x00, 0x40, 0x00, 0x00,
    0x04, 0xff, 0xff, 0xff, 0xfc, 0x00, 0x00, 0x00,
    0x00, 0x00, 0x00, 0x00, 0x00, 0x00, 0x00, 0x00,
    0x09, 0xff, 0xff, 0xff, 0xf4, 0x00, 0x00, 0x00,
    0x00, 0x00, 0x00, 0x00, 0x00, 0x00, 0x00, 0x00,
    0x0d, 0xff, 0xff, 0xff, 0xe0, 0x00, 0x00, 0x00,
    0x00, 0x00, 0x00, 0x00, 0x00, 0x00, 0x00, 0x00,
    0x0f, 0xff, 0xff, 0xff, 0x90, 0x00, 0x00, 0x00,
    0x00, 0x00, 0x00, 0x00, 0x00, 0x00, 0x00, 0x00,
    0x2f, 0xff, 0xff, 0xff, 0x70, 0x00, 0x00, 0x00,
    0x00, 0x00, 0x00, 0x00, 0x00, 0x00, 0x00, 0x00,
    0x2f, 0xff, 0xff, 0xff, 0x50, 0x00, 0x00, 0x00,
    0x00, 0x00, 0x00, 0x00, 0x00, 0x00, 0x00, 0x00,
    0x2f, 0xff, 0xff, 0xff, 0x50, 0x00, 0x00, 0x00,
    0x00, 0x00, 0x00, 0x00, 0x00, 0x00, 0x00, 0x00,
    0x2f, 0xff, 0xff, 0xff, 0x70, 0x00, 0x00, 0x00,
    0x00, 0x00, 0x00, 0x00, 0x00, 0x00, 0x00, 0x00,
    0x0f, 0xff, 0xff, 0xff, 0x90, 0x00, 0x00, 0x00,
    0x00, 0x00, 0x00, 0x00, 0x00, 0x00, 0x00, 0x00,
    0x0d, 0xff, 0xff, 0xff, 0xd0, 0x00, 0x00, 0x00,
    0x00, 0x00, 0x00, 0x00, 0x00, 0x00, 0x00, 0x00,
    0x09, 0xff, 0xff, 0xff, 0xf4, 0x00, 0x00, 0x00,
    0x00, 0x00, 0x00, 0x00, 0x00, 0x00, 0x00, 0x00,
    0x04, 0xff, 0xff, 0xff, 0xfc, 0x00, 0x00, 0x00,
    0x00, 0x00, 0x00, 0x00, 0x00, 0x00, 0x00, 0x00,
    0x00, 0xef, 0xff, 0xff, 0xff, 0x70, 0x00, 0x00,
    0x00, 0x00, 0x00, 0x00, 0x00, 0x40, 0x00, 0x00,
    0x00, 0x7f, 0xff, 0xff, 0xff, 0xf6, 0x00, 0x00,
    0x00, 0x00, 0x00, 0x00, 0x06, 0xfd, 0x10, 0x00,
    0x00, 0x0d, 0xff, 0xff, 0xff, 0xff, 0x91, 0x00,
    0x00, 0x00, 0x00, 0x01, 0xaf, 0xff, 0xd2, 0x00,
    0x00, 0x04, 0xff, 0xff, 0xff, 0xff, 0xff, 0x83,
    0x00, 0x00, 0x03, 0x9e, 0xff, 0xff, 0xfe, 0x30,
    0x00, 0x00, 0x7f, 0xff, 0xff, 0xff, 0xff, 0xff,
    0xfd, 0xde, 0xff, 0xff, 0xff, 0xff, 0xff, 0xf3,
    0x00, 0x00, 0x08, 0xff, 0xff, 0xff, 0xff, 0xff,
    0xff, 0xff, 0xff, 0xff, 0xff, 0xff, 0xff, 0xc0,
    0x00, 0x00, 0x00, 0x6f, 0xff, 0xff, 0xff, 0xff,
    0xff, 0xff, 0xff, 0xff, 0xff, 0xff, 0xfc, 0x10,
    0x00, 0x00, 0x00, 0x03, 0xdf, 0xff, 0xff, 0xff,
    0xff, 0xff, 0xff, 0xff, 0xff, 0xff, 0x80, 0x00,
    0x00, 0x00, 0x00, 0x00, 0x06, 0xdf, 0xff, 0xff,
    0xff, 0xff, 0xff, 0xff, 0xff, 0xb3, 0x00, 0x00,
    0x00, 0x00, 0x00, 0x00, 0x00, 0x05, 0xaf, 0xff,
    0xff, 0xff, 0xff, 0xfd, 0x82, 0x00, 0x00, 0x00,
    0x00, 0x00, 0x00, 0x00, 0x00, 0x00, 0x00, 0x24,
    0x67, 0x77, 0x63, 0x10, 0x00, 0x00, 0x00, 0x00,

    /* U+0044 "D" */
    0x3f, 0xff, 0xff, 0xff, 0xff, 0xff, 0xff, 0xff,
    0xfe, 0xca, 0x72, 0x00, 0x00, 0x00, 0x00, 0x00,
    0x00, 0x3f, 0xff, 0xff, 0xff, 0xff, 0xff, 0xff,
    0xff, 0xff, 0xff, 0xff, 0xe7, 0x10, 0x00, 0x00,
    0x00, 0x00, 0x3f, 0xff, 0xff, 0xff, 0xff, 0xff,
    0xff, 0xff, 0xff, 0xff, 0xff, 0xff, 0xf8, 0x00,
    0x00, 0x00, 0x00, 0x3f, 0xff, 0xff, 0xff, 0xff,
    0xff, 0xff, 0xff, 0xff, 0xff, 0xff, 0xff, 0xff,
    0xe3, 0x00, 0x00, 0x00, 0x3f, 0xff, 0xff, 0xff,
    0xff, 0xff, 0xff, 0xff, 0xff, 0xff, 0xff, 0xff,
    0xff, 0xff, 0x50, 0x00, 0x00, 0x3f, 0xff, 0xff,
    0xff, 0xff, 0xff, 0xff, 0xff, 0xff, 0xff, 0xff,
    0xff, 0xff, 0xff, 0xf5, 0x00, 0x00, 0x3f, 0xff,
    0xff, 0xff, 0x51, 0x11, 0x11, 0x11, 0x24, 0x8d,
    0xff, 0xff, 0xff, 0xff, 0xff, 0x20, 0x00, 0x3f,
    0xff, 0xff, 0xff, 0x40, 0x00, 0x00, 0x00, 0x00,
    0x00, 0x4c, 0xff, 0xff, 0xff, 0xff, 0xd0, 0x00,
    0x3f, 0xff, 0xff, 0xff, 0x40, 0x00, 0x00, 0x00,
    0x00, 0x00, 0x00, 0x9f, 0xff, 0xff, 0xff, 0xf6,
    0x00, 0x3f, 0xff, 0xff, 0xff, 0x40, 0x00, 0x00,
    0x00, 0x00, 0x00, 0x00, 0x09, 0xff, 0xff, 0xff,
    0xfe, 0x00, 0x3f, 0xff, 0xff, 0xff, 0x40, 0x00,
    0x00, 0x00, 0x00, 0x00, 0x00, 0x00, 0xcf, 0xff,
    0xff, 0xff, 0x40, 0x3f, 0xff, 0xff, 0xff, 0x40,
    0x00, 0x00, 0x00, 0x00, 0x00, 0x00, 0x00, 0x4f,
    0xff, 0xff, 0xff, 0x90, 0x3f, 0xff, 0xff, 0xff,
    0x40, 0x00, 0x00, 0x00, 0x00, 0x00, 0x00, 0x00,
    0x0e, 0xff, 0xff, 0xff, 0xd0, 0x3f, 0xff, 0xff,
    0xff, 0x40, 0x00, 0x00, 0x00, 0x00, 0x00, 0x00,
    0x00, 0x09, 0xff, 0xff, 0xff, 0xf0, 0x3f, 0xff,
    0xff, 0xff, 0x40, 0x00, 0x00, 0x00, 0x00, 0x00,
    0x00, 0x00, 0x07, 0xff, 0xff, 0xff, 0xf1, 0x3f,
    0xff, 0xff, 0xff, 0x40, 0x00, 0x00, 0x00, 0x00,
    0x00, 0x00, 0x00, 0x05, 0xff, 0xff, 0xff, 0xf2,
    0x3f, 0xff, 0xff, 0xff, 0x40, 0x00, 0x00, 0x00,
    0x00, 0x00, 0x00, 0x00, 0x06, 0xff, 0xff, 0xff,
    0xf2, 0x3f, 0xff, 0xff, 0xff, 0x40, 0x00, 0x00,
    0x00, 0x00, 0x00, 0x00, 0x00, 0x07, 0xff, 0xff,
    0xff, 0xf1, 0x3f, 0xff, 0xff, 0xff, 0x40, 0x00,
    0x00, 0x00, 0x00, 0x00, 0x00, 0x00, 0x09, 0xff,
    0xff, 0xff, 0xf0, 0x3f, 0xff, 0xff, 0xff, 0x40,
    0x00, 0x00, 0x00, 0x00, 0x00, 0x00, 0x00, 0x0e,
    0xff, 0xff, 0xff, 0xd0, 0x3f, 0xff, 0xff, 0xff,
    0x40, 0x00, 0x00, 0x00, 0x00, 0x00, 0x00, 0x00,
    0x4f, 0xff, 0xff, 0xff, 0x90, 0x3f, 0xff, 0xff,
    0xff, 0x40, 0x00, 0x00, 0x00, 0x00, 0x00, 0x00,
    0x00, 0xcf, 0xff, 0xff, 0xff, 0x40, 0x3f, 0xff,
    0xff, 0xff, 0x40, 0x00, 0x00, 0x00, 0x00, 0x00,
    0x00, 0x09, 0xff, 0xff, 0xff, 0xfe, 0x00, 0x3f,
    0xff, 0xff, 0xff, 0x40, 0x00, 0x00, 0x00, 0x00,
    0x00, 0x00, 0x8f, 0xff, 0xff, 0xff, 0xf6, 0x00,
    0x3f, 0xff, 0xff, 0xff, 0x40, 0x00, 0x00, 0x00,
    0x00, 0x00, 0x3c, 0xff, 0xff, 0xff, 0xff, 0xd0,
    0x00, 0x3f, 0xff, 0xff, 0xff, 0x51, 0x11, 0x11,
    0x11, 0x24, 0x8d, 0xff, 0xff, 0xff, 0xff, 0xff,
    0x30, 0x00, 0x3f, 0xff, 0xff, 0xff, 0xff, 0xff,
    0xff, 0xff, 0xff, 0xff, 0xff, 0xff, 0xff, 0xff,
    0xf5, 0x00, 0x00, 0x3f, 0xff, 0xff, 0xff, 0xff,
    0xff, 0xff, 0xff, 0xff, 0xff, 0xff, 0xff, 0xff,
    0xff, 0x50, 0x00, 0x00, 0x3f, 0xff, 0xff, 0xff,
    0xff, 0xff, 0xff, 0xff, 0xff, 0xff, 0xff, 0xff,
    0xff, 0xe3, 0x00, 0x00, 0x00, 0x3f, 0xff, 0xff,
    0xff, 0xff, 0xff, 0xff, 0xff, 0xff, 0xff, 0xff,
    0xff, 0xf8, 0x00, 0x00, 0x00, 0x00, 0x3f, 0xff,
    0xff, 0xff, 0xff, 0xff, 0xff, 0xff, 0xff, 0xff,
    0xff, 0xe8, 0x10, 0x00, 0x00, 0x00, 0x00, 0x3f,
    0xff, 0xff, 0xff, 0xff, 0xff, 0xff, 0xff, 0xfe,
    0xca, 0x73, 0x00, 0x00, 0x00, 0x00, 0x00, 0x00,

    /* U+0045 "E" */
    0x3f, 0xff, 0xff, 0xff, 0xff, 0xff, 0xff, 0xff,
    0xff, 0xff, 0xff, 0xff, 0xf2, 0x3f, 0xff, 0xff,
    0xff, 0xff, 0xff, 0xff, 0xff, 0xff, 0xff, 0xff,
    0xff, 0xf2, 0x3f, 0xff, 0xff, 0xff, 0xff, 0xff,
    0xff, 0xff, 0xff, 0xff, 0xff, 0xff, 0xf2, 0x3f,
    0xff, 0xff, 0xff, 0xff, 0xff, 0xff, 0xff, 0xff,
    0xff, 0xff, 0xff, 0xf2, 0x3f, 0xff, 0xff, 0xff,
    0xff, 0xff, 0xff, 0xff, 0xff, 0xff, 0xff, 0xff,
    0xf2, 0x3f, 0xff, 0xff, 0xff, 0xff, 0xff, 0xff,
    0xff, 0xff, 0xff, 0xff, 0xff, 0xf2, 0x3f, 0xff,
    0xff, 0xff, 0x30, 0x00, 0x00, 0x00, 0x00, 0x00,
    0x00, 0x00, 0x00, 0x3f, 0xff, 0xff, 0xff, 0x30,
    0x00, 0x00, 0x00, 0x00, 0x00, 0x00, 0x00, 0x00,
    0x3f, 0xff, 0xff, 0xff, 0x30, 0x00, 0x00, 0x00,
    0x00, 0x00, 0x00, 0x00, 0x00, 0x3f, 0xff, 0xff,
    0xff, 0x30, 0x00, 0x00, 0x00, 0x00, 0x00, 0x00,
    0x00, 0x00, 0x3f, 0xff, 0xff, 0xff, 0x30, 0x00,
    0x00, 0x00, 0x00, 0x00, 0x00, 0x00, 0x00, 0x3f,
    0xff, 0xff, 0xff, 0x30, 0x00, 0x00, 0x00, 0x00,
    0x00, 0x00, 0x00, 0x00, 0x3f, 0xff, 0xff, 0xff,
    0x30, 0x00, 0x00, 0x00, 0x00, 0x00, 0x00, 0x00,
    0x00, 0x3f, 0xff, 0xff, 0xff, 0xff, 0xff, 0xff,
    0xff, 0xff, 0xff, 0xff, 0xf2, 0x00, 0x3f, 0xff,
    0xff, 0xff, 0xff, 0xff, 0xff, 0xff, 0xff, 0xff,
    0xff, 0xf2, 0x00, 0x3f, 0xff, 0xff, 0xff, 0xff,
    0xff, 0xff, 0xff, 0xff, 0xff, 0xff, 0xf2, 0x00,
    0x3f, 0xff, 0xff, 0xff, 0xff, 0xff, 0xff, 0xff,
    0xff, 0xff, 0xff, 0xf2, 0x00, 0x3f, 0xff, 0xff,
    0xff, 0xff, 0xff, 0xff, 0xff, 0xff, 0xff, 0xff,
    0xf2, 0x00, 0x3f, 0xff, 0xff, 0xff, 0xdc, 0xcc,
    0xcc, 0xcc, 0xcc, 0xcc, 0xcc, 0xc2, 0x00, 0x3f,
    0xff, 0xff, 0xff, 0x30, 0x00, 0x00, 0x00, 0x00,
    0x00, 0x00, 0x00, 0x00, 0x3f, 0xff, 0xff, 0xff,
    0x30, 0x00, 0x00, 0x00, 0x00, 0x00, 0x00, 0x00,
    0x00, 0x3f, 0xff, 0xff, 0xff, 0x30, 0x00, 0x00,
    0x00, 0x00, 0x00, 0x00, 0x00, 0x00, 0x3f, 0xff,
    0xff, 0xff, 0x30, 0x00, 0x00, 0x00, 0x00, 0x00,
    0x00, 0x00, 0x00, 0x3f, 0xff, 0xff, 0xff, 0x30,
    0x00, 0x00, 0x00, 0x00, 0x00, 0x00, 0x00, 0x00,
    0x3f, 0xff, 0xff, 0xff, 0x30, 0x00, 0x00, 0x00,
    0x00, 0x00, 0x00, 0x00, 0x00, 0x3f, 0xff, 0xff,
    0xff, 0x30, 0x00, 0x00, 0x00, 0x00, 0x00, 0x00,
    0x00, 0x00, 0x3f, 0xff, 0xff, 0xff, 0xff, 0xff,
    0xff, 0xff, 0xff, 0xff, 0xff, 0xff, 0xfb, 0x3f,
    0xff, 0xff, 0xff, 0xff, 0xff, 0xff, 0xff, 0xff,
    0xff, 0xff, 0xff, 0xfc, 0x3f, 0xff, 0xff, 0xff,
    0xff, 0xff, 0xff, 0xff, 0xff, 0xff, 0xff, 0xff,
    0xfc, 0x3f, 0xff, 0xff, 0xff, 0xff, 0xff, 0xff,
    0xff, 0xff, 0xff, 0xff, 0xff, 0xfc, 0x3f, 0xff,
    0xff, 0xff, 0xff, 0xff, 0xff, 0xff, 0xff, 0xff,
    0xff, 0xff, 0xfc, 0x3f, 0xff, 0xff, 0xff, 0xff,
    0xff, 0xff, 0xff, 0xff, 0xff, 0xff, 0xff, 0xfc,

    /* U+0046 "F" */
    0x3f, 0xff, 0xff, 0xff, 0xff, 0xff, 0xff, 0xff,
    0xff, 0xff, 0xff, 0xff, 0xf2, 0x3f, 0xff, 0xff,
    0xff, 0xff, 0xff, 0xff, 0xff, 0xff, 0xff, 0xff,
    0xff, 0xf2, 0x3f, 0xff, 0xff, 0xff, 0xff, 0xff,
    0xff, 0xff, 0xff, 0xff, 0xff, 0xff, 0xf2, 0x3f,
    0xff, 0xff, 0xff, 0xff, 0xff, 0xff, 0xff, 0xff,
    0xff, 0xff, 0xff, 0xf2, 0x3f, 0xff, 0xff, 0xff,
    0xff, 0xff, 0xff, 0xff, 0xff, 0xff, 0xff, 0xff,
    0xf2, 0x3f, 0xff, 0xff, 0xff, 0xff, 0xff, 0xff,
    0xff, 0xff, 0xff, 0xff, 0xff, 0xf2, 0x3f, 0xff,
    0xff, 0xff, 0x40, 0x00, 0x00, 0x00, 0x00, 0x00,
    0x00, 0x00, 0x00, 0x3f, 0xff, 0xff, 0xff, 0x40,
    0x00, 0x00, 0x00, 0x00, 0x00, 0x00, 0x00, 0x00,
    0x3f, 0xff, 0xff, 0xff, 0x40, 0x00, 0x00, 0x00,
    0x00, 0x00, 0x00, 0x00, 0x00, 0x3f, 0xff, 0xff,
    0xff, 0x40, 0x00, 0x00, 0x00, 0x00, 0x00, 0x00,
    0x00, 0x00, 0x3f, 0xff, 0xff, 0xff, 0x40, 0x00,
    0x00, 0x00, 0x00, 0x00, 0x00, 0x00, 0x00, 0x3f,
    0xff, 0xff, 0xff, 0x40, 0x00, 0x00, 0x00, 0x00,
    0x00, 0x00, 0x00, 0x00, 0x3f, 0xff, 0xff, 0xff,
    0x40, 0x00, 0x00, 0x00, 0x00, 0x00, 0x00, 0x00,
    0x00, 0x3f, 0xff, 0xff, 0xff, 0x40, 0x00, 0x00,
    0x00, 0x00, 0x00, 0x00, 0x00, 0x00, 0x3f, 0xff,
    0xff, 0xff, 0xff, 0xff, 0xff, 0xff, 0xff, 0xff,
    0xff, 0xf2, 0x00, 0x3f, 0xff, 0xff, 0xff, 0xff,
    0xff, 0xff, 0xff, 0xff, 0xff, 0xff, 0xf2, 0x00,
    0x3f, 0xff, 0xff, 0xff, 0xff, 0xff, 0xff, 0xff,
    0xff, 0xff, 0xff, 0xf2, 0x00, 0x3f, 0xff, 0xff,
    0xff, 0xff, 0xff, 0xff, 0xff, 0xff, 0xff, 0xff,
    0xf2, 0x00, 0x3f, 0xff, 0xff, 0xff, 0xff, 0xff,
    0xff, 0xff, 0xff, 0xff, 0xff, 0xf2, 0x00, 0x3f,
    0xff, 0xff, 0xff, 0xff, 0xff, 0xff, 0xff, 0xff,
    0xff, 0xff, 0xf2, 0x00, 0x3f, 0xff, 0xff, 0xff,
    0x40, 0x00, 0x00, 0x00, 0x00, 0x00, 0x00, 0x00,
    0x00, 0x3f, 0xff, 0xff, 0xff, 0x40, 0x00, 0x00,
    0x00, 0x00, 0x00, 0x00, 0x00, 0x00, 0x3f, 0xff,
    0xff, 0xff, 0x40, 0x00, 0x00, 0x00, 0x00, 0x00,
    0x00, 0x00, 0x00, 0x3f, 0xff, 0xff, 0xff, 0x40,
    0x00, 0x00, 0x00, 0x00, 0x00, 0x00, 0x00, 0x00,
    0x3f, 0xff, 0xff, 0xff, 0x40, 0x00, 0x00, 0x00,
    0x00, 0x00, 0x00, 0x00, 0x00, 0x3f, 0xff, 0xff,
    0xff, 0x40, 0x00, 0x00, 0x00, 0x00, 0x00, 0x00,
    0x00, 0x00, 0x3f, 0xff, 0xff, 0xff, 0x40, 0x00,
    0x00, 0x00, 0x00, 0x00, 0x00, 0x00, 0x00, 0x3f,
    0xff, 0xff, 0xff, 0x40, 0x00, 0x00, 0x00, 0x00,
    0x00, 0x00, 0x00, 0x00, 0x3f, 0xff, 0xff, 0xff,
    0x40, 0x00, 0x00, 0x00, 0x00, 0x00, 0x00, 0x00,
    0x00, 0x3f, 0xff, 0xff, 0xff, 0x40, 0x00, 0x00,
    0x00, 0x00, 0x00, 0x00, 0x00, 0x00, 0x3f, 0xff,
    0xff, 0xff, 0x40, 0x00, 0x00, 0x00, 0x00, 0x00,
    0x00, 0x00, 0x00, 0x3f, 0xff, 0xff, 0xff, 0x40,
    0x00, 0x00, 0x00, 0x00, 0x00, 0x00, 0x00, 0x00,

    /* U+0047 "G" */
    0x00, 0x00, 0x00, 0x00, 0x00, 0x00, 0x00, 0x14,
    0x67, 0x77, 0x64, 0x20, 0x00, 0x00, 0x00, 0x00,
    0x00, 0x00, 0x00, 0x00, 0x00, 0x04, 0x9e, 0xff,
    0xff, 0xff, 0xff, 0xfe, 0xa5, 0x00, 0x00, 0x00,
    0x00, 0x00, 0x00, 0x00, 0x05, 0xcf, 0xff, 0xff,
    0xff, 0xff, 0xff, 0xff, 0xff, 0xe7, 0x00, 0x00,
    0x00, 0x00, 0x00, 0x02, 0xcf, 0xff, 0xff, 0xff,
    0xff, 0xff, 0xff, 0xff, 0xff, 0xff, 0xd3, 0x00,
    0x00, 0x00, 0x00, 0x5f, 0xff, 0xff, 0xff, 0xff,
    0xff, 0xff, 0xff, 0xff, 0xff, 0xff, 0xff, 0x60,
    0x00, 0x00, 0x08, 0xff, 0xff, 0xff, 0xff, 0xff,
    0xff, 0xff, 0xff, 0xff, 0xff, 0xff, 0xff, 0xf7,
    0x00, 0x00, 0x7f, 0xff, 0xff, 0xff, 0xff, 0xff,
    0xfe, 0xde, 0xff, 0xff, 0xff, 0xff, 0xff, 0xf7,
    0x00, 0x03, 0xff, 0xff, 0xff, 0xff, 0xff, 0x94,
    0x00, 0x00, 0x02, 0x7c, 0xff, 0xff, 0xff, 0x60,
    0x00, 0x0d, 0xff, 0xff, 0xff, 0xff, 0xa1, 0x00,
    0x00, 0x00, 0x00, 0x00, 0x5e, 0xff, 0xf5, 0x00,
    0x00, 0x7f, 0xff, 0xff, 0xff, 0xf7, 0x00, 0x00,
    0x00, 0x00, 0x00, 0x00, 0x01, 0xcf, 0x40, 0x00,
    0x00, 0xef, 0xff, 0xff, 0xff, 0x70, 0x00, 0x00,
    0x00, 0x00, 0x00, 0x00, 0x00, 0x02, 0x00, 0x00,
    0x04, 0xff, 0xff, 0xff, 0xfc, 0x00, 0x00, 0x00,
    0x00, 0x00, 0x00, 0x00, 0x00, 0x00, 0x00, 0x00,
    0x09, 0xff, 0xff, 0xff, 0xf4, 0x00, 0x00, 0x00,
    0x00, 0x00, 0x00, 0x00, 0x00, 0x00, 0x00, 0x00,
    0x0d, 0xff, 0xff, 0xff, 0xe0, 0x00, 0x00, 0x00,
    0x00, 0x00, 0x00, 0x00, 0x00, 0x00, 0x00, 0x00,
    0x0f, 0xff, 0xff, 0xff, 0x90, 0x00, 0x00, 0x00,
    0x00, 0x00, 0x00, 0x00, 0x00, 0x00, 0x00, 0x00,
    0x2f, 0xff, 0xff, 0xff, 0x70, 0x00, 0x00, 0x00,
    0x00, 0x00, 0x00, 0x00, 0x00, 0x00, 0x00, 0x00,
    0x2f, 0xff, 0xff, 0xff, 0x50, 0x00, 0x00, 0x00,
    0x00, 0x00, 0x00, 0x00, 0x38, 0x88, 0x88, 0x83,
    0x2f, 0xff, 0xff, 0xff, 0x50, 0x00, 0x00, 0x00,
    0x00, 0x00, 0x00, 0x00, 0x6f, 0xff, 0xff, 0xf6,
    0x2f, 0xff, 0xff, 0xff, 0x70, 0x00, 0x00, 0x00,
    0x00, 0x00, 0x00, 0x00, 0x6f, 0xff, 0xff, 0xf6,
    0x0f, 0xff, 0xff, 0xff, 0x90, 0x00, 0x00, 0x00,
    0x00, 0x00, 0x00, 0x00, 0x6f, 0xff, 0xff, 0xf6,
    0x0d, 0xff, 0xff, 0xff, 0xe0, 0x00, 0x00, 0x00,
    0x00, 0x00, 0x00, 0x00, 0x6f, 0xff, 0xff, 0xf6,
    0x09, 0xff, 0xff, 0xff, 0xf4, 0x00, 0x00, 0x00,
    0x00, 0x00, 0x00, 0x00, 0x6f, 0xff, 0xff, 0xf6,
    0x04, 0xff, 0xff, 0xff, 0xfc, 0x00, 0x00, 0x00,
    0x00, 0x00, 0x00, 0x00, 0x6f, 0xff, 0xff, 0xf6,
    0x00, 0xef, 0xff, 0xff, 0xff, 0x80, 0x00, 0x00,
    0x00, 0x00, 0x00, 0x00, 0x6f, 0xff, 0xff, 0xf6,
    0x00, 0x7f, 0xff, 0xff, 0xff, 0xf7, 0x00, 0x00,
    0x00, 0x00, 0x00, 0x00, 0x6f, 0xff, 0xff, 0xf6,
    0x00, 0x0d, 0xff, 0xff, 0xff, 0xff, 0xa1, 0x00,
    0x00, 0x00, 0x00, 0x00, 0x7f, 0xff, 0xff, 0xf6,
    0x00, 0x04, 0xff, 0xff, 0xff, 0xff, 0xff, 0x94,
    0x00, 0x00, 0x01, 0x5a, 0xff, 0xff, 0xff, 0xf6,
    0x00, 0x00, 0x7f, 0xff, 0xff, 0xff, 0xff, 0xff,
    0xfe, 0xdd, 0xef, 0xff, 0xff, 0xff, 0xff, 0xf6,
    0x00, 0x00, 0x08, 0xff, 0xff, 0xff, 0xff, 0xff,
    0xff, 0xff, 0xff, 0xff, 0xff, 0xff, 0xff, 0xf6,
    0x00, 0x00, 0x00, 0x6f, 0xff, 0xff, 0xff, 0xff,
    0xff, 0xff, 0xff, 0xff, 0xff, 0xff, 0xff, 0xe3,
    0x00, 0x00, 0x00, 0x02, 0xdf, 0xff, 0xff, 0xff,
    0xff, 0xff, 0xff, 0xff, 0xff, 0xff, 0xf9, 0x10,
    0x00, 0x00, 0x00, 0x00, 0x05, 0xdf, 0xff, 0xff,
    0xff, 0xff, 0xff, 0xff, 0xff, 0xf9, 0x20, 0x00,
    0x00, 0x00, 0x00, 0x00, 0x00, 0x05, 0xae, 0xff,
    0xff, 0xff, 0xff, 0xfe, 0xa5, 0x00, 0x00, 0x00,
    0x00, 0x00, 0x00, 0x00, 0x00, 0x00, 0x00, 0x24,
    0x67, 0x77, 0x64, 0x10, 0x00, 0x00, 0x00, 0x00,

    /* U+0048 "H" */
    0x3f, 0xff, 0xff, 0xff, 0x40, 0x00, 0x00, 0x00,
    0x00, 0x00, 0x00, 0x1f, 0xff, 0xff, 0xff, 0x53,
    0xff, 0xff, 0xff, 0xf4, 0x00, 0x00, 0x00, 0x00,
    0x00, 0x00, 0x01, 0xff, 0xff, 0xff, 0xf5, 0x3f,
    0xff, 0xff, 0xff, 0x40, 0x00, 0x00, 0x00, 0x00,
    0x00, 0x00, 0x1f, 0xff, 0xff, 0xff, 0x53, 0xff,
    0xff, 0xff, 0xf4, 0x00, 0x00, 0x00, 0x00, 0x00,
    0x00, 0x01, 0xff, 0xff, 0xff, 0xf5, 0x3f, 0xff,
    0xff, 0xff, 0x40, 0x00, 0x00, 0x00, 0x00, 0x00,
    0x00, 0x1f, 0xff, 0xff, 0xff, 0x53, 0xff, 0xff,
    0xff, 0xf4, 0x00, 0x00, 0x00, 0x00, 0x00, 0x00,
    0x01, 0xff, 0xff, 0xff, 0xf5, 0x3f, 0xff, 0xff,
    0xff, 0x40, 0x00, 0x00, 0x00, 0x00, 0x00, 0x00,
    0x1f, 0xff, 0xff, 0xff, 0x53, 0xff, 0xff, 0xff,
    0xf4, 0x00, 0x00, 0x00, 0x00, 0x00, 0x00, 0x01,
    0xff, 0xff, 0xff, 0xf5, 0x3f, 0xff, 0xff, 0xff,
    0x40, 0x00, 0x00, 0x00, 0x00, 0x00, 0x00, 0x1f,
    0xff, 0xff, 0xff, 0x53, 0xff, 0xff, 0xff, 0xf4,
    0x00, 0x00, 0x00, 0x00, 0x00, 0x00, 0x01, 0xff,
    0xff, 0xff, 0xf5, 0x3f, 0xff, 0xff, 0xff, 0x40,
    0x00, 0x00, 0x00, 0x00, 0x00, 0x00, 0x1f, 0xff,
    0xff, 0xff, 0x53, 0xff, 0xff, 0xff, 0xf4, 0x00,
    0x00, 0x00, 0x00, 0x00, 0x00, 0x01, 0xff, 0xff,
    0xff, 0xf5, 0x3f, 0xff, 0xff, 0xff, 0x74, 0x44,
    0x44, 0x44, 0x44, 0x44, 0x44, 0x5f, 0xff, 0xff,
    0xff, 0x53, 0xff, 0xff, 0xff, 0xff, 0xff, 0xff,
    0xff, 0xff, 0xff, 0xff, 0xff, 0xff, 0xff, 0xff,
    0xf5, 0x3f, 0xff, 0xff, 0xff, 0xff, 0xff, 0xff,
    0xff, 0xff, 0xff, 0xff, 0xff, 0xff, 0xff, 0xff,
    0x53, 0xff, 0xff, 0xff, 0xff, 0xff, 0xff, 0xff,
    0xff, 0xff, 0xff, 0xff, 0xff, 0xff, 0xff, 0xf5,
    0x3f, 0xff, 0xff, 0xff, 0xff, 0xff, 0xff, 0xff,
    0xff, 0xff, 0xff, 0xff, 0xff, 0xff, 0xff, 0x53,
    0xff, 0xff, 0xff, 0xff, 0xff, 0xff, 0xff, 0xff,
    0xff, 0xff, 0xff, 0xff, 0xff, 0xff, 0xf5, 0x3f,
    0xff, 0xff, 0xff, 0xff, 0xff, 0xff, 0xff, 0xff,
    0xff, 0xff, 0xff, 0xff, 0xff, 0xff, 0x53, 0xff,
    0xff, 0xff, 0xf4, 0x00, 0x00, 0x00, 0x00, 0x00,
    0x00, 0x01, 0xff, 0xff, 0xff, 0xf5, 0x3f, 0xff,
    0xff, 0xff, 0x40, 0x00, 0x00, 0x00, 0x00, 0x00,
    0x00, 0x1f, 0xff, 0xff, 0xff, 0x53, 0xff, 0xff,
    0xff, 0xf4, 0x00, 0x00, 0x00, 0x00, 0x00, 0x00,
    0x01, 0xff, 0xff, 0xff, 0xf5, 0x3f, 0xff, 0xff,
    0xff, 0x40, 0x00, 0x00, 0x00, 0x00, 0x00, 0x00,
    0x1f, 0xff, 0xff, 0xff, 0x53, 0xff, 0xff, 0xff,
    0xf4, 0x00, 0x00, 0x00, 0x00, 0x00, 0x00, 0x01,
    0xff, 0xff, 0xff, 0xf5, 0x3f, 0xff, 0xff, 0xff,
    0x40, 0x00, 0x00, 0x00, 0x00, 0x00, 0x00, 0x1f,
    0xff, 0xff, 0xff, 0x53, 0xff, 0xff, 0xff, 0xf4,
    0x00, 0x00, 0x00, 0x00, 0x00, 0x00, 0x01, 0xff,
    0xff, 0xff, 0xf5, 0x3f, 0xff, 0xff, 0xff, 0x40,
    0x00, 0x00, 0x00, 0x00, 0x00, 0x00, 0x1f, 0xff,
    0xff, 0xff, 0x53, 0xff, 0xff, 0xff, 0xf4, 0x00,
    0x00, 0x00, 0x00, 0x00, 0x00, 0x01, 0xff, 0xff,
    0xff, 0xf5, 0x3f, 0xff, 0xff, 0xff, 0x40, 0x00,
    0x00, 0x00, 0x00, 0x00, 0x00, 0x1f, 0xff, 0xff,
    0xff, 0x53, 0xff, 0xff, 0xff, 0xf4, 0x00, 0x00,
    0x00, 0x00, 0x00, 0x00, 0x01, 0xff, 0xff, 0xff,
    0xf5, 0x3f, 0xff, 0xff, 0xff, 0x40, 0x00, 0x00,
    0x00, 0x00, 0x00, 0x00, 0x1f, 0xff, 0xff, 0xff,
    0x53, 0xff, 0xff, 0xff, 0xf4, 0x00, 0x00, 0x00,
    0x00, 0x00, 0x00, 0x01, 0xff, 0xff, 0xff, 0xf5,

    /* U+0049 "I" */
    0x3f, 0xff, 0xff, 0xff, 0x43, 0xff, 0xff, 0xff,
    0xf4, 0x3f, 0xff, 0xff, 0xff, 0x43, 0xff, 0xff,
    0xff, 0xf4, 0x3f, 0xff, 0xff, 0xff, 0x43, 0xff,
    0xff, 0xff, 0xf4, 0x3f, 0xff, 0xff, 0xff, 0x43,
    0xff, 0xff, 0xff, 0xf4, 0x3f, 0xff, 0xff, 0xff,
    0x43, 0xff, 0xff, 0xff, 0xf4, 0x3f, 0xff, 0xff,
    0xff, 0x43, 0xff, 0xff, 0xff, 0xf4, 0x3f, 0xff,
    0xff, 0xff, 0x43, 0xff, 0xff, 0xff, 0xf4, 0x3f,
    0xff, 0xff, 0xff, 0x43, 0xff, 0xff, 0xff, 0xf4,
    0x3f, 0xff, 0xff, 0xff, 0x43, 0xff, 0xff, 0xff,
    0xf4, 0x3f, 0xff, 0xff, 0xff, 0x43, 0xff, 0xff,
    0xff, 0xf4, 0x3f, 0xff, 0xff, 0xff, 0x43, 0xff,
    0xff, 0xff, 0xf4, 0x3f, 0xff, 0xff, 0xff, 0x43,
    0xff, 0xff, 0xff, 0xf4, 0x3f, 0xff, 0xff, 0xff,
    0x43, 0xff, 0xff, 0xff, 0xf4, 0x3f, 0xff, 0xff,
    0xff, 0x43, 0xff, 0xff, 0xff, 0xf4, 0x3f, 0xff,
    0xff, 0xff, 0x43, 0xff, 0xff, 0xff, 0xf4, 0x3f,
    0xff, 0xff, 0xff, 0x43, 0xff, 0xff, 0xff, 0xf4,

    /* U+004A "J" */
    0x00, 0x06, 0xff, 0xff, 0xff, 0xff, 0xff, 0xff,
    0xff, 0xff, 0xff, 0x50, 0x00, 0x6f, 0xff, 0xff,
    0xff, 0xff, 0xff, 0xff, 0xff, 0xff, 0xf5, 0x00,
    0x06, 0xff, 0xff, 0xff, 0xff, 0xff, 0xff, 0xff,
    0xff, 0xff, 0x50, 0x00, 0x6f, 0xff, 0xff, 0xff,
    0xff, 0xff, 0xff, 0xff, 0xff, 0xf5, 0x00, 0x06,
    0xff, 0xff, 0xff, 0xff, 0xff, 0xff, 0xff, 0xff,
    0xff, 0x50, 0x00, 0x5f, 0xff, 0xff, 0xff, 0xff,
    0xff, 0xff, 0xff, 0xff, 0xf5, 0x00, 0x00, 0x00,
    0x00, 0x00, 0x00, 0x00, 0x1f, 0xff, 0xff, 0xff,
    0x50, 0x00, 0x00, 0x00, 0x00, 0x00, 0x00, 0x01,
    0xff, 0xff, 0xff, 0xf5, 0x00, 0x00, 0x00, 0x00,
    0x00, 0x00, 0x00, 0x1f, 0xff, 0xff, 0xff, 0x50,
    0x00, 0x00, 0x00, 0x00, 0x00, 0x00, 0x01, 0xff,
    0xff, 0xff, 0xf5, 0x00, 0x00, 0x00, 0x00, 0x00,
    0x00, 0x00, 0x1f, 0xff, 0xff, 0xff, 0x50, 0x00,
    0x00, 0x00, 0x00, 0x00, 0x00, 0x01, 0xff, 0xff,
    0xff, 0xf5, 0x00, 0x00, 0x00, 0x00, 0x00, 0x00,
    0x00, 0x1f, 0xff, 0xff, 0xff, 0x50, 0x00, 0x00,
    0x00, 0x00, 0x00, 0x00, 0x01, 0xff, 0xff, 0xff,
    0xf5, 0x00, 0x00, 0x00, 0x00, 0x00, 0x00, 0x00,
    0x1f, 0xff, 0xff, 0xff, 0x50, 0x00, 0x00, 0x00,
    0x00, 0x00, 0x00, 0x01, 0xff, 0xff, 0xff, 0xf5,
    0x00, 0x00, 0x00, 0x00, 0x00, 0x00, 0x00, 0x1f,
    0xff, 0xff, 0xff, 0x50, 0x00, 0x00, 0x00, 0x00,
    0x00, 0x00, 0x01, 0xff, 0xff, 0xff, 0xf5, 0x00,
    0x00, 0x00, 0x00, 0x00, 0x00, 0x00, 0x1f, 0xff,
    0xff, 0xff, 0x50, 0x00, 0x00, 0x00, 0x00, 0x00,
    0x00, 0x01, 0xff, 0xff, 0xff, 0xf5, 0x00, 0x00,
    0x00, 0x00, 0x00, 0x00, 0x00, 0x1f, 0xff, 0xff,
    0xff, 0x50, 0x00, 0x00, 0x00, 0x00, 0x00, 0x00,
    0x01, 0xff, 0xff, 0xff, 0xf4, 0x00, 0x00, 0x00,
    0x00, 0x00, 0x00, 0x00, 0x2f, 0xff, 0xff, 0xff,
    0x30, 0x00, 0x2c, 0x10, 0x00, 0x00, 0x00, 0x06,
    0xff, 0xff, 0xff, 0xf2, 0x00, 0x1d, 0xfc, 0x10,
    0x00, 0x00, 0x00, 0xcf, 0xff, 0xff, 0xfe, 0x00,
    0x0c, 0xff, 0xfe, 0x50, 0x00, 0x00, 0xaf, 0xff,
    0xff, 0xff, 0xb0, 0x09, 0xff, 0xff, 0xff, 0xeb,
    0x9b, 0xff, 0xff, 0xff, 0xff, 0xf5, 0x06, 0xff,
    0xff, 0xff, 0xff, 0xff, 0xff, 0xff, 0xff, 0xff,
    0xfd, 0x00, 0x3f, 0xff, 0xff, 0xff, 0xff, 0xff,
    0xff, 0xff, 0xff, 0xff, 0x30, 0x00, 0x3e, 0xff,
    0xff, 0xff, 0xff, 0xff, 0xff, 0xff, 0xff, 0x60,
    0x00, 0x00, 0x1a, 0xff, 0xff, 0xff, 0xff, 0xff,
    0xff, 0xfe, 0x40, 0x00, 0x00, 0x00, 0x02, 0x9e,
    0xff, 0xff, 0xff, 0xff, 0xd6, 0x00, 0x00, 0x00,
    0x00, 0x00, 0x00, 0x02, 0x57, 0x77, 0x64, 0x10,
    0x00, 0x00, 0x00, 0x00,

    /* U+004B "K" */
    0x3f, 0xff, 0xff, 0xff, 0x30, 0x00, 0x00, 0x00,
    0x00, 0x00, 0x01, 0xef, 0xff, 0xff, 0xff, 0x40,
    0x3f, 0xff, 0xff, 0xff, 0x30, 0x00, 0x00, 0x00,
    0x00, 0x00, 0x1d, 0xff, 0xff, 0xff, 0xf5, 0x00,
    0x3f, 0xff, 0xff, 0xff, 0x30, 0x00, 0x00, 0x00,
    0x00, 0x01, 0xdf, 0xff, 0xff, 0xff, 0x60, 0x00,
    0x3f, 0xff, 0xff, 0xff, 0x30, 0x00, 0x00, 0x00,
    0x00, 0x0c, 0xff, 0xff, 0xff, 0xf7, 0x00, 0x00,
    0x3f, 0xff, 0xff, 0xff, 0x30, 0x00, 0x00, 0x00,
    0x00, 0xcf, 0xff, 0xff, 0xff, 0x80, 0x00, 0x00,
    0x3f, 0xff, 0xff, 0xff, 0x30, 0x00, 0x00, 0x00,
    0x0b, 0xff, 0xff, 0xff, 0xf9, 0x00, 0x00, 0x00,
    0x3f, 0xff, 0xff, 0xff, 0x30, 0x00, 0x00, 0x00,
    0xbf, 0xff, 0xff, 0xff, 0xa0, 0x00, 0x00, 0x00,
    0x3f, 0xff, 0xff, 0xff, 0x30, 0x00, 0x00, 0x0a,
    0xff, 0xff, 0xff, 0xfb, 0x00, 0x00, 0x00, 0x00,
    0x3f, 0xff, 0xff, 0xff, 0x30, 0x00, 0x00, 0x9f,
    0xff, 0xff, 0xff, 0xc0, 0x00, 0x00, 0x00, 0x00,
    0x3f, 0xff, 0xff, 0xff, 0x30, 0x00, 0x09, 0xff,
    0xff, 0xff, 0xfd, 0x10, 0x00, 0x00, 0x00, 0x00,
    0x3f, 0xff, 0xff, 0xff, 0x30, 0x00, 0x8f, 0xff,
    0xff, 0xff, 0xd1, 0x00, 0x00, 0x00, 0x00, 0x00,
    0x3f, 0xff, 0xff, 0xff, 0x30, 0x07, 0xff, 0xff,
    0xff, 0xfe, 0x10, 0x00, 0x00, 0x00, 0x00, 0x00,
    0x3f, 0xff, 0xff, 0xff, 0x30, 0x7f, 0xff, 0xff,
    0xff, 0xe2, 0x00, 0x00, 0x00, 0x00, 0x00, 0x00,
    0x3f, 0xff, 0xff, 0xff, 0x36, 0xff, 0xff, 0xff,
    0xff, 0x30, 0x00, 0x00, 0x00, 0x00, 0x00, 0x00,
    0x3f, 0xff, 0xff, 0xff, 0x9f, 0xff, 0xff, 0xff,
    0xfa, 0x00, 0x00, 0x00, 0x00, 0x00, 0x00, 0x00,
    0x3f, 0xff, 0xff, 0xff, 0xff, 0xff, 0xff, 0xff,
    0xff, 0x60, 0x00, 0x00, 0x00, 0x00, 0x00, 0x00,
    0x3f, 0xff, 0xff, 0xff, 0xff, 0xff, 0xff, 0xff,
    0xff, 0xf3, 0x00, 0x00, 0x00, 0x00, 0x00, 0x00,
    0x3f, 0xff, 0xff, 0xff, 0xff, 0xff, 0xff, 0xff,
    0xff, 0xfe, 0x10, 0x00, 0x00, 0x00, 0x00, 0x00,
    0x3f, 0xff, 0xff, 0xff, 0xff, 0xff, 0xff, 0xff,
    0xff, 0xff, 0xc0, 0x00, 0x00, 0x00, 0x00, 0x00,
    0x3f, 0xff, 0xff, 0xff, 0xff, 0xff, 0xbf, 0xff,
    0xff, 0xff, 0xf9, 0x00, 0x00, 0x00, 0x00, 0x00,
    0x3f, 0xff, 0xff, 0xff, 0xff, 0xf7, 0x09, 0xff,
    0xff, 0xff, 0xff, 0x60, 0x00, 0x00, 0x00, 0x00,
    0x3f, 0xff, 0xff, 0xff, 0xff, 0x80, 0x00, 0xcf,
    0xff, 0xff, 0xff, 0xf3, 0x00, 0x00, 0x00, 0x00,
    0x3f, 0xff, 0xff, 0xff, 0xf8, 0x00, 0x00, 0x1e,
    0xff, 0xff, 0xff, 0xfe, 0x10, 0x00, 0x00, 0x00,
    0x3f, 0xff, 0xff, 0xff, 0x90, 0x00, 0x00, 0x02,
    0xff, 0xff, 0xff, 0xff, 0xc0, 0x00, 0x00, 0x00,
    0x3f, 0xff, 0xff, 0xff, 0x30, 0x00, 0x00, 0x00,
    0x5f, 0xff, 0xff, 0xff, 0xf9, 0x00, 0x00, 0x00,
    0x3f, 0xff, 0xff, 0xff, 0x30, 0x00, 0x00, 0x00,
    0x07, 0xff, 0xff, 0xff, 0xff, 0x50, 0x00, 0x00,
    0x3f, 0xff, 0xff, 0xff, 0x30, 0x00, 0x00, 0x00,
    0x00, 0xaf, 0xff, 0xff, 0xff, 0xf3, 0x00, 0x00,
    0x3f, 0xff, 0xff, 0xff, 0x30, 0x00, 0x00, 0x00,
    0x00, 0x0c, 0xff, 0xff, 0xff, 0xfe, 0x10, 0x00,
    0x3f, 0xff, 0xff, 0xff, 0x30, 0x00, 0x00, 0x00,
    0x00, 0x01, 0xef, 0xff, 0xff, 0xff, 0xb0, 0x00,
    0x3f, 0xff, 0xff, 0xff, 0x30, 0x00, 0x00, 0x00,
    0x00, 0x00, 0x3f, 0xff, 0xff, 0xff, 0xf8, 0x00,
    0x3f, 0xff, 0xff, 0xff, 0x30, 0x00, 0x00, 0x00,
    0x00, 0x00, 0x06, 0xff, 0xff, 0xff, 0xff, 0x50,
    0x3f, 0xff, 0xff, 0xff, 0x30, 0x00, 0x00, 0x00,
    0x00, 0x00, 0x00, 0x8f, 0xff, 0xff, 0xff, 0xf2,

    /* U+004C "L" */
    0x3f, 0xff, 0xff, 0xff, 0x40, 0x00, 0x00, 0x00,
    0x00, 0x00, 0x00, 0x00, 0x03, 0xff, 0xff, 0xff,
    0xf4, 0x00, 0x00, 0x00, 0x00, 0x00, 0x00, 0x00,
    0x00, 0x3f, 0xff, 0xff, 0xff, 0x40, 0x00, 0x00,
    0x00, 0x00, 0x00, 0x00, 0x00, 0x03, 0xff, 0xff,
    0xff, 0xf4, 0x00, 0x00, 0x00, 0x00, 0x00, 0x00,
    0x00, 0x00, 0x3f, 0xff, 0xff, 0xff, 0x40, 0x00,
    0x00, 0x00, 0x00, 0x00, 0x00, 0x00, 0x03, 0xff,
    0xff, 0xff, 0xf4, 0x00, 0x00, 0x00, 0x00, 0x00,
    0x00, 0x00, 0x00, 0x3f, 0xff, 0xff, 0xff, 0x40,
    0x00, 0x00, 0x00, 0x00, 0x00, 0x00, 0x00, 0x03,
    0xff, 0xff, 0xff, 0xf4, 0x00, 0x00, 0x00, 0x00,
    0x00, 0x00, 0x00, 0x00, 0x3f, 0xff, 0xff, 0xff,
    0x40, 0x00, 0x00, 0x00, 0x00, 0x00, 0x00, 0x00,
    0x03, 0xff, 0xff, 0xff, 0xf4, 0x00, 0x00, 0x00,
    0x00, 0x00, 0x00, 0x00, 0x00, 0x3f, 0xff, 0xff,
    0xff, 0x40, 0x00, 0x00, 0x00, 0x00, 0x00, 0x00,
    0x00, 0x03, 0xff, 0xff, 0xff, 0xf4, 0x00, 0x00,
    0x00, 0x00, 0x00, 0x00, 0x00, 0x00, 0x3f, 0xff,
    0xff, 0xff, 0x40, 0x00, 0x00, 0x00, 0x00, 0x00,
    0x00, 0x00, 0x03, 0xff, 0xff, 0xff, 0xf4, 0x00,
    0x00, 0x00, 0x00, 0x00, 0x00, 0x00, 0x00, 0x3f,
    0xff, 0xff, 0xff, 0x40, 0x00, 0x00, 0x00, 0x00,
    0x00, 0x00, 0x00, 0x03, 0xff, 0xff, 0xff, 0xf4,
    0x00, 0x00, 0x00, 0x00, 0x00, 0x00, 0x00, 0x00,
    0x3f, 0xff, 0xff, 0xff, 0x40, 0x00, 0x00, 0x00,
    0x00, 0x00, 0x00, 0x00, 0x03, 0xff, 0xff, 0xff,
    0xf4, 0x00, 0x00, 0x00, 0x00, 0x00, 0x00, 0x00,
    0x00, 0x3f, 0xff, 0xff, 0xff, 0x40, 0x00, 0x00,
    0x00, 0x00, 0x00, 0x00, 0x00, 0x03, 0xff, 0xff,
    0xff, 0xf4, 0x00, 0x00, 0x00, 0x00, 0x00, 0x00,
    0x00, 0x00, 0x3f, 0xff, 0xff, 0xff, 0x40, 0x00,
    0x00, 0x00, 0x00, 0x00, 0x00, 0x00, 0x03, 0xff,
    0xff, 0xff, 0xf4, 0x00, 0x00, 0x00, 0x00, 0x00,
    0x00, 0x00, 0x00, 0x3f, 0xff, 0xff, 0xff, 0x40,
    0x00, 0x00, 0x00, 0x00, 0x00, 0x00, 0x00, 0x03,
    0xff, 0xff, 0xff, 0xf4, 0x00, 0x00, 0x00, 0x00,
    0x00, 0x00, 0x00, 0x00, 0x3f, 0xff, 0xff, 0xff,
    0x40, 0x00, 0x00, 0x00, 0x00, 0x00, 0x00, 0x00,
    0x03, 0xff, 0xff, 0xff, 0xf4, 0x00, 0x00, 0x00,
    0x00, 0x00, 0x00, 0x00, 0x00, 0x3f, 0xff, 0xff,
    0xff, 0xff, 0xff, 0xff, 0xff, 0xff, 0xff, 0xff,
    0xff, 0x63, 0xff, 0xff, 0xff, 0xff, 0xff, 0xff,
    0xff, 0xff, 0xff, 0xff, 0xff, 0xf6, 0x3f, 0xff,
    0xff, 0xff, 0xff, 0xff, 0xff, 0xff, 0xff, 0xff,
    0xff, 0xff, 0x63, 0xff, 0xff, 0xff, 0xff, 0xff,
    0xff, 0xff, 0xff, 0xff, 0xff, 0xff, 0xf6, 0x3f,
    0xff, 0xff, 0xff, 0xff, 0xff, 0xff, 0xff, 0xff,
    0xff, 0xff, 0xff, 0x63, 0xff, 0xff, 0xff, 0xff,
    0xff, 0xff, 0xff, 0xff, 0xff, 0xff, 0xff, 0xf6,

    /* U+004D "M" */
    0x3f, 0xff, 0xff, 0xf4, 0x00, 0x00, 0x00, 0x00,
    0x00, 0x00, 0x00, 0x00, 0x00, 0x00, 0x00, 0x6f,
    0xff, 0xff, 0xf0, 0x3f, 0xff, 0xff, 0xfd, 0x00,
    0x00, 0x00, 0x00, 0x00, 0x00, 0x00, 0x00, 0x00,
    0x00, 0x01, 0xef, 0xff, 0xff, 0xf0, 0x3f, 0xff,
    0xff, 0xff, 0x70, 0x00, 0x00, 0x00, 0x00, 0x00,
    0x00, 0x00, 0x00, 0x00, 0x09, 0xff, 0xff, 0xff,
    0xf0, 0x3f, 0xff, 0xff, 0xff, 0xf2, 0x00, 0x00,
    0x00, 0x00, 0x00, 0x00, 0x00, 0x00, 0x00, 0x3f,
    0xff, 0xff, 0xff, 0xf0, 0x3f, 0xff, 0xff, 0xff,
    0xfb, 0x00, 0x00, 0x00, 0x00, 0x00, 0x00, 0x00,
    0x00, 0x00, 0xcf, 0xff, 0xff, 0xff, 0xf0, 0x3f,
    0xff, 0xff, 0xff, 0xff, 0x50, 0x00, 0x00, 0x00,
    0x00, 0x00, 0x00, 0x00, 0x06, 0xff, 0xff, 0xff,
    0xff, 0xf0, 0x3f, 0xff, 0xff, 0xff, 0xff, 0xe0,
    0x00, 0x00, 0x00, 0x00, 0x00, 0x00, 0x00, 0x1e,
    0xff, 0xff, 0xff, 0xff, 0xf0, 0x3f, 0xff, 0xff,
    0xff, 0xff, 0xf8, 0x00, 0x00, 0x00, 0x00, 0x00,
    0x00, 0x00, 0x9f, 0xff, 0xff, 0xff, 0xff, 0xf0,
    0x3f, 0xff, 0xff, 0xff, 0xff, 0xff, 0x20, 0x00,
    0x00, 0x00, 0x00, 0x00, 0x02, 0xff, 0xff, 0xff,
    0xff, 0xff, 0xf0, 0x3f, 0xff, 0xff, 0xff, 0xff,
    0xff, 0xb0, 0x00, 0x00, 0x00, 0x00, 0x00, 0x0c,
    0xff, 0xff, 0xff, 0xff, 0xff, 0xf0, 0x3f, 0xff,
    0xff, 0xff, 0xff, 0xff, 0xf5, 0x00, 0x00, 0x00,
    0x00, 0x00, 0x5f, 0xff, 0xff, 0xff, 0xff, 0xff,
    0xf0, 0x3f, 0xff, 0xff, 0xff, 0xff, 0xff, 0xfe,
    0x00, 0x00, 0x00, 0x00, 0x00, 0xef, 0xff, 0xff,
    0xff, 0xff, 0xff, 0xf0, 0x3f, 0xff, 0xff, 0xff,
    0xff, 0xff, 0xff, 0x80, 0x00, 0x00, 0x00, 0x09,
    0xff, 0xff, 0xff, 0xff, 0xff, 0xff, 0xf0, 0x3f,
    0xff, 0xff, 0xfd, 0xef, 0xff, 0xff, 0xf2, 0x00,
    0x00, 0x00, 0x2f, 0xff, 0xff, 0xfa, 0xef, 0xff,
    0xff, 0xf0, 0x3f, 0xff, 0xff, 0xfd, 0x5f, 0xff,
    0xff, 0xfc, 0x00, 0x00, 0x00, 0xcf, 0xff, 0xff,
    0xf1, 0xef, 0xff, 0xff, 0xf0, 0x3f, 0xff, 0xff,
    0xfd, 0x0c, 0xff, 0xff, 0xff, 0x60, 0x00, 0x05,
    0xff, 0xff, 0xff, 0x70, 0xef, 0xff, 0xff, 0xf0,
    0x3f, 0xff, 0xff, 0xfd, 0x02, 0xff, 0xff, 0xff,
    0xe1, 0x00, 0x0e, 0xff, 0xff, 0xfd, 0x00, 0xef,
    0xff, 0xff, 0xf0, 0x3f, 0xff, 0xff, 0xfd, 0x00,
    0x8f, 0xff, 0xff, 0xf9, 0x00, 0x8f, 0xff, 0xff,
    0xf4, 0x00, 0xef, 0xff, 0xff, 0xf1, 0x3f, 0xff,
    0xff, 0xfd, 0x00, 0x0e, 0xff, 0xff, 0xff, 0x32,
    0xff, 0xff, 0xff, 0xa0, 0x00, 0xef, 0xff, 0xff,
    0xf1, 0x3f, 0xff, 0xff, 0xfd, 0x00, 0x05, 0xff,
    0xff, 0xff, 0xcb, 0xff, 0xff, 0xff, 0x10, 0x00,
    0xef, 0xff, 0xff, 0xf1, 0x3f, 0xff, 0xff, 0xfd,
    0x00, 0x00, 0xbf, 0xff, 0xff, 0xff, 0xff, 0xff,
    0xf7, 0x00, 0x00, 0xef, 0xff, 0xff, 0xf1, 0x3f,
    0xff, 0xff, 0xfd, 0x00, 0x00, 0x2f, 0xff, 0xff,
    0xff, 0xff, 0xff, 0xd0, 0x00, 0x00, 0xef, 0xff,
    0xff, 0xf1, 0x3f, 0xff, 0xff, 0xfd, 0x00, 0x00,
    0x07, 0xff, 0xff, 0xff, 0xff, 0xff, 0x40, 0x00,
    0x00, 0xef, 0xff, 0xff, 0xf1, 0x3f, 0xff, 0xff,
    0xfd, 0x00, 0x00, 0x00, 0xdf, 0xff, 0xff, 0xff,
    0xfa, 0x00, 0x00, 0x00, 0xef, 0xff, 0xff, 0xf1,
    0x3f, 0xff, 0xff, 0xfd, 0x00, 0x00, 0x00, 0x4f,
    0xff, 0xff, 0xff, 0xf1, 0x00, 0x00, 0x00, 0xef,
    0xff, 0xff, 0xf1, 0x3f, 0xff, 0xff, 0xfd, 0x00,
    0x00, 0x00, 0x0a, 0xff, 0xff, 0xff, 0x70, 0x00,
    0x00, 0x00, 0xef, 0xff, 0xff, 0xf1, 0x3f, 0xff,
    0xff, 0xfd, 0x00, 0x00, 0x00, 0x01, 0xff, 0xff,
    0xfd, 0x00, 0x00, 0x00, 0x00, 0xef, 0xff, 0xff,
    0xf1, 0x3f, 0xff, 0xff, 0xfd, 0x00, 0x00, 0x00,
    0x00, 0x7f, 0xff, 0xf4, 0x00, 0x00, 0x00, 0x00,
    0xef, 0xff, 0xff, 0xf1, 0x3f, 0xff, 0xff, 0xfd,
    0x00, 0x00, 0x00, 0x00, 0x09, 0x99, 0x70, 0x00,
    0x00, 0x00, 0x00, 0xef, 0xff, 0xff, 0xf1, 0x3f,
    0xff, 0xff, 0xfd, 0x00, 0x00, 0x00, 0x00, 0x00,
    0x00, 0x00, 0x00, 0x00, 0x00, 0x00, 0xef, 0xff,
    0xff, 0xf1, 0x3f, 0xff, 0xff, 0xfd, 0x00, 0x00,
    0x00, 0x00, 0x00, 0x00, 0x00, 0x00, 0x00, 0x00,
    0x00, 0xef, 0xff, 0xff, 0xf1, 0x3f, 0xff, 0xff,
    0xfd, 0x00, 0x00, 0x00, 0x00, 0x00, 0x00, 0x00,
    0x00, 0x00, 0x00, 0x00, 0xef, 0xff, 0xff, 0xf1,

    /* U+004E "N" */
    0x3f, 0xff, 0xff, 0xf6, 0x00, 0x00, 0x00, 0x00,
    0x00, 0x00, 0x00, 0x0f, 0xff, 0xff, 0xff, 0x53,
    0xff, 0xff, 0xff, 0xf3, 0x00, 0x00, 0x00, 0x00,
    0x00, 0x00, 0x00, 0xff, 0xff, 0xff, 0xf5, 0x3f,
    0xff, 0xff, 0xff, 0xe1, 0x00, 0x00, 0x00, 0x00,
    0x00, 0x00, 0x0f, 0xff, 0xff, 0xff, 0x53, 0xff,
    0xff, 0xff, 0xff, 0xd0, 0x00, 0x00, 0x00, 0x00,
    0x00, 0x00, 0xff, 0xff, 0xff, 0xf5, 0x3f, 0xff,
    0xff, 0xff, 0xff, 0xa0, 0x00, 0x00, 0x00, 0x00,
    0x00, 0x0f, 0xff, 0xff, 0xff, 0x53, 0xff, 0xff,
    0xff, 0xff, 0xff, 0x80, 0x00, 0x00, 0x00, 0x00,
    0x00, 0xff, 0xff, 0xff, 0xf5, 0x3f, 0xff, 0xff,
    0xff, 0xff, 0xff, 0x50, 0x00, 0x00, 0x00, 0x00,
    0x0f, 0xff, 0xff, 0xff, 0x53, 0xff, 0xff, 0xff,
    0xff, 0xff, 0xff, 0x30, 0x00, 0x00, 0x00, 0x00,
    0xff, 0xff, 0xff, 0xf5, 0x3f, 0xff, 0xff, 0xff,
    0xff, 0xff, 0xfe, 0x10, 0x00, 0x00, 0x00, 0x0f,
    0xff, 0xff, 0xff, 0x53, 0xff, 0xff, 0xff, 0xff,
    0xff, 0xff, 0xfc, 0x00, 0x00, 0x00, 0x00, 0xff,
    0xff, 0xff, 0xf5, 0x3f, 0xff, 0xff, 0xff, 0xff,
    0xff, 0xff, 0xf9, 0x00, 0x00, 0x00, 0x0f, 0xff,
    0xff, 0xff, 0x53, 0xff, 0xff, 0xff, 0xff, 0xff,
    0xff, 0xff, 0xf6, 0x00, 0x00, 0x00, 0xff, 0xff,
    0xff, 0xf5, 0x3f, 0xff, 0xff, 0xff, 0xef, 0xff,
    0xff, 0xff, 0xf4, 0x00, 0x00, 0x0f, 0xff, 0xff,
    0xff, 0x53, 0xff, 0xff, 0xff, 0xf4, 0xef, 0xff,
    0xff, 0xff, 0xe2, 0x00, 0x00, 0xff, 0xff, 0xff,
    0xf5, 0x3f, 0xff, 0xff, 0xff, 0x23, 0xff, 0xff,
    0xff, 0xff, 0xd0, 0x00, 0x0f, 0xff, 0xff, 0xff,
    0x53, 0xff, 0xff, 0xff, 0xf2, 0x06, 0xff, 0xff,
    0xff, 0xff, 0xb0, 0x00, 0xff, 0xff, 0xff, 0xf5,
    0x3f, 0xff, 0xff, 0xff, 0x20, 0x08, 0xff, 0xff,
    0xff, 0xff, 0x80, 0x0f, 0xff, 0xff, 0xff, 0x53,
    0xff, 0xff, 0xff, 0xf2, 0x00, 0x0b, 0xff, 0xff,
    0xff, 0xff, 0x50, 0xff, 0xff, 0xff, 0xf5, 0x3f,
    0xff, 0xff, 0xff, 0x20, 0x00, 0x0d, 0xff, 0xff,
    0xff, 0xff, 0x3f, 0xff, 0xff, 0xff, 0x53, 0xff,
    0xff, 0xff, 0xf2, 0x00, 0x00, 0x2e, 0xff, 0xff,
    0xff, 0xfe, 0xff, 0xff, 0xff, 0xf5, 0x3f, 0xff,
    0xff, 0xff, 0x20, 0x00, 0x00, 0x4f, 0xff, 0xff,
    0xff, 0xff, 0xff, 0xff, 0xff, 0x53, 0xff, 0xff,
    0xff, 0xf2, 0x00, 0x00, 0x00, 0x6f, 0xff, 0xff,
    0xff, 0xff, 0xff, 0xff, 0xf5, 0x3f, 0xff, 0xff,
    0xff, 0x20, 0x00, 0x00, 0x00, 0x9f, 0xff, 0xff,
    0xff, 0xff, 0xff, 0xff, 0x53, 0xff, 0xff, 0xff,
    0xf2, 0x00, 0x00, 0x00, 0x00, 0xcf, 0xff, 0xff,
    0xff, 0xff, 0xff, 0xf5, 0x3f, 0xff, 0xff, 0xff,
    0x20, 0x00, 0x00, 0x00, 0x01, 0xdf, 0xff, 0xff,
    0xff, 0xff, 0xff, 0x53, 0xff, 0xff, 0xff, 0xf2,
    0x00, 0x00, 0x00, 0x00, 0x02, 0xff, 0xff, 0xff,
    0xff, 0xff, 0xf5, 0x3f, 0xff, 0xff, 0xff, 0x20,
    0x00, 0x00, 0x00, 0x00, 0x05, 0xff, 0xff, 0xff,
    0xff, 0xff, 0x53, 0xff, 0xff, 0xff, 0xf2, 0x00,
    0x00, 0x00, 0x00, 0x00, 0x07, 0xff, 0xff, 0xff,
    0xff, 0xf5, 0x3f, 0xff, 0xff, 0xff, 0x20, 0x00,
    0x00, 0x00, 0x00, 0x00, 0x0a, 0xff, 0xff, 0xff,
    0xff, 0x53, 0xff, 0xff, 0xff, 0xf2, 0x00, 0x00,
    0x00, 0x00, 0x00, 0x00, 0x0c, 0xff, 0xff, 0xff,
    0xf5, 0x3f, 0xff, 0xff, 0xff, 0x20, 0x00, 0x00,
    0x00, 0x00, 0x00, 0x00, 0x1e, 0xff, 0xff, 0xff,
    0x53, 0xff, 0xff, 0xff, 0xf2, 0x00, 0x00, 0x00,
    0x00, 0x00, 0x00, 0x00, 0x3f, 0xff, 0xff, 0xf5,

    /* U+004F "O" */
    0x00, 0x00, 0x00, 0x00, 0x00, 0x00, 0x00, 0x24,
    0x67, 0x77, 0x64, 0x10, 0x00, 0x00, 0x00, 0x00,
    0x00, 0x00, 0x00, 0x00, 0x00, 0x00, 0x00, 0x00,
    0x4a, 0xef, 0xff, 0xff, 0xff, 0xff, 0xd9, 0x30,
    0x00, 0x00, 0x00, 0x00, 0x00, 0x00, 0x00, 0x00,
    0x00, 0x06, 0xdf, 0xff, 0xff, 0xff, 0xff, 0xff,
    0xff, 0xff, 0xb3, 0x00, 0x00, 0x00, 0x00, 0x00,
    0x00, 0x00, 0x00, 0x2d, 0xff, 0xff, 0xff, 0xff,
    0xff, 0xff, 0xff, 0xff, 0xff, 0xfb, 0x10, 0x00,
    0x00, 0x00, 0x00, 0x00, 0x00, 0x6f, 0xff, 0xff,
    0xff, 0xff, 0xff, 0xff, 0xff, 0xff, 0xff, 0xff,
    0xfe, 0x30, 0x00, 0x00, 0x00, 0x00, 0x00, 0x7f,
    0xff, 0xff, 0xff, 0xff, 0xff, 0xff, 0xff, 0xff,
    0xff, 0xff, 0xff, 0xff, 0x50, 0x00, 0x00, 0x00,
    0x00, 0x6f, 0xff, 0xff, 0xff, 0xff, 0xff, 0xfe,
    0xde, 0xff, 0xff, 0xff, 0xff, 0xff, 0xff, 0x40,
    0x00, 0x00, 0x00, 0x3f, 0xff, 0xff, 0xff, 0xff,
    0xf8, 0x30, 0x00, 0x00, 0x4a, 0xff, 0xff, 0xff,
    0xff, 0xfe, 0x10, 0x00, 0x00, 0x0d, 0xff, 0xff,
    0xff, 0xff, 0xb1, 0x00, 0x00, 0x00, 0x00, 0x02,
    0xdf, 0xff, 0xff, 0xff, 0xfb, 0x00, 0x00, 0x06,
    0xff, 0xff, 0xff, 0xff, 0x70, 0x00, 0x00, 0x00,
    0x00, 0x00, 0x00, 0xaf, 0xff, 0xff, 0xff, 0xf4,
    0x00, 0x00, 0xef, 0xff, 0xff, 0xff, 0x90, 0x00,
    0x00, 0x00, 0x00, 0x00, 0x00, 0x00, 0xcf, 0xff,
    0xff, 0xff, 0xb0, 0x00, 0x4f, 0xff, 0xff, 0xff,
    0xd0, 0x00, 0x00, 0x00, 0x00, 0x00, 0x00, 0x00,
    0x01, 0xef, 0xff, 0xff, 0xff, 0x20, 0x09, 0xff,
    0xff, 0xff, 0xf4, 0x00, 0x00, 0x00, 0x00, 0x00,
    0x00, 0x00, 0x00, 0x07, 0xff, 0xff, 0xff, 0xf6,
    0x00, 0xdf, 0xff, 0xff, 0xfe, 0x00, 0x00, 0x00,
    0x00, 0x00, 0x00, 0x00, 0x00, 0x00, 0x1f, 0xff,
    0xff, 0xff, 0xa0, 0x0f, 0xff, 0xff, 0xff, 0x90,
    0x00, 0x00, 0x00, 0x00, 0x00, 0x00, 0x00, 0x00,
    0x00, 0xcf, 0xff, 0xff, 0xfd, 0x02, 0xff, 0xff,
    0xff, 0xf7, 0x00, 0x00, 0x00, 0x00, 0x00, 0x00,
    0x00, 0x00, 0x00, 0x09, 0xff, 0xff, 0xff, 0xf0,
    0x2f, 0xff, 0xff, 0xff, 0x50, 0x00, 0x00, 0x00,
    0x00, 0x00, 0x00, 0x00, 0x00, 0x00, 0x8f, 0xff,
    0xff, 0xff, 0x02, 0xff, 0xff, 0xff, 0xf5, 0x00,
    0x00, 0x00, 0x00, 0x00, 0x00, 0x00, 0x00, 0x00,
    0x08, 0xff, 0xff, 0xff, 0xf0, 0x2f, 0xff, 0xff,
    0xff, 0x70, 0x00, 0x00, 0x00, 0x00, 0x00, 0x00,
    0x00, 0x00, 0x00, 0x9f, 0xff, 0xff, 0xff, 0x00,
    0xff, 0xff, 0xff, 0xf9, 0x00, 0x00, 0x00, 0x00,
    0x00, 0x00, 0x00, 0x00, 0x00, 0x0c, 0xff, 0xff,
    0xff, 0xd0, 0x0d, 0xff, 0xff, 0xff, 0xe0, 0x00,
    0x00, 0x00, 0x00, 0x00, 0x00, 0x00, 0x00, 0x01,
    0xff, 0xff, 0xff, 0xfa, 0x00, 0x9f, 0xff, 0xff,
    0xff, 0x40, 0x00, 0x00, 0x00, 0x00, 0x00, 0x00,
    0x00, 0x00, 0x7f, 0xff, 0xff, 0xff, 0x60, 0x04,
    0xff, 0xff, 0xff, 0xfc, 0x00, 0x00, 0x00, 0x00,
    0x00, 0x00, 0x00, 0x00, 0x1e, 0xff, 0xff, 0xff,
    0xf2, 0x00, 0x0e, 0xff, 0xff, 0xff, 0xf9, 0x00,
    0x00, 0x00, 0x00, 0x00, 0x00, 0x00, 0x0c, 0xff,
    0xff, 0xff, 0xfb, 0x00, 0x00, 0x6f, 0xff, 0xff,
    0xff, 0xf7, 0x00, 0x00, 0x00, 0x00, 0x00, 0x00,
    0x0a, 0xff, 0xff, 0xff, 0xff, 0x40, 0x00, 0x00,
    0xdf, 0xff, 0xff, 0xff, 0xfb, 0x10, 0x00, 0x00,
    0x00, 0x00, 0x2c, 0xff, 0xff, 0xff, 0xff, 0xb0,
    0x00, 0x00, 0x03, 0xff, 0xff, 0xff, 0xff, 0xff,
    0x83, 0x00, 0x00, 0x04, 0x9f, 0xff, 0xff, 0xff,
    0xff, 0xe1, 0x00, 0x00, 0x00, 0x06, 0xff, 0xff,
    0xff, 0xff, 0xff, 0xff, 0xdd, 0xef, 0xff, 0xff,
    0xff, 0xff, 0xff, 0xf4, 0x00, 0x00, 0x00, 0x00,
    0x07, 0xff, 0xff, 0xff, 0xff, 0xff, 0xff, 0xff,
    0xff, 0xff, 0xff, 0xff, 0xff, 0xf5, 0x00, 0x00,
    0x00, 0x00, 0x00, 0x05, 0xff, 0xff, 0xff, 0xff,
    0xff, 0xff, 0xff, 0xff, 0xff, 0xff, 0xff, 0xe3,
    0x00, 0x00, 0x00, 0x00, 0x00, 0x00, 0x02, 0xdf,
    0xff, 0xff, 0xff, 0xff, 0xff, 0xff, 0xff, 0xff,
    0xff, 0xb1, 0x00, 0x00, 0x00, 0x00, 0x00, 0x00,
    0x00, 0x00, 0x5d, 0xff, 0xff, 0xff, 0xff, 0xff,
    0xff, 0xff, 0xfc, 0x40, 0x00, 0x00, 0x00, 0x00,
    0x00, 0x00, 0x00, 0x00, 0x00, 0x04, 0xae, 0xff,
    0xff, 0xff, 0xff, 0xfe, 0x93, 0x00, 0x00, 0x00,
    0x00, 0x00, 0x00, 0x00, 0x00, 0x00, 0x00, 0x00,
    0x00, 0x02, 0x46, 0x77, 0x76, 0x41, 0x00, 0x00,
    0x00, 0x00, 0x00, 0x00, 0x00,

    /* U+0050 "P" */
    0x3f, 0xff, 0xff, 0xff, 0xff, 0xff, 0xff, 0xff,
    0xed, 0xa7, 0x30, 0x00, 0x00, 0x00, 0x03, 0xff,
    0xff, 0xff, 0xff, 0xff, 0xff, 0xff, 0xff, 0xff,
    0xff, 0xd7, 0x00, 0x00, 0x00, 0x3f, 0xff, 0xff,
    0xff, 0xff, 0xff, 0xff, 0xff, 0xff, 0xff, 0xff,
    0xfe, 0x40, 0x00, 0x03, 0xff, 0xff, 0xff, 0xff,
    0xff, 0xff, 0xff, 0xff, 0xff, 0xff, 0xff, 0xff,
    0x60, 0x00, 0x3f, 0xff, 0xff, 0xff, 0xff, 0xff,
    0xff, 0xff, 0xff, 0xff, 0xff, 0xff, 0xff, 0x50,
    0x03, 0xff, 0xff, 0xff, 0xff, 0xff, 0xff, 0xff,
    0xff, 0xff, 0xff, 0xff, 0xff, 0xff, 0x20, 0x3f,
    0xff, 0xff, 0xff, 0x40, 0x00, 0x00, 0x01, 0x47,
    0xdf, 0xff, 0xff, 0xff, 0xfa, 0x03, 0xff, 0xff,
    0xff, 0xf4, 0x00, 0x00, 0x00, 0x00, 0x00, 0x9f,
    0xff, 0xff, 0xff, 0xf1, 0x3f, 0xff, 0xff, 0xff,
    0x40, 0x00, 0x00, 0x00, 0x00, 0x00, 0xaf, 0xff,
    0xff, 0xff, 0x53, 0xff, 0xff, 0xff, 0xf4, 0x00,
    0x00, 0x00, 0x00, 0x00, 0x02, 0xff, 0xff, 0xff,
    0xf8, 0x3f, 0xff, 0xff, 0xff, 0x40, 0x00, 0x00,
    0x00, 0x00, 0x00, 0x0e, 0xff, 0xff, 0xff, 0xa3,
    0xff, 0xff, 0xff, 0xf4, 0x00, 0x00, 0x00, 0x00,
    0x00, 0x00, 0xdf, 0xff, 0xff, 0xfb, 0x3f, 0xff,
    0xff, 0xff, 0x40, 0x00, 0x00, 0x00, 0x00, 0x00,
    0x0e, 0xff, 0xff, 0xff, 0xa3, 0xff, 0xff, 0xff,
    0xf4, 0x00, 0x00, 0x00, 0x00, 0x00, 0x02, 0xff,
    0xff, 0xff, 0xf9, 0x3f, 0xff, 0xff, 0xff, 0x40,
    0x00, 0x00, 0x00, 0x00, 0x00, 0x9f, 0xff, 0xff,
    0xff, 0x63, 0xff, 0xff, 0xff, 0xf4, 0x00, 0x00,
    0x00, 0x00, 0x00, 0x8f, 0xff, 0xff, 0xff, 0xf1,
    0x3f, 0xff, 0xff, 0xff, 0x40, 0x00, 0x00, 0x01,
    0x36, 0xdf, 0xff, 0xff, 0xff, 0xfa, 0x03, 0xff,
    0xff, 0xff, 0xff, 0xff, 0xff, 0xff, 0xff, 0xff,
    0xff, 0xff, 0xff, 0xff, 0x20, 0x3f, 0xff, 0xff,
    0xff, 0xff, 0xff, 0xff, 0xff, 0xff, 0xff, 0xff,
    0xff, 0xff, 0x60, 0x03, 0xff, 0xff, 0xff, 0xff,
    0xff, 0xff, 0xff, 0xff, 0xff, 0xff, 0xff, 0xff,
    0x70, 0x00, 0x3f, 0xff, 0xff, 0xff, 0xff, 0xff,
    0xff, 0xff, 0xff, 0xff, 0xff, 0xfe, 0x40, 0x00,
    0x03, 0xff, 0xff, 0xff, 0xff, 0xff, 0xff, 0xff,
    0xff, 0xff, 0xff, 0xe7, 0x00, 0x00, 0x00, 0x3f,
    0xff, 0xff, 0xff, 0xff, 0xff, 0xff, 0xff, 0xfd,
    0xb8, 0x40, 0x00, 0x00, 0x00, 0x03, 0xff, 0xff,
    0xff, 0xf4, 0x00, 0x00, 0x00, 0x00, 0x00, 0x00,
    0x00, 0x00, 0x00, 0x00, 0x3f, 0xff, 0xff, 0xff,
    0x40, 0x00, 0x00, 0x00, 0x00, 0x00, 0x00, 0x00,
    0x00, 0x00, 0x03, 0xff, 0xff, 0xff, 0xf4, 0x00,
    0x00, 0x00, 0x00, 0x00, 0x00, 0x00, 0x00, 0x00,
    0x00, 0x3f, 0xff, 0xff, 0xff, 0x40, 0x00, 0x00,
    0x00, 0x00, 0x00, 0x00, 0x00, 0x00, 0x00, 0x03,
    0xff, 0xff, 0xff, 0xf4, 0x00, 0x00, 0x00, 0x00,
    0x00, 0x00, 0x00, 0x00, 0x00, 0x00, 0x3f, 0xff,
    0xff, 0xff, 0x40, 0x00, 0x00, 0x00, 0x00, 0x00,
    0x00, 0x00, 0x00, 0x00, 0x03, 0xff, 0xff, 0xff,
    0xf4, 0x00, 0x00, 0x00, 0x00, 0x00, 0x00, 0x00,
    0x00, 0x00, 0x00, 0x3f, 0xff, 0xff, 0xff, 0x40,
    0x00, 0x00, 0x00, 0x00, 0x00, 0x00, 0x00, 0x00,
    0x00, 0x03, 0xff, 0xff, 0xff, 0xf4, 0x00, 0x00,
    0x00, 0x00, 0x00, 0x00, 0x00, 0x00, 0x00, 0x00,

    /* U+0051 "Q" */
    0x00, 0x00, 0x00, 0x00, 0x00, 0x00, 0x00, 0x24,
    0x67, 0x77, 0x64, 0x10, 0x00, 0x00, 0x00, 0x00,
    0x00, 0x00, 0x00, 0x00, 0x00, 0x00, 0x00, 0x00,
    0x04, 0xae, 0xff, 0xff, 0xff, 0xff, 0xfd, 0x93,
    0x00, 0x00, 0x00, 0x00, 0x00, 0x00, 0x00, 0x00,
    0x00, 0x00, 0x06, 0xdf, 0xff, 0xff, 0xff, 0xff,
    0xff, 0xff, 0xff, 0xb3, 0x00, 0x00, 0x00, 0x00,
    0x00, 0x00, 0x00, 0x00, 0x02, 0xcf, 0xff, 0xff,
    0xff, 0xff, 0xff, 0xff, 0xff, 0xff, 0xff, 0xb1,
    0x00, 0x00, 0x00, 0x00, 0x00, 0x00, 0x00, 0x5f,
    0xff, 0xff, 0xff, 0xff, 0xff, 0xff, 0xff, 0xff,
    0xff, 0xff, 0xfe, 0x30, 0x00, 0x00, 0x00, 0x00,
    0x00, 0x07, 0xff, 0xff, 0xff, 0xff, 0xff, 0xff,
    0xff, 0xff, 0xff, 0xff, 0xff, 0xff, 0xf5, 0x00,
    0x00, 0x00, 0x00, 0x00, 0x6f, 0xff, 0xff, 0xff,
    0xff, 0xff, 0xfe, 0xde, 0xff, 0xff, 0xff, 0xff,
    0xff, 0xff, 0x40, 0x00, 0x00, 0x00, 0x03, 0xff,
    0xff, 0xff, 0xff, 0xff, 0x93, 0x00, 0x00, 0x04,
    0xaf, 0xff, 0xff, 0xff, 0xff, 0xe1, 0x00, 0x00,
    0x00, 0x0d, 0xff, 0xff, 0xff, 0xff, 0xa1, 0x00,
    0x00, 0x00, 0x00, 0x02, 0xcf, 0xff, 0xff, 0xff,
    0xfa, 0x00, 0x00, 0x00, 0x6f, 0xff, 0xff, 0xff,
    0xf7, 0x00, 0x00, 0x00, 0x00, 0x00, 0x00, 0x0a,
    0xff, 0xff, 0xff, 0xff, 0x30, 0x00, 0x00, 0xdf,
    0xff, 0xff, 0xff, 0x80, 0x00, 0x00, 0x00, 0x00,
    0x00, 0x00, 0x00, 0xbf, 0xff, 0xff, 0xff, 0xb0,
    0x00, 0x04, 0xff, 0xff, 0xff, 0xfd, 0x00, 0x00,
    0x00, 0x00, 0x00, 0x00, 0x00, 0x00, 0x1e, 0xff,
    0xff, 0xff, 0xf1, 0x00, 0x09, 0xff, 0xff, 0xff,
    0xf4, 0x00, 0x00, 0x00, 0x00, 0x00, 0x00, 0x00,
    0x00, 0x07, 0xff, 0xff, 0xff, 0xf6, 0x00, 0x0d,
    0xff, 0xff, 0xff, 0xe0, 0x00, 0x00, 0x00, 0x00,
    0x00, 0x00, 0x00, 0x00, 0x01, 0xff, 0xff, 0xff,
    0xfa, 0x00, 0x0f, 0xff, 0xff, 0xff, 0xa0, 0x00,
    0x00, 0x00, 0x00, 0x00, 0x00, 0x00, 0x00, 0x00,
    0xcf, 0xff, 0xff, 0xfd, 0x00, 0x2f, 0xff, 0xff,
    0xff, 0x70, 0x00, 0x00, 0x00, 0x00, 0x00, 0x00,
    0x00, 0x00, 0x00, 0xaf, 0xff, 0xff, 0xff, 0x00,
    0x2f, 0xff, 0xff, 0xff, 0x60, 0x00, 0x00, 0x00,
    0x00, 0x00, 0x00, 0x00, 0x00, 0x00, 0x8f, 0xff,
    0xff, 0xff, 0x00, 0x2f, 0xff, 0xff, 0xff, 0x50,
    0x00, 0x00, 0x00, 0x00, 0x00, 0x00, 0x00, 0x00,
    0x00, 0x8f, 0xff, 0xff, 0xff, 0x00, 0x2f, 0xff,
    0xff, 0xff, 0x60, 0x00, 0x00, 0x00, 0x00, 0x00,
    0x00, 0x00, 0x00, 0x00, 0x9f, 0xff, 0xff, 0xff,
    0x00, 0x0f, 0xff, 0xff, 0xff, 0x90, 0x00, 0x00,
    0x00, 0x00, 0x00, 0x00, 0x00, 0x00, 0x00, 0xcf,
    0xff, 0xff, 0xfd, 0x00, 0x0d, 0xff, 0xff, 0xff,
    0xd0, 0x00, 0x00, 0x00, 0x00, 0x00, 0x00, 0x00,
    0x00, 0x00, 0xff, 0xff, 0xff, 0xfb, 0x00, 0x0a,
    0xff, 0xff, 0xff, 0xf3, 0x00, 0x00, 0x00, 0x00,
    0x00, 0x00, 0x00, 0x00, 0x06, 0xff, 0xff, 0xff,
    0xf7, 0x00, 0x05, 0xff, 0xff, 0xff, 0xfb, 0x00,
    0x00, 0x00, 0x00, 0x00, 0x00, 0x00, 0x00, 0x0e,
    0xff, 0xff, 0xff, 0xf2, 0x00, 0x00, 0xef, 0xff,
    0xff, 0xff, 0x70, 0x00, 0x00, 0x00, 0x00, 0x00,
    0x00, 0x00, 0xaf, 0xff, 0xff, 0xff, 0xc0, 0x00,
    0x00, 0x7f, 0xff, 0xff, 0xff, 0xf5, 0x00, 0x00,
    0x00, 0x00, 0x00, 0x00, 0x07, 0xff, 0xff, 0xff,
    0xff, 0x40, 0x00, 0x00, 0x0e, 0xff, 0xff, 0xff,
    0xff, 0x80, 0x00, 0x00, 0x00, 0x00, 0x00, 0xaf,
    0xff, 0xff, 0xff, 0xfc, 0x00, 0x00, 0x00, 0x04,
    0xff, 0xff, 0xff, 0xff, 0xfd, 0x50, 0x00, 0x00,
    0x01, 0x7e, 0xff, 0xff, 0xff, 0xff, 0xf2, 0x00,
    0x00, 0x00, 0x00, 0x8f, 0xff, 0xff, 0xff, 0xff,
    0xff, 0xdb, 0xab, 0xdf, 0xff, 0xff, 0xff, 0xff,
    0xff, 0x50, 0x00, 0x00, 0x00, 0x00, 0x09, 0xff,
    0xff, 0xff, 0xff, 0xff, 0xff, 0xff, 0xff, 0xff,
    0xff, 0xff, 0xff, 0xf7, 0x00, 0x00, 0x00, 0x00,
    0x00, 0x00, 0x8f, 0xff, 0xff, 0xff, 0xff, 0xff,
    0xff, 0xff, 0xff, 0xff, 0xff, 0xff, 0x60, 0x00,
    0x00, 0x00, 0x00, 0x00, 0x00, 0x05, 0xef, 0xff,
    0xff, 0xff, 0xff, 0xff, 0xff, 0xff, 0xff, 0xff,
    0xd3, 0x00, 0x00, 0x00, 0x00, 0x00, 0x00, 0x00,
    0x00, 0x18, 0xff, 0xff, 0xff, 0xff, 0xff, 0xff,
    0xff, 0xff, 0xe7, 0x00, 0x00, 0x00, 0x00, 0x00,
    0x00, 0x00, 0x00, 0x00, 0x00, 0x17, 0xcf, 0xff,
    0xff, 0xff, 0xff, 0xff, 0xd6, 0x00, 0x00, 0x00,
    0x00, 0x20, 0x00, 0x00, 0x00, 0x00, 0x00, 0x00,
    0x00, 0x01, 0x47, 0xff, 0xff, 0xff, 0xff, 0xf5,
    0x00, 0x00, 0x00, 0x0a, 0xe2, 0x00, 0x00, 0x00,
    0x00, 0x00, 0x00, 0x00, 0x00, 0x00, 0x4f, 0xff,
    0xff, 0xff, 0xff, 0xa4, 0x00, 0x27, 0xef, 0xfd,
    0x10, 0x00, 0x00, 0x00, 0x00, 0x00, 0x00, 0x00,
    0x00, 0x03, 0xff, 0xff, 0xff, 0xff, 0xff, 0xff,
    0xff, 0xff, 0xff, 0xb0, 0x00, 0x00, 0x00, 0x00,
    0x00, 0x00, 0x00, 0x00, 0x00, 0x3e, 0xff, 0xff,
    0xff, 0xff, 0xff, 0xff, 0xff, 0xff, 0xf6, 0x00,
    0x00, 0x00, 0x00, 0x00, 0x00, 0x00, 0x00, 0x00,
    0x01, 0xbf, 0xff, 0xff, 0xff, 0xff, 0xff, 0xff,
    0xff, 0xa0, 0x00, 0x00, 0x00, 0x00, 0x00, 0x00,
    0x00, 0x00, 0x00, 0x00, 0x05, 0xef, 0xff, 0xff,
    0xff, 0xff, 0xff, 0xf8, 0x00, 0x00, 0x00, 0x00,
    0x00, 0x00, 0x00, 0x00, 0x00, 0x00, 0x00, 0x00,
    0x06, 0xdf, 0xff, 0xff, 0xff, 0xe9, 0x20, 0x00,
    0x00, 0x00, 0x00, 0x00, 0x00, 0x00, 0x00, 0x00,
    0x00, 0x00, 0x00, 0x00, 0x01, 0x46, 0x77, 0x53,
    0x00, 0x00, 0x00,

    /* U+0052 "R" */
    0x3f, 0xff, 0xff, 0xff, 0xff, 0xff, 0xff, 0xff,
    0xed, 0xa6, 0x30, 0x00, 0x00, 0x00, 0x00, 0x3f,
    0xff, 0xff, 0xff, 0xff, 0xff, 0xff, 0xff, 0xff,
    0xff, 0xfd, 0x60, 0x00, 0x00, 0x00, 0x3f, 0xff,
    0xff, 0xff, 0xff, 0xff, 0xff, 0xff, 0xff, 0xff,
    0xff, 0xfd, 0x30, 0x00, 0x00, 0x3f, 0xff, 0xff,
    0xff, 0xff, 0xff, 0xff, 0xff, 0xff, 0xff, 0xff,
    0xff, 0xf6, 0x00, 0x00, 0x3f, 0xff, 0xff, 0xff,
    0xff, 0xff, 0xff, 0xff, 0xff, 0xff, 0xff, 0xff,
    0xff, 0x50, 0x00, 0x3f, 0xff, 0xff, 0xff, 0xff,
    0xff, 0xff, 0xff, 0xff, 0xff, 0xff, 0xff, 0xff,
    0xf1, 0x00, 0x3f, 0xff, 0xff, 0xff, 0x40, 0x00,
    0x00, 0x01, 0x47, 0xdf, 0xff, 0xff, 0xff, 0xfa,
    0x00, 0x3f, 0xff, 0xff, 0xff, 0x40, 0x00, 0x00,
    0x00, 0x00, 0x09, 0xff, 0xff, 0xff, 0xff, 0x00,
    0x3f, 0xff, 0xff, 0xff, 0x40, 0x00, 0x00, 0x00,
    0x00, 0x00, 0xaf, 0xff, 0xff, 0xff, 0x50, 0x3f,
    0xff, 0xff, 0xff, 0x40, 0x00, 0x00, 0x00, 0x00,
    0x00, 0x2f, 0xff, 0xff, 0xff, 0x80, 0x3f, 0xff,
    0xff, 0xff, 0x40, 0x00, 0x00, 0x00, 0x00, 0x00,
    0x0e, 0xff, 0xff, 0xff, 0xa0, 0x3f, 0xff, 0xff,
    0xff, 0x40, 0x00, 0x00, 0x00, 0x00, 0x00, 0x0d,
    0xff, 0xff, 0xff, 0xb0, 0x3f, 0xff, 0xff, 0xff,
    0x40, 0x00, 0x00, 0x00, 0x00, 0x00, 0x0e, 0xff,
    0xff, 0xff, 0xa0, 0x3f, 0xff, 0xff, 0xff, 0x40,
    0x00, 0x00, 0x00, 0x00, 0x00, 0x1f, 0xff, 0xff,
    0xff, 0x90, 0x3f, 0xff, 0xff, 0xff, 0x40, 0x00,
    0x00, 0x00, 0x00, 0x00, 0x9f, 0xff, 0xff, 0xff,
    0x60, 0x3f, 0xff, 0xff, 0xff, 0x40, 0x00, 0x00,
    0x00, 0x00, 0x07, 0xff, 0xff, 0xff, 0xff, 0x10,
    0x3f, 0xff, 0xff, 0xff, 0x40, 0x00, 0x00, 0x00,
    0x15, 0xcf, 0xff, 0xff, 0xff, 0xfa, 0x00, 0x3f,
    0xff, 0xff, 0xff, 0xee, 0xee, 0xee, 0xef, 0xff,
    0xff, 0xff, 0xff, 0xff, 0xf2, 0x00, 0x3f, 0xff,
    0xff, 0xff, 0xff, 0xff, 0xff, 0xff, 0xff, 0xff,
    0xff, 0xff, 0xff, 0x60, 0x00, 0x3f, 0xff, 0xff,
    0xff, 0xff, 0xff, 0xff, 0xff, 0xff, 0xff, 0xff,
    0xff, 0xf7, 0x00, 0x00, 0x3f, 0xff, 0xff, 0xff,
    0xff, 0xff, 0xff, 0xff, 0xff, 0xff, 0xff, 0xfe,
    0x40, 0x00, 0x00, 0x3f, 0xff, 0xff, 0xff, 0xff,
    0xff, 0xff, 0xff, 0xff, 0xff, 0xff, 0x80, 0x00,
    0x00, 0x00, 0x3f, 0xff, 0xff, 0xff, 0xff, 0xff,
    0xff, 0xff, 0xff, 0xff, 0xff, 0xc0, 0x00, 0x00,
    0x00, 0x3f, 0xff, 0xff, 0xff, 0x40, 0x00, 0x00,
    0x08, 0xff, 0xff, 0xff, 0xf7, 0x00, 0x00, 0x00,
    0x3f, 0xff, 0xff, 0xff, 0x40, 0x00, 0x00, 0x00,
    0xdf, 0xff, 0xff, 0xff, 0x20, 0x00, 0x00, 0x3f,
    0xff, 0xff, 0xff, 0x40, 0x00, 0x00, 0x00, 0x2f,
    0xff, 0xff, 0xff, 0xd0, 0x00, 0x00, 0x3f, 0xff,
    0xff, 0xff, 0x40, 0x00, 0x00, 0x00, 0x07, 0xff,
    0xff, 0xff, 0xf8, 0x00, 0x00, 0x3f, 0xff, 0xff,
    0xff, 0x40, 0x00, 0x00, 0x00, 0x00, 0xcf, 0xff,
    0xff, 0xff, 0x30, 0x00, 0x3f, 0xff, 0xff, 0xff,
    0x40, 0x00, 0x00, 0x00, 0x00, 0x2f, 0xff, 0xff,
    0xff, 0xd0, 0x00, 0x3f, 0xff, 0xff, 0xff, 0x40,
    0x00, 0x00, 0x00, 0x00, 0x06, 0xff, 0xff, 0xff,
    0xf9, 0x00, 0x3f, 0xff, 0xff, 0xff, 0x40, 0x00,
    0x00, 0x00, 0x00, 0x00, 0xbf, 0xff, 0xff, 0xff,
    0x40, 0x3f, 0xff, 0xff, 0xff, 0x40, 0x00, 0x00,
    0x00, 0x00, 0x00, 0x1e, 0xff, 0xff, 0xff, 0xe1,

    /* U+0053 "S" */
    0x00, 0x00, 0x00, 0x00, 0x00, 0x24, 0x67, 0x77,
    0x64, 0x20, 0x00, 0x00, 0x00, 0x00, 0x00, 0x00,
    0x00, 0x05, 0xbf, 0xff, 0xff, 0xff, 0xff, 0xff,
    0xb6, 0x10, 0x00, 0x00, 0x00, 0x00, 0x06, 0xef,
    0xff, 0xff, 0xff, 0xff, 0xff, 0xff, 0xff, 0xfb,
    0x30, 0x00, 0x00, 0x00, 0xbf, 0xff, 0xff, 0xff,
    0xff, 0xff, 0xff, 0xff, 0xff, 0xff, 0xf7, 0x00,
    0x00, 0x0c, 0xff, 0xff, 0xff, 0xff, 0xff, 0xff,
    0xff, 0xff, 0xff, 0xff, 0xf3, 0x00, 0x00, 0x9f,
    0xff, 0xff, 0xff, 0xff, 0xff, 0xff, 0xff, 0xff,
    0xff, 0xff, 0xc0, 0x00, 0x02, 0xff, 0xff, 0xff,
    0xff, 0xfc, 0x97, 0x78, 0x9c, 0xff, 0xff, 0xff,
    0x60, 0x00, 0x09, 0xff, 0xff, 0xff, 0xfb, 0x20,
    0x00, 0x00, 0x00, 0x04, 0xaf, 0xfe, 0x00, 0x00,
    0x0d, 0xff, 0xff, 0xff, 0xd0, 0x00, 0x00, 0x00,
    0x00, 0x00, 0x01, 0x88, 0x00, 0x00, 0x0f, 0xff,
    0xff, 0xff, 0x60, 0x00, 0x00, 0x00, 0x00, 0x00,
    0x00, 0x00, 0x00, 0x00, 0x0f, 0xff, 0xff, 0xff,
    0x60, 0x00, 0x00, 0x00, 0x00, 0x00, 0x00, 0x00,
    0x00, 0x00, 0x0f, 0xff, 0xff, 0xff, 0xd0, 0x00,
    0x00, 0x00, 0x00, 0x00, 0x00, 0x00, 0x00, 0x00,
    0x0d, 0xff, 0xff, 0xff, 0xfd, 0x40, 0x00, 0x00,
    0x00, 0x00, 0x00, 0x00, 0x00, 0x00, 0x08, 0xff,
    0xff, 0xff, 0xff, 0xfd, 0x84, 0x10, 0x00, 0x00,
    0x00, 0x00, 0x00, 0x00, 0x01, 0xff, 0xff, 0xff,
    0xff, 0xff, 0xff, 0xfd, 0x95, 0x10, 0x00, 0x00,
    0x00, 0x00, 0x00, 0x5f, 0xff, 0xff, 0xff, 0xff,
    0xff, 0xff, 0xff, 0xfc, 0x71, 0x00, 0x00, 0x00,
    0x00, 0x06, 0xff, 0xff, 0xff, 0xff, 0xff, 0xff,
    0xff, 0xff, 0xff, 0x91, 0x00, 0x00, 0x00, 0x00,
    0x3b, 0xff, 0xff, 0xff, 0xff, 0xff, 0xff, 0xff,
    0xff, 0xfe, 0x40, 0x00, 0x00, 0x00, 0x00, 0x39,
    0xff, 0xff, 0xff, 0xff, 0xff, 0xff, 0xff, 0xff,
    0xf4, 0x00, 0x00, 0x00, 0x00, 0x00, 0x03, 0x8c,
    0xff, 0xff, 0xff, 0xff, 0xff, 0xff, 0xfe, 0x10,
    0x00, 0x00, 0x00, 0x00, 0x00, 0x00, 0x04, 0x7c,
    0xff, 0xff, 0xff, 0xff, 0xff, 0x80, 0x00, 0x00,
    0x00, 0x00, 0x00, 0x00, 0x00, 0x00, 0x17, 0xff,
    0xff, 0xff, 0xff, 0xd0, 0x00, 0x00, 0x00, 0x00,
    0x00, 0x00, 0x00, 0x00, 0x00, 0x1e, 0xff, 0xff,
    0xff, 0xf0, 0x00, 0x00, 0x00, 0x00, 0x00, 0x00,
    0x00, 0x00, 0x00, 0x07, 0xff, 0xff, 0xff, 0xf0,
    0x00, 0x45, 0x00, 0x00, 0x00, 0x00, 0x00, 0x00,
    0x00, 0x06, 0xff, 0xff, 0xff, 0xf0, 0x00, 0xcf,
    0xc4, 0x00, 0x00, 0x00, 0x00, 0x00, 0x00, 0x0b,
    0xff, 0xff, 0xff, 0xd0, 0x03, 0xff, 0xff, 0xd7,
    0x20, 0x00, 0x00, 0x00, 0x01, 0xaf, 0xff, 0xff,
    0xff, 0x90, 0x0a, 0xff, 0xff, 0xff, 0xfe, 0xb9,
    0x87, 0x79, 0xcf, 0xff, 0xff, 0xff, 0xff, 0x20,
    0x2f, 0xff, 0xff, 0xff, 0xff, 0xff, 0xff, 0xff,
    0xff, 0xff, 0xff, 0xff, 0xf9, 0x00, 0x8f, 0xff,
    0xff, 0xff, 0xff, 0xff, 0xff, 0xff, 0xff, 0xff,
    0xff, 0xff, 0xc0, 0x00, 0x09, 0xff, 0xff, 0xff,
    0xff, 0xff, 0xff, 0xff, 0xff, 0xff, 0xff, 0xfa,
    0x00, 0x00, 0x00, 0x29, 0xff, 0xff, 0xff, 0xff,
    0xff, 0xff, 0xff, 0xff, 0xfd, 0x50, 0x00, 0x00,
    0x00, 0x00, 0x04, 0x9d, 0xff, 0xff, 0xff, 0xff,
    0xff, 0xfb, 0x50, 0x00, 0x00, 0x00, 0x00, 0x00,
    0x00, 0x00, 0x03, 0x56, 0x77, 0x76, 0x42, 0x00,
    0x00, 0x00, 0x00, 0x00,

    /* U+0054 "T" */
    0xdf, 0xff, 0xff, 0xff, 0xff, 0xff, 0xff, 0xff,
    0xff, 0xff, 0xff, 0xff, 0xff, 0xff, 0x4d, 0xff,
    0xff, 0xff, 0xff, 0xff, 0xff, 0xff, 0xff, 0xff,
    0xff, 0xff, 0xff, 0xff, 0xf4, 0xdf, 0xff, 0xff,
    0xff, 0xff, 0xff, 0xff, 0xff, 0xff, 0xff, 0xff,
    0xff, 0xff, 0xff, 0x4d, 0xff, 0xff, 0xff, 0xff,
    0xff, 0xff, 0xff, 0xff, 0xff, 0xff, 0xff, 0xff,
    0xff, 0xf4, 0xdf, 0xff, 0xff, 0xff, 0xff, 0xff,
    0xff, 0xff, 0xff, 0xff, 0xff, 0xff, 0xff, 0xff,
    0x4d, 0xff, 0xff, 0xff, 0xff, 0xff, 0xff, 0xff,
    0xff, 0xff, 0xff, 0xff, 0xff, 0xff, 0xf4, 0x00,
    0x00, 0x00, 0x00, 0x00, 0x8f, 0xff, 0xff, 0xff,
    0x00, 0x00, 0x00, 0x00, 0x00, 0x00, 0x00, 0x00,
    0x00, 0x00, 0x08, 0xff, 0xff, 0xff, 0xf0, 0x00,
    0x00, 0x00, 0x00, 0x00, 0x00, 0x00, 0x00, 0x00,
    0x00, 0x8f, 0xff, 0xff, 0xff, 0x00, 0x00, 0x00,
    0x00, 0x00, 0x00, 0x00, 0x00, 0x00, 0x00, 0x08,
    0xff, 0xff, 0xff, 0xf0, 0x00, 0x00, 0x00, 0x00,
    0x00, 0x00, 0x00, 0x00, 0x00, 0x00, 0x8f, 0xff,
    0xff, 0xff, 0x00, 0x00, 0x00, 0x00, 0x00, 0x00,
    0x00, 0x00, 0x00, 0x00, 0x08, 0xff, 0xff, 0xff,
    0xf0, 0x00, 0x00, 0x00, 0x00, 0x00, 0x00, 0x00,
    0x00, 0x00, 0x00, 0x8f, 0xff, 0xff, 0xff, 0x00,
    0x00, 0x00, 0x00, 0x00, 0x00, 0x00, 0x00, 0x00,
    0x00, 0x08, 0xff, 0xff, 0xff, 0xf0, 0x00, 0x00,
    0x00, 0x00, 0x00, 0x00, 0x00, 0x00, 0x00, 0x00,
    0x8f, 0xff, 0xff, 0xff, 0x00, 0x00, 0x00, 0x00,
    0x00, 0x00, 0x00, 0x00, 0x00, 0x00, 0x08, 0xff,
    0xff, 0xff, 0xf0, 0x00, 0x00, 0x00, 0x00, 0x00,
    0x00, 0x00, 0x00, 0x00, 0x00, 0x8f, 0xff, 0xff,
    0xff, 0x00, 0x00, 0x00, 0x00, 0x00, 0x00, 0x00,
    0x00, 0x00, 0x00, 0x08, 0xff, 0xff, 0xff, 0xf0,
    0x00, 0x00, 0x00, 0x00, 0x00, 0x00, 0x00, 0x00,
    0x00, 0x00, 0x8f, 0xff, 0xff, 0xff, 0x00, 0x00,
    0x00, 0x00, 0x00, 0x00, 0x00, 0x00, 0x00, 0x00,
    0x08, 0xff, 0xff, 0xff, 0xf0, 0x00, 0x00, 0x00,
    0x00, 0x00, 0x00, 0x00, 0x00, 0x00, 0x00, 0x8f,
    0xff, 0xff, 0xff, 0x00, 0x00, 0x00, 0x00, 0x00,
    0x00, 0x00, 0x00, 0x00, 0x00, 0x08, 0xff, 0xff,
    0xff, 0xf0, 0x00, 0x00, 0x00, 0x00, 0x00, 0x00,
    0x00, 0x00, 0x00, 0x00, 0x8f, 0xff, 0xff, 0xff,
    0x00, 0x00, 0x00, 0x00, 0x00, 0x00, 0x00, 0x00,
    0x00, 0x00, 0x08, 0xff, 0xff, 0xff, 0xf0, 0x00,
    0x00, 0x00, 0x00, 0x00, 0x00, 0x00, 0x00, 0x00,
    0x00, 0x8f, 0xff, 0xff, 0xff, 0x00, 0x00, 0x00,
    0x00, 0x00, 0x00, 0x00, 0x00, 0x00, 0x00, 0x08,
    0xff, 0xff, 0xff, 0xf0, 0x00, 0x00, 0x00, 0x00,
    0x00, 0x00, 0x00, 0x00, 0x00, 0x00, 0x8f, 0xff,
    0xff, 0xff, 0x00, 0x00, 0x00, 0x00, 0x00, 0x00,
    0x00, 0x00, 0x00, 0x00, 0x08, 0xff, 0xff, 0xff,
    0xf0, 0x00, 0x00, 0x00, 0x00, 0x00, 0x00, 0x00,
    0x00, 0x00, 0x00, 0x8f, 0xff, 0xff, 0xff, 0x00,
    0x00, 0x00, 0x00, 0x00, 0x00, 0x00, 0x00, 0x00,
    0x00, 0x08, 0xff, 0xff, 0xff, 0xf0, 0x00, 0x00,
    0x00, 0x00, 0x00, 0x00, 0x00, 0x00, 0x00, 0x00,
    0x8f, 0xff, 0xff, 0xff, 0x00, 0x00, 0x00, 0x00,
    0x00, 0x00, 0x00, 0x00, 0x00, 0x00, 0x08, 0xff,
    0xff, 0xff, 0xf0, 0x00, 0x00, 0x00, 0x00, 0x00,

    /* U+0055 "U" */
    0x7f, 0xff, 0xff, 0xff, 0x00, 0x00, 0x00, 0x00,
    0x00, 0x00, 0x00, 0xaf, 0xff, 0xff, 0xfb, 0x7f,
    0xff, 0xff, 0xff, 0x00, 0x00, 0x00, 0x00, 0x00,
    0x00, 0x00, 0xaf, 0xff, 0xff, 0xfb, 0x7f, 0xff,
    0xff, 0xff, 0x00, 0x00, 0x00, 0x00, 0x00, 0x00,
    0x00, 0xaf, 0xff, 0xff, 0xfb, 0x7f, 0xff, 0xff,
    0xff, 0x00, 0x00, 0x00, 0x00, 0x00, 0x00, 0x00,
    0xaf, 0xff, 0xff, 0xfb, 0x7f, 0xff, 0xff, 0xff,
    0x00, 0x00, 0x00, 0x00, 0x00, 0x00, 0x00, 0xaf,
    0xff, 0xff, 0xfb, 0x7f, 0xff, 0xff, 0xff, 0x00,
    0x00, 0x00, 0x00, 0x00, 0x00, 0x00, 0xaf, 0xff,
    0xff, 0xfb, 0x7f, 0xff, 0xff, 0xff, 0x00, 0x00,
    0x00, 0x00, 0x00, 0x00, 0x00, 0xaf, 0xff, 0xff,
    0xfb, 0x7f, 0xff, 0xff, 0xff, 0x00, 0x00, 0x00,
    0x00, 0x00, 0x00, 0x00, 0xaf, 0xff, 0xff, 0xfb,
    0x7f, 0xff, 0xff, 0xff, 0x00, 0x00, 0x00, 0x00,
    0x00, 0x00, 0x00, 0xaf, 0xff, 0xff, 0xfb, 0x7f,
    0xff, 0xff, 0xff, 0x00, 0x00, 0x00, 0x00, 0x00,
    0x00, 0x00, 0xaf, 0xff, 0xff, 0xfb, 0x7f, 0xff,
    0xff, 0xff, 0x00, 0x00, 0x00, 0x00, 0x00, 0x00,
    0x00, 0xaf, 0xff, 0xff, 0xfb, 0x7f, 0xff, 0xff,
    0xff, 0x00, 0x00, 0x00, 0x00, 0x00, 0x00, 0x00,
    0xaf, 0xff, 0xff, 0xfb, 0x7f, 0xff, 0xff, 0xff,
    0x00, 0x00, 0x00, 0x00, 0x00, 0x00, 0x00, 0xaf,
    0xff, 0xff, 0xfb, 0x7f, 0xff, 0xff, 0xff, 0x00,
    0x00, 0x00, 0x00, 0x00, 0x00, 0x00, 0xaf, 0xff,
    0xff, 0xfb, 0x7f, 0xff, 0xff, 0xff, 0x00, 0x00,
    0x00, 0x00, 0x00, 0x00, 0x00, 0xaf, 0xff, 0xff,
    0xfb, 0x7f, 0xff, 0xff, 0xff, 0x00, 0x00, 0x00,
    0x00, 0x00, 0x00, 0x00, 0xaf, 0xff, 0xff, 0xfb,
    0x7f, 0xff, 0xff, 0xff, 0x00, 0x00, 0x00, 0x00,
    0x00, 0x00, 0x00, 0xaf, 0xff, 0xff, 0xfb, 0x7f,
    0xff, 0xff, 0xff, 0x00, 0x00, 0x00, 0x00, 0x00,
    0x00, 0x00, 0xaf, 0xff, 0xff, 0xfb, 0x6f, 0xff,
    0xff, 0xff, 0x00, 0x00, 0x00, 0x00, 0x00, 0x00,
    0x00, 0xbf, 0xff, 0xff, 0xfa, 0x5f, 0xff, 0xff,
    0xff, 0x10, 0x00, 0x00, 0x00, 0x00, 0x00, 0x00,
    0xcf, 0xff, 0xff, 0xf9, 0x4f, 0xff, 0xff, 0xff,
    0x40, 0x00, 0x00, 0x00, 0x00, 0x00, 0x00, 0xef,
    0xff, 0xff, 0xf8, 0x2f, 0xff, 0xff, 0xff, 0x70,
    0x00, 0x00, 0x00, 0x00, 0x00, 0x02, 0xff, 0xff,
    0xff, 0xf6, 0x0e, 0xff, 0xff, 0xff, 0xd0, 0x00,
    0x00, 0x00, 0x00, 0x00, 0x08, 0xff, 0xff, 0xff,
    0xf2, 0x0a, 0xff, 0xff, 0xff, 0xf6, 0x00, 0x00,
    0x00, 0x00, 0x00, 0x1f, 0xff, 0xff, 0xff, 0xe0,
    0x04, 0xff, 0xff, 0xff, 0xff, 0x40, 0x00, 0x00,
    0x00, 0x01, 0xdf, 0xff, 0xff, 0xff, 0x80, 0x00,
    0xdf, 0xff, 0xff, 0xff, 0xfa, 0x30, 0x00, 0x02,
    0x7e, 0xff, 0xff, 0xff, 0xff, 0x10, 0x00, 0x5f,
    0xff, 0xff, 0xff, 0xff, 0xff, 0xdd, 0xef, 0xff,
    0xff, 0xff, 0xff, 0xf9, 0x00, 0x00, 0x09, 0xff,
    0xff, 0xff, 0xff, 0xff, 0xff, 0xff, 0xff, 0xff,
    0xff, 0xff, 0xc0, 0x00, 0x00, 0x00, 0xbf, 0xff,
    0xff, 0xff, 0xff, 0xff, 0xff, 0xff, 0xff, 0xff,
    0xfe, 0x10, 0x00, 0x00, 0x00, 0x09, 0xff, 0xff,
    0xff, 0xff, 0xff, 0xff, 0xff, 0xff, 0xff, 0xc1,
    0x00, 0x00, 0x00, 0x00, 0x00, 0x5d, 0xff, 0xff,
    0xff, 0xff, 0xff, 0xff, 0xff, 0xe7, 0x00, 0x00,
    0x00, 0x00, 0x00, 0x00, 0x00, 0x5a, 0xef, 0xff,
    0xff, 0xff, 0xff, 0xb6, 0x00, 0x00, 0x00, 0x00,
    0x00, 0x00, 0x00, 0x00, 0x00, 0x02, 0x56, 0x77,
    0x65, 0x30, 0x00, 0x00, 0x00, 0x00, 0x00,

    /* U+0056 "V" */
    0x3f, 0xff, 0xff, 0xff, 0xd0, 0x00, 0x00, 0x00,
    0x00, 0x00, 0x00, 0x00, 0x00, 0x00, 0xdf, 0xff,
    0xff, 0xf8, 0x0c, 0xff, 0xff, 0xff, 0xf4, 0x00,
    0x00, 0x00, 0x00, 0x00, 0x00, 0x00, 0x00, 0x04,
    0xff, 0xff, 0xff, 0xf2, 0x05, 0xff, 0xff, 0xff,
    0xfb, 0x00, 0x00, 0x00, 0x00, 0x00, 0x00, 0x00,
    0x00, 0x0b, 0xff, 0xff, 0xff, 0xb0, 0x00, 0xef,
    0xff, 0xff, 0xff, 0x20, 0x00, 0x00, 0x00, 0x00,
    0x00, 0x00, 0x00, 0x2f, 0xff, 0xff, 0xff, 0x40,
    0x00, 0x7f, 0xff, 0xff, 0xff, 0x90, 0x00, 0x00,
    0x00, 0x00, 0x00, 0x00, 0x00, 0x9f, 0xff, 0xff,
    0xfd, 0x00, 0x00, 0x1f, 0xff, 0xff, 0xff, 0xf0,
    0x00, 0x00, 0x00, 0x00, 0x00, 0x00, 0x01, 0xff,
    0xff, 0xff, 0xf6, 0x00, 0x00, 0x09, 0xff, 0xff,
    0xff, 0xf6, 0x00, 0x00, 0x00, 0x00, 0x00, 0x00,
    0x07, 0xff, 0xff, 0xff, 0xe0, 0x00, 0x00, 0x02,
    0xff, 0xff, 0xff, 0xfd, 0x00, 0x00, 0x00, 0x00,
    0x00, 0x00, 0x0d, 0xff, 0xff, 0xff, 0x80, 0x00,
    0x00, 0x00, 0xbf, 0xff, 0xff, 0xff, 0x40, 0x00,
    0x00, 0x00, 0x00, 0x00, 0x5f, 0xff, 0xff, 0xff,
    0x10, 0x00, 0x00, 0x00, 0x4f, 0xff, 0xff, 0xff,
    0xb0, 0x00, 0x00, 0x00, 0x00, 0x00, 0xcf, 0xff,
    0xff, 0xfa, 0x00, 0x00, 0x00, 0x00, 0x0d, 0xff,
    0xff, 0xff, 0xf2, 0x00, 0x00, 0x00, 0x00, 0x03,
    0xff, 0xff, 0xff, 0xf3, 0x00, 0x00, 0x00, 0x00,
    0x06, 0xff, 0xff, 0xff, 0xf9, 0x00, 0x00, 0x00,
    0x00, 0x0a, 0xff, 0xff, 0xff, 0xc0, 0x00, 0x00,
    0x00, 0x00, 0x00, 0xef, 0xff, 0xff, 0xff, 0x00,
    0x00, 0x00, 0x00, 0x1f, 0xff, 0xff, 0xff, 0x50,
    0x00, 0x00, 0x00, 0x00, 0x00, 0x8f, 0xff, 0xff,
    0xff, 0x60, 0x00, 0x00, 0x00, 0x7f, 0xff, 0xff,
    0xfe, 0x00, 0x00, 0x00, 0x00, 0x00, 0x00, 0x2f,
    0xff, 0xff, 0xff, 0xd0, 0x00, 0x00, 0x00, 0xef,
    0xff, 0xff, 0xf7, 0x00, 0x00, 0x00, 0x00, 0x00,
    0x00, 0x0a, 0xff, 0xff, 0xff, 0xf4, 0x00, 0x00,
    0x05, 0xff, 0xff, 0xff, 0xf1, 0x00, 0x00, 0x00,
    0x00, 0x00, 0x00, 0x03, 0xff, 0xff, 0xff, 0xfb,
    0x00, 0x00, 0x0c, 0xff, 0xff, 0xff, 0x90, 0x00,
    0x00, 0x00, 0x00, 0x00, 0x00, 0x00, 0xcf, 0xff,
    0xff, 0xff, 0x20, 0x00, 0x3f, 0xff, 0xff, 0xff,
    0x20, 0x00, 0x00, 0x00, 0x00, 0x00, 0x00, 0x00,
    0x6f, 0xff, 0xff, 0xff, 0x90, 0x00, 0xaf, 0xff,
    0xff, 0xfb, 0x00, 0x00, 0x00, 0x00, 0x00, 0x00,
    0x00, 0x00, 0x0e, 0xff, 0xff, 0xff, 0xf0, 0x01,
    0xff, 0xff, 0xff, 0xf4, 0x00, 0x00, 0x00, 0x00,
    0x00, 0x00, 0x00, 0x00, 0x08, 0xff, 0xff, 0xff,
    0xf6, 0x08, 0xff, 0xff, 0xff, 0xd0, 0x00, 0x00,
    0x00, 0x00, 0x00, 0x00, 0x00, 0x00, 0x01, 0xff,
    0xff, 0xff, 0xfd, 0x0e, 0xff, 0xff, 0xff, 0x60,
    0x00, 0x00, 0x00, 0x00, 0x00, 0x00, 0x00, 0x00,
    0x00, 0xaf, 0xff, 0xff, 0xff, 0xaf, 0xff, 0xff,
    0xfe, 0x00, 0x00, 0x00, 0x00, 0x00, 0x00, 0x00,
    0x00, 0x00, 0x00, 0x3f, 0xff, 0xff, 0xff, 0xff,
    0xff, 0xff, 0xf8, 0x00, 0x00, 0x00, 0x00, 0x00,
    0x00, 0x00, 0x00, 0x00, 0x00, 0x0c, 0xff, 0xff,
    0xff, 0xff, 0xff, 0xff, 0xf1, 0x00, 0x00, 0x00,
    0x00, 0x00, 0x00, 0x00, 0x00, 0x00, 0x00, 0x05,
    0xff, 0xff, 0xff, 0xff, 0xff, 0xff, 0xa0, 0x00,
    0x00, 0x00, 0x00, 0x00, 0x00, 0x00, 0x00, 0x00,
    0x00, 0x00, 0xef, 0xff, 0xff, 0xff, 0xff, 0xff,
    0x30, 0x00, 0x00, 0x00, 0x00, 0x00, 0x00, 0x00,
    0x00, 0x00, 0x00, 0x00, 0x7f, 0xff, 0xff, 0xff,
    0xff, 0xfc, 0x00, 0x00, 0x00, 0x00, 0x00, 0x00,
    0x00, 0x00, 0x00, 0x00, 0x00, 0x00, 0x1f, 0xff,
    0xff, 0xff, 0xff, 0xf5, 0x00, 0x00, 0x00, 0x00,
    0x00, 0x00, 0x00, 0x00, 0x00, 0x00, 0x00, 0x00,
    0x09, 0xff, 0xff, 0xff, 0xff, 0xe0, 0x00, 0x00,
    0x00, 0x00, 0x00, 0x00, 0x00, 0x00, 0x00, 0x00,
    0x00, 0x00, 0x02, 0xff, 0xff, 0xff, 0xff, 0x70,
    0x00, 0x00, 0x00, 0x00, 0x00, 0x00, 0x00, 0x00,
    0x00, 0x00, 0x00, 0x00, 0x00, 0xbf, 0xff, 0xff,
    0xff, 0x10, 0x00, 0x00, 0x00, 0x00, 0x00, 0x00,

    /* U+0057 "W" */
    0xdf, 0xff, 0xff, 0xfe, 0x00, 0x00, 0x00, 0x00,
    0x00, 0x00, 0x00, 0x9f, 0xff, 0xff, 0xfa, 0x00,
    0x00, 0x00, 0x00, 0x00, 0x00, 0x00, 0xcf, 0xff,
    0xff, 0xf5, 0x7f, 0xff, 0xff, 0xff, 0x30, 0x00,
    0x00, 0x00, 0x00, 0x00, 0x00, 0xef, 0xff, 0xff,
    0xff, 0x00, 0x00, 0x00, 0x00, 0x00, 0x00, 0x02,
    0xff, 0xff, 0xff, 0xf0, 0x2f, 0xff, 0xff, 0xff,
    0x80, 0x00, 0x00, 0x00, 0x00, 0x00, 0x04, 0xff,
    0xff, 0xff, 0xff, 0x40, 0x00, 0x00, 0x00, 0x00,
    0x00, 0x07, 0xff, 0xff, 0xff, 0xa0, 0x0d, 0xff,
    0xff, 0xff, 0xd0, 0x00, 0x00, 0x00, 0x00, 0x00,
    0x09, 0xff, 0xff, 0xff, 0xff, 0xa0, 0x00, 0x00,
    0x00, 0x00, 0x00, 0x0c, 0xff, 0xff, 0xff, 0x50,
    0x07, 0xff, 0xff, 0xff, 0xf3, 0x00, 0x00, 0x00,
    0x00, 0x00, 0x0e, 0xff, 0xff, 0xff, 0xff, 0xe0,
    0x00, 0x00, 0x00, 0x00, 0x00, 0x2f, 0xff, 0xff,
    0xff, 0x00, 0x02, 0xff, 0xff, 0xff, 0xf8, 0x00,
    0x00, 0x00, 0x00, 0x00, 0x4f, 0xff, 0xff, 0xff,
    0xff, 0xf4, 0x00, 0x00, 0x00, 0x00, 0x00, 0x7f,
    0xff, 0xff, 0xfa, 0x00, 0x00, 0xdf, 0xff, 0xff,
    0xfd, 0x00, 0x00, 0x00, 0x00, 0x00, 0x9f, 0xff,
    0xff, 0xff, 0xff, 0xf9, 0x00, 0x00, 0x00, 0x00,
    0x00, 0xcf, 0xff, 0xff, 0xf5, 0x00, 0x00, 0x8f,
    0xff, 0xff, 0xff, 0x20, 0x00, 0x00, 0x00, 0x00,
    0xef, 0xff, 0xff, 0xff, 0xff, 0xfe, 0x00, 0x00,
    0x00, 0x00, 0x02, 0xff, 0xff, 0xff, 0xf0, 0x00,
    0x00, 0x2f, 0xff, 0xff, 0xff, 0x70, 0x00, 0x00,
    0x00, 0x04, 0xff, 0xff, 0xff, 0xff, 0xff, 0xff,
    0x40, 0x00, 0x00, 0x00, 0x07, 0xff, 0xff, 0xff,
    0xa0, 0x00, 0x00, 0x0d, 0xff, 0xff, 0xff, 0xc0,
    0x00, 0x00, 0x00, 0x09, 0xff, 0xff, 0xff, 0xff,
    0xff, 0xff, 0x90, 0x00, 0x00, 0x00, 0x0c, 0xff,
    0xff, 0xff, 0x50, 0x00, 0x00, 0x08, 0xff, 0xff,
    0xff, 0xf2, 0x00, 0x00, 0x00, 0x0e, 0xff, 0xff,
    0xfd, 0xff, 0xff, 0xff, 0xe0, 0x00, 0x00, 0x00,
    0x1f, 0xff, 0xff, 0xff, 0x00, 0x00, 0x00, 0x02,
    0xff, 0xff, 0xff, 0xf7, 0x00, 0x00, 0x00, 0x4f,
    0xff, 0xff, 0xf7, 0xcf, 0xff, 0xff, 0xf3, 0x00,
    0x00, 0x00, 0x7f, 0xff, 0xff, 0xfb, 0x00, 0x00,
    0x00, 0x00, 0xdf, 0xff, 0xff, 0xfc, 0x00, 0x00,
    0x00, 0x9f, 0xff, 0xff, 0xf2, 0x6f, 0xff, 0xff,
    0xf8, 0x00, 0x00, 0x00, 0xcf, 0xff, 0xff, 0xf5,
    0x00, 0x00, 0x00, 0x00, 0x8f, 0xff, 0xff, 0xff,
    0x10, 0x00, 0x00, 0xef, 0xff, 0xff, 0xc0, 0x1f,
    0xff, 0xff, 0xfe, 0x00, 0x00, 0x01, 0xff, 0xff,
    0xff, 0xf1, 0x00, 0x00, 0x00, 0x00, 0x3f, 0xff,
    0xff, 0xff, 0x60, 0x00, 0x04, 0xff, 0xff, 0xff,
    0x70, 0x0c, 0xff, 0xff, 0xff, 0x30, 0x00, 0x07,
    0xff, 0xff, 0xff, 0xb0, 0x00, 0x00, 0x00, 0x00,
    0x0d, 0xff, 0xff, 0xff, 0xc0, 0x00, 0x0a, 0xff,
    0xff, 0xff, 0x10, 0x07, 0xff, 0xff, 0xff, 0x80,
    0x00, 0x0c, 0xff, 0xff, 0xff, 0x60, 0x00, 0x00,
    0x00, 0x00, 0x08, 0xff, 0xff, 0xff, 0xf1, 0x00,
    0x0f, 0xff, 0xff, 0xfc, 0x00, 0x01, 0xff, 0xff,
    0xff, 0xd0, 0x00, 0x1f, 0xff, 0xff, 0xff, 0x10,
    0x00, 0x00, 0x00, 0x00, 0x03, 0xff, 0xff, 0xff,
    0xf6, 0x00, 0x4f, 0xff, 0xff, 0xf7, 0x00, 0x00,
    0xcf, 0xff, 0xff, 0xf2, 0x00, 0x6f, 0xff, 0xff,
    0xfb, 0x00, 0x00, 0x00, 0x00, 0x00, 0x00, 0xdf,
    0xff, 0xff, 0xfb, 0x00, 0xaf, 0xff, 0xff, 0xf1,
    0x00, 0x00, 0x7f, 0xff, 0xff, 0xf8, 0x00, 0xcf,
    0xff, 0xff, 0xf6, 0x00, 0x00, 0x00, 0x00, 0x00,
    0x00, 0x8f, 0xff, 0xff, 0xff, 0x10, 0xff, 0xff,
    0xff, 0xc0, 0x00, 0x00, 0x2f, 0xff, 0xff, 0xfd,
    0x01, 0xff, 0xff, 0xff, 0xf1, 0x00, 0x00, 0x00,
    0x00, 0x00, 0x00, 0x3f, 0xff, 0xff, 0xff, 0x55,
    0xff, 0xff, 0xff, 0x60, 0x00, 0x00, 0x0d, 0xff,
    0xff, 0xff, 0x26, 0xff, 0xff, 0xff, 0xb0, 0x00,
    0x00, 0x00, 0x00, 0x00, 0x00, 0x0e, 0xff, 0xff,
    0xff, 0xba, 0xff, 0xff, 0xff, 0x10, 0x00, 0x00,
    0x07, 0xff, 0xff, 0xff, 0x7c, 0xff, 0xff, 0xff,
    0x60, 0x00, 0x00, 0x00, 0x00, 0x00, 0x00, 0x08,
    0xff, 0xff, 0xff, 0xff, 0xff, 0xff, 0xfc, 0x00,
    0x00, 0x00, 0x02, 0xff, 0xff, 0xff, 0xdf, 0xff,
    0xff, 0xff, 0x10, 0x00, 0x00, 0x00, 0x00, 0x00,
    0x00, 0x03, 0xff, 0xff, 0xff, 0xff, 0xff, 0xff,
    0xf6, 0x00, 0x00, 0x00, 0x00, 0xdf, 0xff, 0xff,
    0xff, 0xff, 0xff, 0xfb, 0x00, 0x00, 0x00, 0x00,
    0x00, 0x00, 0x00, 0x00, 0xef, 0xff, 0xff, 0xff,
    0xff, 0xff, 0xf1, 0x00, 0x00, 0x00, 0x00, 0x8f,
    0xff, 0xff, 0xff, 0xff, 0xff, 0xf6, 0x00, 0x00,
    0x00, 0x00, 0x00, 0x00, 0x00, 0x00, 0x8f, 0xff,
    0xff, 0xff, 0xff, 0xff, 0xb0, 0x00, 0x00, 0x00,
    0x00, 0x2f, 0xff, 0xff, 0xff, 0xff, 0xff, 0xf1,
    0x00, 0x00, 0x00, 0x00, 0x00, 0x00, 0x00, 0x00,
    0x3f, 0xff, 0xff, 0xff, 0xff, 0xff, 0x60, 0x00,
    0x00, 0x00, 0x00, 0x0d, 0xff, 0xff, 0xff, 0xff,
    0xff, 0xc0, 0x00, 0x00, 0x00, 0x00, 0x00, 0x00,
    0x00, 0x00, 0x0e, 0xff, 0xff, 0xff, 0xff, 0xff,
    0x10, 0x00, 0x00, 0x00, 0x00, 0x08, 0xff, 0xff,
    0xff, 0xff, 0xff, 0x60, 0x00, 0x00, 0x00, 0x00,
    0x00, 0x00, 0x00, 0x00, 0x09, 0xff, 0xff, 0xff,
    0xff, 0xfb, 0x00, 0x00, 0x00, 0x00, 0x00, 0x03,
    0xff, 0xff, 0xff, 0xff, 0xff, 0x10, 0x00, 0x00,
    0x00, 0x00, 0x00, 0x00, 0x00, 0x00, 0x03, 0xff,
    0xff, 0xff, 0xff, 0xf6, 0x00, 0x00, 0x00, 0x00,
    0x00, 0x00, 0xdf, 0xff, 0xff, 0xff, 0xfc, 0x00,
    0x00, 0x00, 0x00, 0x00, 0x00, 0x00, 0x00, 0x00,
    0x00, 0xef, 0xff, 0xff, 0xff, 0xf1, 0x00, 0x00,
    0x00, 0x00, 0x00, 0x00, 0x8f, 0xff, 0xff, 0xff,
    0xf7, 0x00, 0x00, 0x00, 0x00, 0x00, 0x00, 0x00,
    0x00, 0x00, 0x00, 0x9f, 0xff, 0xff, 0xff, 0xb0,
    0x00, 0x00, 0x00, 0x00, 0x00, 0x00, 0x3f, 0xff,
    0xff, 0xff, 0xf1, 0x00, 0x00, 0x00, 0x00, 0x00,

    /* U+0058 "X" */
    0x0d, 0xff, 0xff, 0xff, 0xf8, 0x00, 0x00, 0x00,
    0x00, 0x00, 0x00, 0x07, 0xff, 0xff, 0xff, 0xf8,
    0x00, 0x3f, 0xff, 0xff, 0xff, 0xf4, 0x00, 0x00,
    0x00, 0x00, 0x00, 0x03, 0xff, 0xff, 0xff, 0xfc,
    0x00, 0x00, 0x7f, 0xff, 0xff, 0xff, 0xe1, 0x00,
    0x00, 0x00, 0x00, 0x00, 0xdf, 0xff, 0xff, 0xff,
    0x20, 0x00, 0x00, 0xcf, 0xff, 0xff, 0xff, 0xb0,
    0x00, 0x00, 0x00, 0x00, 0x9f, 0xff, 0xff, 0xff,
    0x60, 0x00, 0x00, 0x01, 0xef, 0xff, 0xff, 0xff,
    0x60, 0x00, 0x00, 0x00, 0x5f, 0xff, 0xff, 0xff,
    0xa0, 0x00, 0x00, 0x00, 0x05, 0xff, 0xff, 0xff,
    0xff, 0x20, 0x00, 0x00, 0x1e, 0xff, 0xff, 0xff,
    0xd0, 0x00, 0x00, 0x00, 0x00, 0x09, 0xff, 0xff,
    0xff, 0xfc, 0x00, 0x00, 0x0b, 0xff, 0xff, 0xff,
    0xf3, 0x00, 0x00, 0x00, 0x00, 0x00, 0x0d, 0xff,
    0xff, 0xff, 0xf8, 0x00, 0x07, 0xff, 0xff, 0xff,
    0xf7, 0x00, 0x00, 0x00, 0x00, 0x00, 0x00, 0x3f,
    0xff, 0xff, 0xff, 0xf4, 0x02, 0xff, 0xff, 0xff,
    0xfb, 0x00, 0x00, 0x00, 0x00, 0x00, 0x00, 0x00,
    0x7f, 0xff, 0xff, 0xff, 0xe1, 0xdf, 0xff, 0xff,
    0xfe, 0x10, 0x00, 0x00, 0x00, 0x00, 0x00, 0x00,
    0x00, 0xbf, 0xff, 0xff, 0xff, 0xef, 0xff, 0xff,
    0xff, 0x40, 0x00, 0x00, 0x00, 0x00, 0x00, 0x00,
    0x00, 0x01, 0xef, 0xff, 0xff, 0xff, 0xff, 0xff,
    0xff, 0x90, 0x00, 0x00, 0x00, 0x00, 0x00, 0x00,
    0x00, 0x00, 0x04, 0xff, 0xff, 0xff, 0xff, 0xff,
    0xff, 0xd0, 0x00, 0x00, 0x00, 0x00, 0x00, 0x00,
    0x00, 0x00, 0x00, 0x09, 0xff, 0xff, 0xff, 0xff,
    0xff, 0xf2, 0x00, 0x00, 0x00, 0x00, 0x00, 0x00,
    0x00, 0x00, 0x00, 0x00, 0x0d, 0xff, 0xff, 0xff,
    0xff, 0xf6, 0x00, 0x00, 0x00, 0x00, 0x00, 0x00,
    0x00, 0x00, 0x00, 0x00, 0x00, 0x3f, 0xff, 0xff,
    0xff, 0xfe, 0x00, 0x00, 0x00, 0x00, 0x00, 0x00,
    0x00, 0x00, 0x00, 0x00, 0x00, 0x09, 0xff, 0xff,
    0xff, 0xff, 0xf7, 0x00, 0x00, 0x00, 0x00, 0x00,
    0x00, 0x00, 0x00, 0x00, 0x00, 0x04, 0xff, 0xff,
    0xff, 0xff, 0xff, 0xf3, 0x00, 0x00, 0x00, 0x00,
    0x00, 0x00, 0x00, 0x00, 0x00, 0x01, 0xef, 0xff,
    0xff, 0xff, 0xff, 0xff, 0xd0, 0x00, 0x00, 0x00,
    0x00, 0x00, 0x00, 0x00, 0x00, 0x00, 0xbf, 0xff,
    0xff, 0xff, 0xff, 0xff, 0xff, 0xa0, 0x00, 0x00,
    0x00, 0x00, 0x00, 0x00, 0x00, 0x00, 0x7f, 0xff,
    0xff, 0xff, 0xff, 0xff, 0xff, 0xff, 0x50, 0x00,
    0x00, 0x00, 0x00, 0x00, 0x00, 0x00, 0x3f, 0xff,
    0xff, 0xff, 0xd4, 0xff, 0xff, 0xff, 0xff, 0x20,
    0x00, 0x00, 0x00, 0x00, 0x00, 0x00, 0x1e, 0xff,
    0xff, 0xff, 0xf3, 0x08, 0xff, 0xff, 0xff, 0xfc,
    0x00, 0x00, 0x00, 0x00, 0x00, 0x00, 0x0a, 0xff,
    0xff, 0xff, 0xf8, 0x00, 0x0d, 0xff, 0xff, 0xff,
    0xf8, 0x00, 0x00, 0x00, 0x00, 0x00, 0x06, 0xff,
    0xff, 0xff, 0xfd, 0x00, 0x00, 0x2f, 0xff, 0xff,
    0xff, 0xf4, 0x00, 0x00, 0x00, 0x00, 0x02, 0xff,
    0xff, 0xff, 0xff, 0x20, 0x00, 0x00, 0x7f, 0xff,
    0xff, 0xff, 0xe1, 0x00, 0x00, 0x00, 0x00, 0xdf,
    0xff, 0xff, 0xff, 0x70, 0x00, 0x00, 0x00, 0xbf,
    0xff, 0xff, 0xff, 0xb0, 0x00, 0x00, 0x00, 0x9f,
    0xff, 0xff, 0xff, 0xc0, 0x00, 0x00, 0x00, 0x01,
    0xef, 0xff, 0xff, 0xff, 0x70, 0x00, 0x00, 0x4f,
    0xff, 0xff, 0xff, 0xf2, 0x00, 0x00, 0x00, 0x00,
    0x05, 0xff, 0xff, 0xff, 0xff, 0x30, 0x00, 0x1e,
    0xff, 0xff, 0xff, 0xf6, 0x00, 0x00, 0x00, 0x00,
    0x00, 0x0a, 0xff, 0xff, 0xff, 0xfd, 0x00, 0x0c,
    0xff, 0xff, 0xff, 0xfb, 0x00, 0x00, 0x00, 0x00,
    0x00, 0x00, 0x0e, 0xff, 0xff, 0xff, 0xf9, 0x07,
    0xff, 0xff, 0xff, 0xfe, 0x10, 0x00, 0x00, 0x00,
    0x00, 0x00, 0x00, 0x4f, 0xff, 0xff, 0xff, 0xf5,

    /* U+0059 "Y" */
    0x5f, 0xff, 0xff, 0xff, 0x90, 0x00, 0x00, 0x00,
    0x00, 0x00, 0x00, 0x00, 0x0d, 0xff, 0xff, 0xff,
    0x70, 0xbf, 0xff, 0xff, 0xff, 0x20, 0x00, 0x00,
    0x00, 0x00, 0x00, 0x00, 0x07, 0xff, 0xff, 0xff,
    0xd0, 0x02, 0xff, 0xff, 0xff, 0xfc, 0x00, 0x00,
    0x00, 0x00, 0x00, 0x00, 0x01, 0xff, 0xff, 0xff,
    0xf4, 0x00, 0x08, 0xff, 0xff, 0xff, 0xf5, 0x00,
    0x00, 0x00, 0x00, 0x00, 0x00, 0xaf, 0xff, 0xff,
    0xfa, 0x00, 0x00, 0x0e, 0xff, 0xff, 0xff, 0xe0,
    0x00, 0x00, 0x00, 0x00, 0x00, 0x4f, 0xff, 0xff,
    0xff, 0x10, 0x00, 0x00, 0x5f, 0xff, 0xff, 0xff,
    0x90, 0x00, 0x00, 0x00, 0x00, 0x0d, 0xff, 0xff,
    0xff, 0x70, 0x00, 0x00, 0x00, 0xbf, 0xff, 0xff,
    0xff, 0x30, 0x00, 0x00, 0x00, 0x07, 0xff, 0xff,
    0xff, 0xd0, 0x00, 0x00, 0x00, 0x02, 0xff, 0xff,
    0xff, 0xfc, 0x00, 0x00, 0x00, 0x02, 0xff, 0xff,
    0xff, 0xf3, 0x00, 0x00, 0x00, 0x00, 0x08, 0xff,
    0xff, 0xff, 0xf6, 0x00, 0x00, 0x00, 0xbf, 0xff,
    0xff, 0xfa, 0x00, 0x00, 0x00, 0x00, 0x00, 0x0d,
    0xff, 0xff, 0xff, 0xe1, 0x00, 0x00, 0x4f, 0xff,
    0xff, 0xff, 0x10, 0x00, 0x00, 0x00, 0x00, 0x00,
    0x4f, 0xff, 0xff, 0xff, 0x90, 0x00, 0x0d, 0xff,
    0xff, 0xff, 0x60, 0x00, 0x00, 0x00, 0x00, 0x00,
    0x00, 0xaf, 0xff, 0xff, 0xff, 0x30, 0x08, 0xff,
    0xff, 0xff, 0xc0, 0x00, 0x00, 0x00, 0x00, 0x00,
    0x00, 0x01, 0xff, 0xff, 0xff, 0xfc, 0x02, 0xff,
    0xff, 0xff, 0xf3, 0x00, 0x00, 0x00, 0x00, 0x00,
    0x00, 0x00, 0x07, 0xff, 0xff, 0xff, 0xf6, 0xbf,
    0xff, 0xff, 0xf9, 0x00, 0x00, 0x00, 0x00, 0x00,
    0x00, 0x00, 0x00, 0x0d, 0xff, 0xff, 0xff, 0xff,
    0xff, 0xff, 0xfe, 0x10, 0x00, 0x00, 0x00, 0x00,
    0x00, 0x00, 0x00, 0x00, 0x4f, 0xff, 0xff, 0xff,
    0xff, 0xff, 0xff, 0x60, 0x00, 0x00, 0x00, 0x00,
    0x00, 0x00, 0x00, 0x00, 0x00, 0xaf, 0xff, 0xff,
    0xff, 0xff, 0xff, 0xc0, 0x00, 0x00, 0x00, 0x00,
    0x00, 0x00, 0x00, 0x00, 0x00, 0x01, 0xff, 0xff,
    0xff, 0xff, 0xff, 0xf3, 0x00, 0x00, 0x00, 0x00,
    0x00, 0x00, 0x00, 0x00, 0x00, 0x00, 0x07, 0xff,
    0xff, 0xff, 0xff, 0xf9, 0x00, 0x00, 0x00, 0x00,
    0x00, 0x00, 0x00, 0x00, 0x00, 0x00, 0x00, 0x0d,
    0xff, 0xff, 0xff, 0xfe, 0x10, 0x00, 0x00, 0x00,
    0x00, 0x00, 0x00, 0x00, 0x00, 0x00, 0x00, 0x00,
    0x4f, 0xff, 0xff, 0xff, 0x60, 0x00, 0x00, 0x00,
    0x00, 0x00, 0x00, 0x00, 0x00, 0x00, 0x00, 0x00,
    0x02, 0xff, 0xff, 0xff, 0xf4, 0x00, 0x00, 0x00,
    0x00, 0x00, 0x00, 0x00, 0x00, 0x00, 0x00, 0x00,
    0x00, 0x2f, 0xff, 0xff, 0xff, 0x40, 0x00, 0x00,
    0x00, 0x00, 0x00, 0x00, 0x00, 0x00, 0x00, 0x00,
    0x00, 0x02, 0xff, 0xff, 0xff, 0xf4, 0x00, 0x00,
    0x00, 0x00, 0x00, 0x00, 0x00, 0x00, 0x00, 0x00,
    0x00, 0x00, 0x2f, 0xff, 0xff, 0xff, 0x40, 0x00,
    0x00, 0x00, 0x00, 0x00, 0x00, 0x00, 0x00, 0x00,
    0x00, 0x00, 0x02, 0xff, 0xff, 0xff, 0xf4, 0x00,
    0x00, 0x00, 0x00, 0x00, 0x00, 0x00, 0x00, 0x00,
    0x00, 0x00, 0x00, 0x2f, 0xff, 0xff, 0xff, 0x40,
    0x00, 0x00, 0x00, 0x00, 0x00, 0x00, 0x00, 0x00,
    0x00, 0x00, 0x00, 0x02, 0xff, 0xff, 0xff, 0xf4,
    0x00, 0x00, 0x00, 0x00, 0x00, 0x00, 0x00, 0x00,
    0x00, 0x00, 0x00, 0x00, 0x2f, 0xff, 0xff, 0xff,
    0x40, 0x00, 0x00, 0x00, 0x00, 0x00, 0x00, 0x00,
    0x00, 0x00, 0x00, 0x00, 0x02, 0xff, 0xff, 0xff,
    0xf4, 0x00, 0x00, 0x00, 0x00, 0x00, 0x00, 0x00,
    0x00, 0x00, 0x00, 0x00, 0x00, 0x2f, 0xff, 0xff,
    0xff, 0x40, 0x00, 0x00, 0x00, 0x00, 0x00, 0x00,
    0x00, 0x00, 0x00, 0x00, 0x00, 0x02, 0xff, 0xff,
    0xff, 0xf4, 0x00, 0x00, 0x00, 0x00, 0x00, 0x00,

    /* U+005A "Z" */
    0x0e, 0xff, 0xff, 0xff, 0xff, 0xff, 0xff, 0xff,
    0xff, 0xff, 0xff, 0xff, 0xff, 0xff, 0x30, 0xef,
    0xff, 0xff, 0xff, 0xff, 0xff, 0xff, 0xff, 0xff,
    0xff, 0xff, 0xff, 0xff, 0xf3, 0x0e, 0xff, 0xff,
    0xff, 0xff, 0xff, 0xff, 0xff, 0xff, 0xff, 0xff,
    0xff, 0xff, 0xff, 0x30, 0xef, 0xff, 0xff, 0xff,
    0xff, 0xff, 0xff, 0xff, 0xff, 0xff, 0xff, 0xff,
    0xff, 0xf3, 0x0e, 0xff, 0xff, 0xff, 0xff, 0xff,
    0xff, 0xff, 0xff, 0xff, 0xff, 0xff, 0xff, 0xff,
    0x30, 0xef, 0xff, 0xff, 0xff, 0xff, 0xff, 0xff,
    0xff, 0xff, 0xff, 0xff, 0xff, 0xff, 0xa0, 0x00,
    0x00, 0x00, 0x00, 0x00, 0x00, 0x00, 0x00, 0x02,
    0xef, 0xff, 0xff, 0xff, 0xc0, 0x00, 0x00, 0x00,
    0x00, 0x00, 0x00, 0x00, 0x00, 0x00, 0xcf, 0xff,
    0xff, 0xff, 0xe1, 0x00, 0x00, 0x00, 0x00, 0x00,
    0x00, 0x00, 0x00, 0x00, 0xaf, 0xff, 0xff, 0xff,
    0xf2, 0x00, 0x00, 0x00, 0x00, 0x00, 0x00, 0x00,
    0x00, 0x00, 0x7f, 0xff, 0xff, 0xff, 0xf4, 0x00,
    0x00, 0x00, 0x00, 0x00, 0x00, 0x00, 0x00, 0x00,
    0x5f, 0xff, 0xff, 0xff, 0xf7, 0x00, 0x00, 0x00,
    0x00, 0x00, 0x00, 0x00, 0x00, 0x00, 0x3f, 0xff,
    0xff, 0xff, 0xfa, 0x00, 0x00, 0x00, 0x00, 0x00,
    0x00, 0x00, 0x00, 0x00, 0x1e, 0xff, 0xff, 0xff,
    0xfc, 0x00, 0x00, 0x00, 0x00, 0x00, 0x00, 0x00,
    0x00, 0x00, 0x0c, 0xff, 0xff, 0xff, 0xfe, 0x10,
    0x00, 0x00, 0x00, 0x00, 0x00, 0x00, 0x00, 0x00,
    0x0a, 0xff, 0xff, 0xff, 0xff, 0x20, 0x00, 0x00,
    0x00, 0x00, 0x00, 0x00, 0x00, 0x00, 0x07, 0xff,
    0xff, 0xff, 0xff, 0x40, 0x00, 0x00, 0x00, 0x00,
    0x00, 0x00, 0x00, 0x00, 0x05, 0xff, 0xff, 0xff,
    0xff, 0x70, 0x00, 0x00, 0x00, 0x00, 0x00, 0x00,
    0x00, 0x00, 0x03, 0xff, 0xff, 0xff, 0xff, 0xa0,
    0x00, 0x00, 0x00, 0x00, 0x00, 0x00, 0x00, 0x00,
    0x01, 0xef, 0xff, 0xff, 0xff, 0xc0, 0x00, 0x00,
    0x00, 0x00, 0x00, 0x00, 0x00, 0x00, 0x00, 0xcf,
    0xff, 0xff, 0xff, 0xe1, 0x00, 0x00, 0x00, 0x00,
    0x00, 0x00, 0x00, 0x00, 0x00, 0xaf, 0xff, 0xff,
    0xff, 0xf2, 0x00, 0x00, 0x00, 0x00, 0x00, 0x00,
    0x00, 0x00, 0x00, 0x8f, 0xff, 0xff, 0xff, 0xf4,
    0x00, 0x00, 0x00, 0x00, 0x00, 0x00, 0x00, 0x00,
    0x00, 0x5f, 0xff, 0xff, 0xff, 0xf7, 0x00, 0x00,
    0x00, 0x00, 0x00, 0x00, 0x00, 0x00, 0x00, 0x3f,
    0xff, 0xff, 0xff, 0xfa, 0x00, 0x00, 0x00, 0x00,
    0x00, 0x00, 0x00, 0x00, 0x00, 0x1e, 0xff, 0xff,
    0xff, 0xfc, 0x00, 0x00, 0x00, 0x00, 0x00, 0x00,
    0x00, 0x00, 0x00, 0x0c, 0xff, 0xff, 0xff, 0xfe,
    0x20, 0x00, 0x00, 0x00, 0x00, 0x00, 0x00, 0x00,
    0x00, 0x0a, 0xff, 0xff, 0xff, 0xff, 0xff, 0xff,
    0xff, 0xff, 0xff, 0xff, 0xff, 0xff, 0xff, 0xe3,
    0xff, 0xff, 0xff, 0xff, 0xff, 0xff, 0xff, 0xff,
    0xff, 0xff, 0xff, 0xff, 0xff, 0xfe, 0x4f, 0xff,
    0xff, 0xff, 0xff, 0xff, 0xff, 0xff, 0xff, 0xff,
    0xff, 0xff, 0xff, 0xff, 0xe4, 0xff, 0xff, 0xff,
    0xff, 0xff, 0xff, 0xff, 0xff, 0xff, 0xff, 0xff,
    0xff, 0xff, 0xfe, 0x4f, 0xff, 0xff, 0xff, 0xff,
    0xff, 0xff, 0xff, 0xff, 0xff, 0xff, 0xff, 0xff,
    0xff, 0xe4, 0xff, 0xff, 0xff, 0xff, 0xff, 0xff,
    0xff, 0xff, 0xff, 0xff, 0xff, 0xff, 0xff, 0xfe,

    /* U+005B "[" */
    0x3f, 0xff, 0xff, 0xff, 0xff, 0xff, 0xf4, 0x3f,
    0xff, 0xff, 0xff, 0xff, 0xff, 0xf4, 0x3f, 0xff,
    0xff, 0xff, 0xff, 0xff, 0xf4, 0x3f, 0xff, 0xff,
    0xff, 0xff, 0xff, 0xf4, 0x3f, 0xff, 0xff, 0xff,
    0xff, 0xff, 0xf4, 0x3f, 0xff, 0xff, 0xff, 0x99,
    0x99, 0x92, 0x3f, 0xff, 0xff, 0xff, 0x00, 0x00,
    0x00, 0x3f, 0xff, 0xff, 0xff, 0x00, 0x00, 0x00,
    0x3f, 0xff, 0xff, 0xff, 0x00, 0x00, 0x00, 0x3f,
    0xff, 0xff, 0xff, 0x00, 0x00, 0x00, 0x3f, 0xff,
    0xff, 0xff, 0x00, 0x00, 0x00, 0x3f, 0xff, 0xff,
    0xff, 0x00, 0x00, 0x00, 0x3f, 0xff, 0xff, 0xff,
    0x00, 0x00, 0x00, 0x3f, 0xff, 0xff, 0xff, 0x00,
    0x00, 0x00, 0x3f, 0xff, 0xff, 0xff, 0x00, 0x00,
    0x00, 0x3f, 0xff, 0xff, 0xff, 0x00, 0x00, 0x00,
    0x3f, 0xff, 0xff, 0xff, 0x00, 0x00, 0x00, 0x3f,
    0xff, 0xff, 0xff, 0x00, 0x00, 0x00, 0x3f, 0xff,
    0xff, 0xff, 0x00, 0x00, 0x00, 0x3f, 0xff, 0xff,
    0xff, 0x00, 0x00, 0x00, 0x3f, 0xff, 0xff, 0xff,
    0x00, 0x00, 0x00, 0x3f, 0xff, 0xff, 0xff, 0x00,
    0x00, 0x00, 0x3f, 0xff, 0xff, 0xff, 0x00, 0x00,
    0x00, 0x3f, 0xff, 0xff, 0xff, 0x00, 0x00, 0x00,
    0x3f, 0xff, 0xff, 0xff, 0x00, 0x00, 0x00, 0x3f,
    0xff, 0xff, 0xff, 0x00, 0x00, 0x00, 0x3f, 0xff,
    0xff, 0xff, 0x00, 0x00, 0x00, 0x3f, 0xff, 0xff,
    0xff, 0x00, 0x00, 0x00, 0x3f, 0xff, 0xff, 0xff,
    0x00, 0x00, 0x00, 0x3f, 0xff, 0xff, 0xff, 0x00,
    0x00, 0x00, 0x3f, 0xff, 0xff, 0xff, 0x00, 0x00,
    0x00, 0x3f, 0xff, 0xff, 0xff, 0x00, 0x00, 0x00,
    0x3f, 0xff, 0xff, 0xff, 0x00, 0x00, 0x00, 0x3f,
    0xff, 0xff, 0xff, 0x00, 0x00, 0x00, 0x3f, 0xff,
    0xff, 0xff, 0x00, 0x00, 0x00, 0x3f, 0xff, 0xff,
    0xff, 0x00, 0x00, 0x00, 0x3f, 0xff, 0xff, 0xff,
    0x00, 0x00, 0x00, 0x3f, 0xff, 0xff, 0xff, 0x99,
    0x99, 0x92, 0x3f, 0xff, 0xff, 0xff, 0xff, 0xff,
    0xf4, 0x3f, 0xff, 0xff, 0xff, 0xff, 0xff, 0xf4,
    0x3f, 0xff, 0xff, 0xff, 0xff, 0xff, 0xf4, 0x3f,
    0xff, 0xff, 0xff, 0xff, 0xff, 0xf4, 0x3f, 0xff,
    0xff, 0xff, 0xff, 0xff, 0xf4,

    /* U+005C "\\" */
    0xcf, 0xff, 0xff, 0x90, 0x00, 0x00, 0x00, 0x00,
    0x00, 0x00, 0x00, 0x7f, 0xff, 0xff, 0xe0, 0x00,
    0x00, 0x00, 0x00, 0x00, 0x00, 0x00, 0x1f, 0xff,
    0xff, 0xf4, 0x00, 0x00, 0x00, 0x00, 0x00, 0x00,
    0x00, 0x0c, 0xff, 0xff, 0xfa, 0x00, 0x00, 0x00,
    0x00, 0x00, 0x00, 0x00, 0x06, 0xff, 0xff, 0xff,
    0x00, 0x00, 0x00, 0x00, 0x00, 0x00, 0x00, 0x01,
    0xff, 0xff, 0xff, 0x50, 0x00, 0x00, 0x00, 0x00,
    0x00, 0x00, 0x00, 0xbf, 0xff, 0xff, 0xb0, 0x00,
    0x00, 0x00, 0x00, 0x00, 0x00, 0x00, 0x5f, 0xff,
    0xff, 0xf1, 0x00, 0x00, 0x00, 0x00, 0x00, 0x00,
    0x00, 0x0f, 0xff, 0xff, 0xf6, 0x00, 0x00, 0x00,
    0x00, 0x00, 0x00, 0x00, 0x0a, 0xff, 0xff, 0xfc,
    0x00, 0x00, 0x00, 0x00, 0x00, 0x00, 0x00, 0x04,
    0xff, 0xff, 0xff, 0x20, 0x00, 0x00, 0x00, 0x00,
    0x00, 0x00, 0x00, 0xef, 0xff, 0xff, 0x70, 0x00,
    0x00, 0x00, 0x00, 0x00, 0x00, 0x00, 0x9f, 0xff,
    0xff, 0xd0, 0x00, 0x00, 0x00, 0x00, 0x00, 0x00,
    0x00, 0x3f, 0xff, 0xff, 0xf2, 0x00, 0x00, 0x00,
    0x00, 0x00, 0x00, 0x00, 0x0d, 0xff, 0xff, 0xf8,
    0x00, 0x00, 0x00, 0x00, 0x00, 0x00, 0x00, 0x08,
    0xff, 0xff, 0xfe, 0x00, 0x00, 0x00, 0x00, 0x00,
    0x00, 0x00, 0x02, 0xff, 0xff, 0xff, 0x30, 0x00,
    0x00, 0x00, 0x00, 0x00, 0x00, 0x00, 0xcf, 0xff,
    0xff, 0x90, 0x00, 0x00, 0x00, 0x00, 0x00, 0x00,
    0x00, 0x7f, 0xff, 0xff, 0xe0, 0x00, 0x00, 0x00,
    0x00, 0x00, 0x00, 0x00, 0x1f, 0xff, 0xff, 0xf4,
    0x00, 0x00, 0x00, 0x00, 0x00, 0x00, 0x00, 0x0b,
    0xff, 0xff, 0xfa, 0x00, 0x00, 0x00, 0x00, 0x00,
    0x00, 0x00, 0x06, 0xff, 0xff, 0xff, 0x00, 0x00,
    0x00, 0x00, 0x00, 0x00, 0x00, 0x01, 0xff, 0xff,
    0xff, 0x50, 0x00, 0x00, 0x00, 0x00, 0x00, 0x00,
    0x00, 0xaf, 0xff, 0xff, 0xb0, 0x00, 0x00, 0x00,
    0x00, 0x00, 0x00, 0x00, 0x5f, 0xff, 0xff, 0xf1,
    0x00, 0x00, 0x00, 0x00, 0x00, 0x00, 0x00, 0x0f,
    0xff, 0xff, 0xf6, 0x00, 0x00, 0x00, 0x00, 0x00,
    0x00, 0x00, 0x0a, 0xff, 0xff, 0xfc, 0x00, 0x00,
    0x00, 0x00, 0x00, 0x00, 0x00, 0x04, 0xff, 0xff,
    0xff, 0x20, 0x00, 0x00, 0x00, 0x00, 0x00, 0x00,
    0x00, 0xef, 0xff, 0xff, 0x70, 0x00, 0x00, 0x00,
    0x00, 0x00, 0x00, 0x00, 0x9f, 0xff, 0xff, 0xd0,
    0x00, 0x00, 0x00, 0x00, 0x00, 0x00, 0x00, 0x3f,
    0xff, 0xff, 0xf2, 0x00, 0x00, 0x00, 0x00, 0x00,
    0x00, 0x00, 0x0d, 0xff, 0xff, 0xf8, 0x00, 0x00,
    0x00, 0x00, 0x00, 0x00, 0x00, 0x08, 0xff, 0xff,
    0xfe, 0x00, 0x00, 0x00, 0x00, 0x00, 0x00, 0x00,
    0x02, 0xff, 0xff, 0xff, 0x30, 0x00, 0x00, 0x00,
    0x00, 0x00, 0x00, 0x00, 0xcf, 0xff, 0xff, 0x90,
    0x00, 0x00, 0x00, 0x00, 0x00, 0x00, 0x00, 0x7f,
    0xff, 0xff, 0xe0, 0x00, 0x00, 0x00, 0x00, 0x00,
    0x00, 0x00, 0x1f, 0xff, 0xff, 0xf4, 0x00, 0x00,
    0x00, 0x00, 0x00, 0x00, 0x00, 0x0b, 0xff, 0xff,
    0xfa, 0x00, 0x00, 0x00, 0x00, 0x00, 0x00, 0x00,
    0x06, 0xff, 0xff, 0xff, 0x00, 0x00, 0x00, 0x00,
    0x00, 0x00, 0x00, 0x01, 0xff, 0xff, 0xff, 0x50,
    0x00, 0x00, 0x00, 0x00, 0x00, 0x00, 0x00, 0xaf,
    0xff, 0xff, 0xb0, 0x00, 0x00, 0x00, 0x00, 0x00,
    0x00, 0x00, 0x5f, 0xff, 0xff, 0xf1, 0x00, 0x00,
    0x00, 0x00, 0x00, 0x00, 0x00, 0x0f, 0xff, 0xff,
    0xf6,

    /* U+005D "]" */
    0x5f, 0xff, 0xff, 0xff, 0xff, 0xff, 0xf1, 0x5f,
    0xff, 0xff, 0xff, 0xff, 0xff, 0xf1, 0x5f, 0xff,
    0xff, 0xff, 0xff, 0xff, 0xf1, 0x5f, 0xff, 0xff,
    0xff, 0xff, 0xff, 0xf1, 0x5f, 0xff, 0xff, 0xff,
    0xff, 0xff, 0xf1, 0x29, 0x99, 0x99, 0xff, 0xff,
    0xff, 0xf1, 0x00, 0x00, 0x01, 0xff, 0xff, 0xff,
    0xf1, 0x00, 0x00, 0x01, 0xff, 0xff, 0xff, 0xf1,
    0x00, 0x00, 0x01, 0xff, 0xff, 0xff, 0xf1, 0x00,
    0x00, 0x01, 0xff, 0xff, 0xff, 0xf1, 0x00, 0x00,
    0x01, 0xff, 0xff, 0xff, 0xf1, 0x00, 0x00, 0x01,
    0xff, 0xff, 0xff, 0xf1, 0x00, 0x00, 0x01, 0xff,
    0xff, 0xff, 0xf1, 0x00, 0x00, 0x01, 0xff, 0xff,
    0xff, 0xf1, 0x00, 0x00, 0x01, 0xff, 0xff, 0xff,
    0xf1, 0x00, 0x00, 0x01, 0xff, 0xff, 0xff, 0xf1,
    0x00, 0x00, 0x01, 0xff, 0xff, 0xff, 0xf1, 0x00,
    0x00, 0x01, 0xff, 0xff, 0xff, 0xf1, 0x00, 0x00,
    0x01, 0xff, 0xff, 0xff, 0xf1, 0x00, 0x00, 0x01,
    0xff, 0xff, 0xff, 0xf1, 0x00, 0x00, 0x01, 0xff,
    0xff, 0xff, 0xf1, 0x00, 0x00, 0x01, 0xff, 0xff,
    0xff, 0xf1, 0x00, 0x00, 0x01, 0xff, 0xff, 0xff,
    0xf1, 0x00, 0x00, 0x01, 0xff, 0xff, 0xff, 0xf1,
    0x00, 0x00, 0x01, 0xff, 0xff, 0xff, 0xf1, 0x00,
    0x00, 0x01, 0xff, 0xff, 0xff, 0xf1, 0x00, 0x00,
    0x01, 0xff, 0xff, 0xff, 0xf1, 0x00, 0x00, 0x01,
    0xff, 0xff, 0xff, 0xf1, 0x00, 0x00, 0x01, 0xff,
    0xff, 0xff, 0xf1, 0x00, 0x00, 0x01, 0xff, 0xff,
    0xff, 0xf1, 0x00, 0x00, 0x01, 0xff, 0xff, 0xff,
    0xf1, 0x00, 0x00, 0x01, 0xff, 0xff, 0xff, 0xf1,
    0x00, 0x00, 0x01, 0xff, 0xff, 0xff, 0xf1, 0x00,
    0x00, 0x01, 0xff, 0xff, 0xff, 0xf1, 0x00, 0x00,
    0x01, 0xff, 0xff, 0xff, 0xf1, 0x00, 0x00, 0x01,
    0xff, 0xff, 0xff, 0xf1, 0x00, 0x00, 0x01, 0xff,
    0xff, 0xff, 0xf1, 0x29, 0x99, 0x99, 0xff, 0xff,
    0xff, 0xf1, 0x5f, 0xff, 0xff, 0xff, 0xff, 0xff,
    0xf1, 0x5f, 0xff, 0xff, 0xff, 0xff, 0xff, 0xf1,
    0x5f, 0xff, 0xff, 0xff, 0xff, 0xff, 0xf1, 0x5f,
    0xff, 0xff, 0xff, 0xff, 0xff, 0xf1, 0x5f, 0xff,
    0xff, 0xff, 0xff, 0xff, 0xf1,

    /* U+005E "^" */
    0x00, 0x00, 0x00, 0x00, 0x4f, 0xff, 0xff, 0xe0,
    0x00, 0x00, 0x00, 0x00, 0x00, 0x00, 0x00, 0x0b,
    0xff, 0xff, 0xff, 0x50, 0x00, 0x00, 0x00, 0x00,
    0x00, 0x00, 0x02, 0xff, 0xff, 0xff, 0xfc, 0x00,
    0x00, 0x00, 0x00, 0x00, 0x00, 0x00, 0x9f, 0xff,
    0xff, 0xff, 0xf3, 0x00, 0x00, 0x00, 0x00, 0x00,
    0x00, 0x1f, 0xff, 0xff, 0xff, 0xff, 0xa0, 0x00,
    0x00, 0x00, 0x00, 0x00, 0x07, 0xff, 0xff, 0xef,
    0xff, 0xff, 0x10, 0x00, 0x00, 0x00, 0x00, 0x00,
    0xef, 0xff, 0xf6, 0xcf, 0xff, 0xf8, 0x00, 0x00,
    0x00, 0x00, 0x00, 0x5f, 0xff, 0xfe, 0x06, 0xff,
    0xff, 0xe0, 0x00, 0x00, 0x00, 0x00, 0x0c, 0xff,
    0xff, 0x80, 0x0e, 0xff, 0xff, 0x60, 0x00, 0x00,
    0x00, 0x03, 0xff, 0xff, 0xf2, 0x00, 0x8f, 0xff,
    0xfd, 0x00, 0x00, 0x00, 0x00, 0xaf, 0xff, 0xfb,
    0x00, 0x02, 0xff, 0xff, 0xf4, 0x00, 0x00, 0x00,
    0x1f, 0xff, 0xff, 0x40, 0x00, 0x0b, 0xff, 0xff,
    0xb0, 0x00, 0x00, 0x08, 0xff, 0xff, 0xd0, 0x00,
    0x00, 0x4f, 0xff, 0xff, 0x20, 0x00, 0x00, 0xef,
    0xff, 0xf7, 0x00, 0x00, 0x00, 0xdf, 0xff, 0xf9,
    0x00, 0x00, 0x6f, 0xff, 0xff, 0x10, 0x00, 0x00,
    0x07, 0xff, 0xff, 0xf1, 0x00, 0x0d, 0xff, 0xff,
    0x90, 0x00, 0x00, 0x00, 0x1f, 0xff, 0xff, 0x70,
    0x04, 0xff, 0xff, 0xf3, 0x00, 0x00, 0x00, 0x00,
    0x9f, 0xff, 0xfe, 0x00, 0xbf, 0xff, 0xfc, 0x00,
    0x00, 0x00, 0x00, 0x02, 0xff, 0xff, 0xf5, 0x2f,
    0xff, 0xff, 0x50, 0x00, 0x00, 0x00, 0x00, 0x0c,
    0xff, 0xff, 0xc0,

    /* U+005F "_" */
    0x22, 0x22, 0x22, 0x22, 0x22, 0x22, 0x22, 0x22,
    0x22, 0x22, 0x22, 0x2f, 0xff, 0xff, 0xff, 0xff,
    0xff, 0xff, 0xff, 0xff, 0xff, 0xff, 0xff, 0xff,
    0xff, 0xff, 0xff, 0xff, 0xff, 0xff, 0xff, 0xff,
    0xff, 0xff, 0xff, 0xff, 0xff, 0xff, 0xff, 0xff,
    0xff, 0xff, 0xff, 0xff, 0xff, 0xff, 0xff, 0xff,
    0xff, 0xff, 0xff, 0xff, 0xff, 0xff, 0xff, 0xff,
    0xff, 0xf0,

    /* U+0060 "`" */
    0x58, 0x88, 0x88, 0x87, 0x00, 0x00, 0x00, 0x0a,
    0xff, 0xff, 0xff, 0xb0, 0x00, 0x00, 0x00, 0x6f,
    0xff, 0xff, 0xfa, 0x00, 0x00, 0x00, 0x03, 0xef,
    0xff, 0xff, 0xa0, 0x00, 0x00, 0x00, 0x1b, 0xff,
    0xff, 0xf9, 0x00, 0x00, 0x00, 0x00, 0x8f, 0xff,
    0xff, 0x80, 0x00, 0x00, 0x00, 0x05, 0xff, 0xff,
    0xf8,

    /* U+0061 "a" */
    0x00, 0x00, 0x00, 0x36, 0xac, 0xef, 0xfe, 0xdb,
    0x83, 0x00, 0x00, 0x00, 0x00, 0x00, 0x18, 0xdf,
    0xff, 0xff, 0xff, 0xff, 0xff, 0xfd, 0x50, 0x00,
    0x00, 0x00, 0x8f, 0xff, 0xff, 0xff, 0xff, 0xff,
    0xff, 0xff, 0xff, 0xb1, 0x00, 0x00, 0x1f, 0xff,
    0xff, 0xff, 0xff, 0xff, 0xff, 0xff, 0xff, 0xff,
    0xc0, 0x00, 0x00, 0x8f, 0xff, 0xff, 0xff, 0xff,
    0xff, 0xff, 0xff, 0xff, 0xff, 0x90, 0x00, 0x01,
    0xef, 0xff, 0xff, 0xcb, 0xbb, 0xef, 0xff, 0xff,
    0xff, 0xff, 0x20, 0x00, 0x07, 0xfe, 0x93, 0x00,
    0x00, 0x00, 0x3b, 0xff, 0xff, 0xff, 0xf8, 0x00,
    0x00, 0x07, 0x00, 0x00, 0x00, 0x00, 0x00, 0x0b,
    0xff, 0xff, 0xff, 0xc0, 0x00, 0x00, 0x00, 0x00,
    0x00, 0x00, 0x00, 0x00, 0x3f, 0xff, 0xff, 0xff,
    0x00, 0x00, 0x00, 0x00, 0x00, 0x00, 0x00, 0x00,
    0x00, 0xff, 0xff, 0xff, 0xf1, 0x00, 0x00, 0x02,
    0x7a, 0xde, 0xff, 0xff, 0xff, 0xff, 0xff, 0xff,
    0xff, 0x20, 0x00, 0x2b, 0xff, 0xff, 0xff, 0xff,
    0xff, 0xff, 0xff, 0xff, 0xff, 0xf3, 0x00, 0x3f,
    0xff, 0xff, 0xff, 0xff, 0xff, 0xff, 0xff, 0xff,
    0xff, 0xff, 0x30, 0x1f, 0xff, 0xff, 0xff, 0xff,
    0xff, 0xff, 0xff, 0xff, 0xff, 0xff, 0xf3, 0x0a,
    0xff, 0xff, 0xff, 0xf8, 0x43, 0x22, 0x22, 0x2f,
    0xff, 0xff, 0xff, 0x30, 0xff, 0xff, 0xff, 0xf4,
    0x00, 0x00, 0x00, 0x00, 0xff, 0xff, 0xff, 0xf3,
    0x3f, 0xff, 0xff, 0xfd, 0x00, 0x00, 0x00, 0x00,
    0x0f, 0xff, 0xff, 0xff, 0x34, 0xff, 0xff, 0xff,
    0xb0, 0x00, 0x00, 0x00, 0x06, 0xff, 0xff, 0xff,
    0xf3, 0x3f, 0xff, 0xff, 0xff, 0x10, 0x00, 0x00,
    0x03, 0xef, 0xff, 0xff, 0xff, 0x30, 0xff, 0xff,
    0xff, 0xfd, 0x40, 0x00, 0x17, 0xff, 0xff, 0xff,
    0xff, 0xf3, 0x09, 0xff, 0xff, 0xff, 0xff, 0xfd,
    0xef, 0xff, 0xff, 0xff, 0xff, 0xff, 0x30, 0x1e,
    0xff, 0xff, 0xff, 0xff, 0xff, 0xff, 0xff, 0xff,
    0xff, 0xff, 0xf3, 0x00, 0x3f, 0xff, 0xff, 0xff,
    0xff, 0xff, 0xff, 0xc8, 0xff, 0xff, 0xff, 0x30,
    0x00, 0x2c, 0xff, 0xff, 0xff, 0xff, 0xff, 0x91,
    0x8f, 0xff, 0xff, 0xf3, 0x00, 0x00, 0x03, 0x8c,
    0xef, 0xfe, 0xc7, 0x20, 0x08, 0xff, 0xff, 0xff,
    0x30,

    /* U+0062 "b" */
    0xaf, 0xff, 0xff, 0xf7, 0x00, 0x00, 0x00, 0x00,
    0x00, 0x00, 0x00, 0x00, 0x00, 0x00, 0xbf, 0xff,
    0xff, 0xf7, 0x00, 0x00, 0x00, 0x00, 0x00, 0x00,
    0x00, 0x00, 0x00, 0x00, 0xbf, 0xff, 0xff, 0xf7,
    0x00, 0x00, 0x00, 0x00, 0x00, 0x00, 0x00, 0x00,
    0x00, 0x00, 0xbf, 0xff, 0xff, 0xf7, 0x00, 0x00,
    0x00, 0x00, 0x00, 0x00, 0x00, 0x00, 0x00, 0x00,
    0xbf, 0xff, 0xff, 0xf7, 0x00, 0x00, 0x00, 0x00,
    0x00, 0x00, 0x00, 0x00, 0x00, 0x00, 0xbf, 0xff,
    0xff, 0xf7, 0x00, 0x00, 0x00, 0x00, 0x00, 0x00,
    0x00, 0x00, 0x00, 0x00, 0xbf, 0xff, 0xff, 0xf7,
    0x00, 0x00, 0x00, 0x00, 0x00, 0x00, 0x00, 0x00,
    0x00, 0x00, 0xbf, 0xff, 0xff, 0xf7, 0x00, 0x00,
    0x00, 0x00, 0x00, 0x00, 0x00, 0x00, 0x00, 0x00,
    0xbf, 0xff, 0xff, 0xf7, 0x00, 0x00, 0x00, 0x00,
    0x00, 0x00, 0x00, 0x00, 0x00, 0x00, 0xbf, 0xff,
    0xff, 0xf7, 0x00, 0x27, 0xbe, 0xff, 0xeb, 0x83,
    0x00, 0x00, 0x00, 0x00, 0xbf, 0xff, 0xff, 0xf7,
    0x19, 0xff, 0xff, 0xff, 0xff, 0xff, 0xc4, 0x00,
    0x00, 0x00, 0xbf, 0xff, 0xff, 0xf9, 0xdf, 0xff,
    0xff, 0xff, 0xff, 0xff, 0xff, 0x90, 0x00, 0x00,
    0xbf, 0xff, 0xff, 0xff, 0xff, 0xff, 0xff, 0xff,
    0xff, 0xff, 0xff, 0xfc, 0x00, 0x00, 0xbf, 0xff,
    0xff, 0xff, 0xff, 0xff, 0xff, 0xff, 0xff, 0xff,
    0xff, 0xff, 0xa0, 0x00, 0xbf, 0xff, 0xff, 0xff,
    0xff, 0xff, 0xfe, 0xef, 0xff, 0xff, 0xff, 0xff,
    0xf6, 0x00, 0xbf, 0xff, 0xff, 0xff, 0xff, 0xa3,
    0x00, 0x01, 0x7f, 0xff, 0xff, 0xff, 0xfe, 0x00,
    0xbf, 0xff, 0xff, 0xff, 0xf6, 0x00, 0x00, 0x00,
    0x02, 0xdf, 0xff, 0xff, 0xff, 0x60, 0xbf, 0xff,
    0xff, 0xff, 0x70, 0x00, 0x00, 0x00, 0x00, 0x2f,
    0xff, 0xff, 0xff, 0xb0, 0xbf, 0xff, 0xff, 0xfe,
    0x00, 0x00, 0x00, 0x00, 0x00, 0x09, 0xff, 0xff,
    0xff, 0xf0, 0xbf, 0xff, 0xff, 0xfa, 0x00, 0x00,
    0x00, 0x00, 0x00, 0x04, 0xff, 0xff, 0xff, 0xf2,
    0xbf, 0xff, 0xff, 0xf7, 0x00, 0x00, 0x00, 0x00,
    0x00, 0x01, 0xff, 0xff, 0xff, 0xf3, 0xbf, 0xff,
    0xff, 0xf6, 0x00, 0x00, 0x00, 0x00, 0x00, 0x00,
    0xff, 0xff, 0xff, 0xf4, 0xbf, 0xff, 0xff, 0xf7,
    0x00, 0x00, 0x00, 0x00, 0x00, 0x01, 0xff, 0xff,
    0xff, 0xf3, 0xbf, 0xff, 0xff, 0xfa, 0x00, 0x00,
    0x00, 0x00, 0x00, 0x04, 0xff, 0xff, 0xff, 0xf1,
    0xbf, 0xff, 0xff, 0xfe, 0x00, 0x00, 0x00, 0x00,
    0x00, 0x09, 0xff, 0xff, 0xff, 0xf0, 0xbf, 0xff,
    0xff, 0xff, 0x80, 0x00, 0x00, 0x00, 0x00, 0x2f,
    0xff, 0xff, 0xff, 0xb0, 0xbf, 0xff, 0xff, 0xff,
    0xf6, 0x00, 0x00, 0x00, 0x02, 0xdf, 0xff, 0xff,
    0xff, 0x60, 0xbf, 0xff, 0xff, 0xff, 0xff, 0xa3,
    0x00, 0x01, 0x7f, 0xff, 0xff, 0xff, 0xfe, 0x00,
    0xbf, 0xff, 0xff, 0xff, 0xff, 0xff, 0xfe, 0xef,
    0xff, 0xff, 0xff, 0xff, 0xf5, 0x00, 0xbf, 0xff,
    0xff, 0xff, 0xff, 0xff, 0xff, 0xff, 0xff, 0xff,
    0xff, 0xff, 0xa0, 0x00, 0xbf, 0xff, 0xff, 0xff,
    0xff, 0xff, 0xff, 0xff, 0xff, 0xff, 0xff, 0xfc,
    0x00, 0x00, 0xbf, 0xff, 0xff, 0xf7, 0xff, 0xff,
    0xff, 0xff, 0xff, 0xff, 0xff, 0x90, 0x00, 0x00,
    0xbf, 0xff, 0xff, 0xf2, 0x2b, 0xff, 0xff, 0xff,
    0xff, 0xff, 0xc4, 0x00, 0x00, 0x00, 0xbf, 0xff,
    0xff, 0xf2, 0x00, 0x38, 0xce, 0xff, 0xec, 0x83,
    0x00, 0x00, 0x00, 0x00,

    /* U+0063 "c" */
    0x00, 0x00, 0x00, 0x00, 0x04, 0x9c, 0xef, 0xfe,
    0xda, 0x61, 0x00, 0x00, 0x00, 0x00, 0x00, 0x00,
    0x18, 0xef, 0xff, 0xff, 0xff, 0xff, 0xff, 0xa2,
    0x00, 0x00, 0x00, 0x00, 0x06, 0xef, 0xff, 0xff,
    0xff, 0xff, 0xff, 0xff, 0xff, 0x60, 0x00, 0x00,
    0x00, 0x9f, 0xff, 0xff, 0xff, 0xff, 0xff, 0xff,
    0xff, 0xff, 0xf7, 0x00, 0x00, 0x09, 0xff, 0xff,
    0xff, 0xff, 0xff, 0xff, 0xff, 0xff, 0xff, 0xff,
    0x40, 0x00, 0x6f, 0xff, 0xff, 0xff, 0xff, 0xfe,
    0xef, 0xff, 0xff, 0xff, 0xff, 0xe0, 0x01, 0xff,
    0xff, 0xff, 0xff, 0xe6, 0x10, 0x00, 0x5c, 0xff,
    0xff, 0xff, 0xb1, 0x08, 0xff, 0xff, 0xff, 0xfb,
    0x00, 0x00, 0x00, 0x00, 0x8f, 0xff, 0xc3, 0x00,
    0x0e, 0xff, 0xff, 0xff, 0xd0, 0x00, 0x00, 0x00,
    0x00, 0x0a, 0xc4, 0x00, 0x00, 0x2f, 0xff, 0xff,
    0xff, 0x50, 0x00, 0x00, 0x00, 0x00, 0x00, 0x00,
    0x00, 0x00, 0x5f, 0xff, 0xff, 0xff, 0x00, 0x00,
    0x00, 0x00, 0x00, 0x00, 0x00, 0x00, 0x00, 0x7f,
    0xff, 0xff, 0xfc, 0x00, 0x00, 0x00, 0x00, 0x00,
    0x00, 0x00, 0x00, 0x00, 0x8f, 0xff, 0xff, 0xfc,
    0x00, 0x00, 0x00, 0x00, 0x00, 0x00, 0x00, 0x00,
    0x00, 0x7f, 0xff, 0xff, 0xfc, 0x00, 0x00, 0x00,
    0x00, 0x00, 0x00, 0x00, 0x00, 0x00, 0x5f, 0xff,
    0xff, 0xff, 0x00, 0x00, 0x00, 0x00, 0x00, 0x00,
    0x00, 0x00, 0x00, 0x2f, 0xff, 0xff, 0xff, 0x40,
    0x00, 0x00, 0x00, 0x00, 0x00, 0x00, 0x00, 0x00,
    0x0e, 0xff, 0xff, 0xff, 0xd0, 0x00, 0x00, 0x00,
    0x00, 0x0a, 0xc4, 0x00, 0x00, 0x08, 0xff, 0xff,
    0xff, 0xfb, 0x00, 0x00, 0x00, 0x00, 0x8f, 0xff,
    0xb3, 0x00, 0x01, 0xff, 0xff, 0xff, 0xff, 0xd6,
    0x10, 0x00, 0x4b, 0xff, 0xff, 0xff, 0xa1, 0x00,
    0x6f, 0xff, 0xff, 0xff, 0xff, 0xfe, 0xef, 0xff,
    0xff, 0xff, 0xff, 0xe0, 0x00, 0x09, 0xff, 0xff,
    0xff, 0xff, 0xff, 0xff, 0xff, 0xff, 0xff, 0xff,
    0x40, 0x00, 0x00, 0x9f, 0xff, 0xff, 0xff, 0xff,
    0xff, 0xff, 0xff, 0xff, 0xf7, 0x00, 0x00, 0x00,
    0x06, 0xff, 0xff, 0xff, 0xff, 0xff, 0xff, 0xff,
    0xff, 0x50, 0x00, 0x00, 0x00, 0x00, 0x18, 0xff,
    0xff, 0xff, 0xff, 0xff, 0xff, 0xa2, 0x00, 0x00,
    0x00, 0x00, 0x00, 0x00, 0x05, 0x9c, 0xef, 0xfe,
    0xda, 0x61, 0x00, 0x00, 0x00,

    /* U+0064 "d" */
    0x00, 0x00, 0x00, 0x00, 0x00, 0x00, 0x00, 0x00,
    0x00, 0x00, 0xaf, 0xff, 0xff, 0xf8, 0x00, 0x00,
    0x00, 0x00, 0x00, 0x00, 0x00, 0x00, 0x00, 0x00,
    0xaf, 0xff, 0xff, 0xf8, 0x00, 0x00, 0x00, 0x00,
    0x00, 0x00, 0x00, 0x00, 0x00, 0x00, 0xaf, 0xff,
    0xff, 0xf8, 0x00, 0x00, 0x00, 0x00, 0x00, 0x00,
    0x00, 0x00, 0x00, 0x00, 0xaf, 0xff, 0xff, 0xf8,
    0x00, 0x00, 0x00, 0x00, 0x00, 0x00, 0x00, 0x00,
    0x00, 0x00, 0xaf, 0xff, 0xff, 0xf8, 0x00, 0x00,
    0x00, 0x00, 0x00, 0x00, 0x00, 0x00, 0x00, 0x00,
    0xaf, 0xff, 0xff, 0xf8, 0x00, 0x00, 0x00, 0x00,
    0x00, 0x00, 0x00, 0x00, 0x00, 0x00, 0xaf, 0xff,
    0xff, 0xf8, 0x00, 0x00, 0x00, 0x00, 0x00, 0x00,
    0x00, 0x00, 0x00, 0x00, 0xaf, 0xff, 0xff, 0xf8,
    0x00, 0x00, 0x00, 0x00, 0x00, 0x00, 0x00, 0x00,
    0x00, 0x00, 0xaf, 0xff, 0xff, 0xf8, 0x00, 0x00,
    0x00, 0x00, 0x49, 0xce, 0xff, 0xdb, 0x61, 0x00,
    0xaf, 0xff, 0xff, 0xf8, 0x00, 0x00, 0x00, 0x6d,
    0xff, 0xff, 0xff, 0xff, 0xff, 0x80, 0xaf, 0xff,
    0xff, 0xf8, 0x00, 0x00, 0x1b, 0xff, 0xff, 0xff,
    0xff, 0xff, 0xff, 0xfb, 0xbf, 0xff, 0xff, 0xf8,
    0x00, 0x01, 0xdf, 0xff, 0xff, 0xff, 0xff, 0xff,
    0xff, 0xff, 0xff, 0xff, 0xff, 0xf8, 0x00, 0x0d,
    0xff, 0xff, 0xff, 0xff, 0xff, 0xff, 0xff, 0xff,
    0xff, 0xff, 0xff, 0xf8, 0x00, 0x9f, 0xff, 0xff,
    0xff, 0xff, 0xfe, 0xef, 0xff, 0xff, 0xff, 0xff,
    0xff, 0xf8, 0x02, 0xff, 0xff, 0xff, 0xff, 0xe6,
    0x10, 0x00, 0x4c, 0xff, 0xff, 0xff, 0xff, 0xf8,
    0x09, 0xff, 0xff, 0xff, 0xfc, 0x10, 0x00, 0x00,
    0x00, 0x8f, 0xff, 0xff, 0xff, 0xf8, 0x0e, 0xff,
    0xff, 0xff, 0xe1, 0x00, 0x00, 0x00, 0x00, 0x0a,
    0xff, 0xff, 0xff, 0xf8, 0x2f, 0xff, 0xff, 0xff,
    0x60, 0x00, 0x00, 0x00, 0x00, 0x01, 0xff, 0xff,
    0xff, 0xf8, 0x4f, 0xff, 0xff, 0xff, 0x10, 0x00,
    0x00, 0x00, 0x00, 0x00, 0xcf, 0xff, 0xff, 0xf8,
    0x6f, 0xff, 0xff, 0xfe, 0x00, 0x00, 0x00, 0x00,
    0x00, 0x00, 0x9f, 0xff, 0xff, 0xf8, 0x6f, 0xff,
    0xff, 0xfd, 0x00, 0x00, 0x00, 0x00, 0x00, 0x00,
    0x8f, 0xff, 0xff, 0xf8, 0x6f, 0xff, 0xff, 0xfe,
    0x00, 0x00, 0x00, 0x00, 0x00, 0x00, 0x9f, 0xff,
    0xff, 0xf8, 0x4f, 0xff, 0xff, 0xff, 0x10, 0x00,
    0x00, 0x00, 0x00, 0x00, 0xcf, 0xff, 0xff, 0xf8,
    0x2f, 0xff, 0xff, 0xff, 0x60, 0x00, 0x00, 0x00,
    0x00, 0x01, 0xff, 0xff, 0xff, 0xf8, 0x0e, 0xff,
    0xff, 0xff, 0xe1, 0x00, 0x00, 0x00, 0x00, 0x0a,
    0xff, 0xff, 0xff, 0xf8, 0x09, 0xff, 0xff, 0xff,
    0xfc, 0x10, 0x00, 0x00, 0x00, 0x8f, 0xff, 0xff,
    0xff, 0xf8, 0x02, 0xff, 0xff, 0xff, 0xff, 0xe6,
    0x10, 0x00, 0x4c, 0xff, 0xff, 0xff, 0xff, 0xf8,
    0x00, 0x8f, 0xff, 0xff, 0xff, 0xff, 0xfe, 0xef,
    0xff, 0xff, 0xff, 0xff, 0xff, 0xf8, 0x00, 0x0d,
    0xff, 0xff, 0xff, 0xff, 0xff, 0xff, 0xff, 0xff,
    0xff, 0xff, 0xff, 0xf8, 0x00, 0x01, 0xdf, 0xff,
    0xff, 0xff, 0xff, 0xff, 0xff, 0xff, 0xff, 0xff,
    0xff, 0xf8, 0x00, 0x00, 0x1b, 0xff, 0xff, 0xff,
    0xff, 0xff, 0xff, 0xfe, 0x8f, 0xff, 0xff, 0xf8,
    0x00, 0x00, 0x00, 0x6d, 0xff, 0xff, 0xff, 0xff,
    0xff, 0xa1, 0x5f, 0xff, 0xff, 0xf8, 0x00, 0x00,
    0x00, 0x00, 0x49, 0xce, 0xff, 0xec, 0x72, 0x00,
    0x5f, 0xff, 0xff, 0xf8,

    /* U+0065 "e" */
    0x00, 0x00, 0x00, 0x00, 0x16, 0xad, 0xef, 0xfe,
    0xb8, 0x30, 0x00, 0x00, 0x00, 0x00, 0x00, 0x00,
    0x02, 0xaf, 0xff, 0xff, 0xff, 0xff, 0xff, 0xd5,
    0x00, 0x00, 0x00, 0x00, 0x00, 0x07, 0xff, 0xff,
    0xff, 0xff, 0xff, 0xff, 0xff, 0xfb, 0x10, 0x00,
    0x00, 0x00, 0x0b, 0xff, 0xff, 0xff, 0xff, 0xff,
    0xff, 0xff, 0xff, 0xfe, 0x20, 0x00, 0x00, 0x0a,
    0xff, 0xff, 0xff, 0xff, 0xff, 0xff, 0xff, 0xff,
    0xff, 0xfd, 0x10, 0x00, 0x07, 0xff, 0xff, 0xff,
    0xff, 0xb7, 0x67, 0x9e, 0xff, 0xff, 0xff, 0xfa,
    0x00, 0x01, 0xff, 0xff, 0xff, 0xfc, 0x20, 0x00,
    0x00, 0x07, 0xff, 0xff, 0xff, 0xf3, 0x00, 0x8f,
    0xff, 0xff, 0xfc, 0x00, 0x00, 0x00, 0x00, 0x06,
    0xff, 0xff, 0xff, 0xa0, 0x0e, 0xff, 0xff, 0xff,
    0x20, 0x00, 0x00, 0x00, 0x00, 0x0b, 0xff, 0xff,
    0xff, 0x03, 0xff, 0xff, 0xff, 0xc0, 0x00, 0x00,
    0x00, 0x00, 0x00, 0x5f, 0xff, 0xff, 0xf4, 0x6f,
    0xff, 0xff, 0xff, 0xff, 0xff, 0xff, 0xff, 0xff,
    0xff, 0xff, 0xff, 0xff, 0x67, 0xff, 0xff, 0xff,
    0xff, 0xff, 0xff, 0xff, 0xff, 0xff, 0xff, 0xff,
    0xff, 0xf7, 0x8f, 0xff, 0xff, 0xff, 0xff, 0xff,
    0xff, 0xff, 0xff, 0xff, 0xff, 0xff, 0xff, 0x87,
    0xff, 0xff, 0xff, 0xff, 0xff, 0xff, 0xff, 0xff,
    0xff, 0xff, 0xff, 0xff, 0xf7, 0x5f, 0xff, 0xff,
    0xfd, 0x22, 0x22, 0x22, 0x22, 0x22, 0x22, 0x22,
    0x22, 0x22, 0x12, 0xff, 0xff, 0xff, 0xf2, 0x00,
    0x00, 0x00, 0x00, 0x00, 0x00, 0x00, 0x00, 0x00,
    0x0e, 0xff, 0xff, 0xff, 0xb0, 0x00, 0x00, 0x00,
    0x00, 0x00, 0x00, 0x00, 0x00, 0x00, 0x8f, 0xff,
    0xff, 0xff, 0xa0, 0x00, 0x00, 0x00, 0x00, 0x1c,
    0x90, 0x00, 0x00, 0x01, 0xff, 0xff, 0xff, 0xff,
    0xd5, 0x00, 0x00, 0x01, 0x7e, 0xff, 0x80, 0x00,
    0x00, 0x06, 0xff, 0xff, 0xff, 0xff, 0xff, 0xdb,
    0xcd, 0xff, 0xff, 0xff, 0x60, 0x00, 0x00, 0x09,
    0xff, 0xff, 0xff, 0xff, 0xff, 0xff, 0xff, 0xff,
    0xff, 0xff, 0x50, 0x00, 0x00, 0x09, 0xff, 0xff,
    0xff, 0xff, 0xff, 0xff, 0xff, 0xff, 0xff, 0xf4,
    0x00, 0x00, 0x00, 0x05, 0xef, 0xff, 0xff, 0xff,
    0xff, 0xff, 0xff, 0xff, 0xe3, 0x00, 0x00, 0x00,
    0x00, 0x01, 0x8e, 0xff, 0xff, 0xff, 0xff, 0xff,
    0xff, 0x70, 0x00, 0x00, 0x00, 0x00, 0x00, 0x00,
    0x04, 0x8b, 0xef, 0xfe, 0xdc, 0x84, 0x00, 0x00,
    0x00, 0x00,

    /* U+0066 "f" */
    0x00, 0x00, 0x00, 0x00, 0x00, 0x26, 0x89, 0x97,
    0x51, 0x00, 0x00, 0x00, 0x00, 0x00, 0x6d, 0xff,
    0xff, 0xff, 0xff, 0xa1, 0x00, 0x00, 0x00, 0x0b,
    0xff, 0xff, 0xff, 0xff, 0xff, 0xe0, 0x00, 0x00,
    0x00, 0xbf, 0xff, 0xff, 0xff, 0xff, 0xff, 0x90,
    0x00, 0x00, 0x07, 0xff, 0xff, 0xff, 0xff, 0xff,
    0xff, 0x30, 0x00, 0x00, 0x0e, 0xff, 0xff, 0xff,
    0xff, 0xff, 0xfd, 0x00, 0x00, 0x00, 0x5f, 0xff,
    0xff, 0xff, 0x92, 0x02, 0x87, 0x00, 0x00, 0x00,
    0x9f, 0xff, 0xff, 0xfb, 0x00, 0x00, 0x00, 0x00,
    0x00, 0x00, 0xbf, 0xff, 0xff, 0xf5, 0x00, 0x00,
    0x00, 0x00, 0x00, 0x00, 0xcf, 0xff, 0xff, 0xf3,
    0x00, 0x00, 0x00, 0x00, 0x00, 0x00, 0xdf, 0xff,
    0xff, 0xf2, 0x00, 0x00, 0x00, 0x00, 0xaf, 0xff,
    0xff, 0xff, 0xff, 0xff, 0xff, 0xff, 0xf8, 0x00,
    0xaf, 0xff, 0xff, 0xff, 0xff, 0xff, 0xff, 0xff,
    0xf8, 0x00, 0xaf, 0xff, 0xff, 0xff, 0xff, 0xff,
    0xff, 0xff, 0xf8, 0x00, 0xaf, 0xff, 0xff, 0xff,
    0xff, 0xff, 0xff, 0xff, 0xf8, 0x00, 0xaf, 0xff,
    0xff, 0xff, 0xff, 0xff, 0xff, 0xff, 0xf8, 0x00,
    0x58, 0x88, 0xef, 0xff, 0xff, 0xfa, 0x88, 0x88,
    0x84, 0x00, 0x00, 0x00, 0xdf, 0xff, 0xff, 0xf5,
    0x00, 0x00, 0x00, 0x00, 0x00, 0x00, 0xdf, 0xff,
    0xff, 0xf5, 0x00, 0x00, 0x00, 0x00, 0x00, 0x00,
    0xdf, 0xff, 0xff, 0xf5, 0x00, 0x00, 0x00, 0x00,
    0x00, 0x00, 0xdf, 0xff, 0xff, 0xf5, 0x00, 0x00,
    0x00, 0x00, 0x00, 0x00, 0xdf, 0xff, 0xff, 0xf5,
    0x00, 0x00, 0x00, 0x00, 0x00, 0x00, 0xdf, 0xff,
    0xff, 0xf5, 0x00, 0x00, 0x00, 0x00, 0x00, 0x00,
    0xdf, 0xff, 0xff, 0xf5, 0x00, 0x00, 0x00, 0x00,
    0x00, 0x00, 0xdf, 0xff, 0xff, 0xf5, 0x00, 0x00,
    0x00, 0x00, 0x00, 0x00, 0xdf, 0xff, 0xff, 0xf5,
    0x00, 0x00, 0x00, 0x00, 0x00, 0x00, 0xdf, 0xff,
    0xff, 0xf5, 0x00, 0x00, 0x00, 0x00, 0x00, 0x00,
    0xdf, 0xff, 0xff, 0xf5, 0x00, 0x00, 0x00, 0x00,
    0x00, 0x00, 0xdf, 0xff, 0xff, 0xf5, 0x00, 0x00,
    0x00, 0x00, 0x00, 0x00, 0xdf, 0xff, 0xff, 0xf5,
    0x00, 0x00, 0x00, 0x00, 0x00, 0x00, 0xdf, 0xff,
    0xff, 0xf5, 0x00, 0x00, 0x00, 0x00, 0x00, 0x00,
    0xdf, 0xff, 0xff, 0xf5, 0x00, 0x00, 0x00, 0x00,
    0x00, 0x00, 0xdf, 0xff, 0xff, 0xf5, 0x00, 0x00,
    0x00, 0x00, 0x00, 0x00, 0xdf, 0xff, 0xff, 0xf5,
    0x00, 0x00, 0x00, 0x00, 0x00, 0x00, 0xdf, 0xff,
    0xff, 0xf5, 0x00, 0x00, 0x00, 0x00,

    /* U+0067 "g" */
    0x00, 0x00, 0x00, 0x00, 0x49, 0xce, 0xff, 0xdb,
    0x72, 0x00, 0x0f, 0xff, 0xff, 0xfd, 0x00, 0x00,
    0x00, 0x6e, 0xff, 0xff, 0xff, 0xff, 0xff, 0xa1,
    0x0f, 0xff, 0xff, 0xfd, 0x00, 0x00, 0x2c, 0xff,
    0xff, 0xff, 0xff, 0xff, 0xff, 0xfe, 0x3f, 0xff,
    0xff, 0xfd, 0x00, 0x02, 0xef, 0xff, 0xff, 0xff,
    0xff, 0xff, 0xff, 0xff, 0xff, 0xff, 0xff, 0xfd,
    0x00, 0x1e, 0xff, 0xff, 0xff, 0xff, 0xff, 0xff,
    0xff, 0xff, 0xff, 0xff, 0xff, 0xfd, 0x00, 0xbf,
    0xff, 0xff, 0xff, 0xff, 0xfe, 0xef, 0xff, 0xff,
    0xff, 0xff, 0xff, 0xfd, 0x05, 0xff, 0xff, 0xff,
    0xff, 0xd6, 0x10, 0x00, 0x39, 0xff, 0xff, 0xff,
    0xff, 0xfd, 0x0c, 0xff, 0xff, 0xff, 0xfa, 0x00,
    0x00, 0x00, 0x00, 0x3f, 0xff, 0xff, 0xff, 0xfd,
    0x1f, 0xff, 0xff, 0xff, 0xc0, 0x00, 0x00, 0x00,
    0x00, 0x04, 0xff, 0xff, 0xff, 0xfd, 0x4f, 0xff,
    0xff, 0xff, 0x30, 0x00, 0x00, 0x00, 0x00, 0x00,
    0xbf, 0xff, 0xff, 0xfd, 0x7f, 0xff, 0xff, 0xfe,
    0x00, 0x00, 0x00, 0x00, 0x00, 0x00, 0x6f, 0xff,
    0xff, 0xfd, 0x8f, 0xff, 0xff, 0xfc, 0x00, 0x00,
    0x00, 0x00, 0x00, 0x00, 0x4f, 0xff, 0xff, 0xfd,
    0x8f, 0xff, 0xff, 0xfc, 0x00, 0x00, 0x00, 0x00,
    0x00, 0x00, 0x4f, 0xff, 0xff, 0xfd, 0x6f, 0xff,
    0xff, 0xfe, 0x00, 0x00, 0x00, 0x00, 0x00, 0x00,
    0x7f, 0xff, 0xff, 0xfd, 0x4f, 0xff, 0xff, 0xff,
    0x40, 0x00, 0x00, 0x00, 0x00, 0x00, 0xcf, 0xff,
    0xff, 0xfd, 0x0f, 0xff, 0xff, 0xff, 0xd0, 0x00,
    0x00, 0x00, 0x00, 0x05, 0xff, 0xff, 0xff, 0xfd,
    0x0b, 0xff, 0xff, 0xff, 0xfb, 0x10, 0x00, 0x00,
    0x00, 0x5f, 0xff, 0xff, 0xff, 0xfd, 0x03, 0xff,
    0xff, 0xff, 0xff, 0xe8, 0x30, 0x01, 0x5b, 0xff,
    0xff, 0xff, 0xff, 0xfd, 0x00, 0xaf, 0xff, 0xff,
    0xff, 0xff, 0xff, 0xff, 0xff, 0xff, 0xff, 0xff,
    0xff, 0xfd, 0x00, 0x1d, 0xff, 0xff, 0xff, 0xff,
    0xff, 0xff, 0xff, 0xff, 0xff, 0xff, 0xff, 0xfd,
    0x00, 0x01, 0xdf, 0xff, 0xff, 0xff, 0xff, 0xff,
    0xff, 0xff, 0xff, 0xff, 0xff, 0xfd, 0x00, 0x00,
    0x1b, 0xff, 0xff, 0xff, 0xff, 0xff, 0xff, 0xfc,
    0x6f, 0xff, 0xff, 0xfc, 0x00, 0x00, 0x00, 0x4c,
    0xff, 0xff, 0xff, 0xff, 0xfe, 0x70, 0x6f, 0xff,
    0xff, 0xfb, 0x00, 0x00, 0x00, 0x00, 0x27, 0xac,
    0xdc, 0xb9, 0x50, 0x00, 0x7f, 0xff, 0xff, 0xfa,
    0x00, 0x00, 0x00, 0x00, 0x00, 0x00, 0x00, 0x00,
    0x00, 0x00, 0xbf, 0xff, 0xff, 0xf7, 0x00, 0x00,
    0x10, 0x00, 0x00, 0x00, 0x00, 0x00, 0x00, 0x03,
    0xff, 0xff, 0xff, 0xf3, 0x00, 0x00, 0xdd, 0x40,
    0x00, 0x00, 0x00, 0x00, 0x00, 0x1d, 0xff, 0xff,
    0xff, 0xe0, 0x00, 0x06, 0xff, 0xfd, 0x73, 0x00,
    0x00, 0x00, 0x17, 0xef, 0xff, 0xff, 0xff, 0x70,
    0x00, 0x0e, 0xff, 0xff, 0xff, 0xfd, 0xcb, 0xce,
    0xff, 0xff, 0xff, 0xff, 0xff, 0x00, 0x00, 0x8f,
    0xff, 0xff, 0xff, 0xff, 0xff, 0xff, 0xff, 0xff,
    0xff, 0xff, 0xf4, 0x00, 0x00, 0xef, 0xff, 0xff,
    0xff, 0xff, 0xff, 0xff, 0xff, 0xff, 0xff, 0xff,
    0x60, 0x00, 0x00, 0x2b, 0xff, 0xff, 0xff, 0xff,
    0xff, 0xff, 0xff, 0xff, 0xff, 0xe4, 0x00, 0x00,
    0x00, 0x00, 0x39, 0xef, 0xff, 0xff, 0xff, 0xff,
    0xff, 0xff, 0xe7, 0x10, 0x00, 0x00, 0x00, 0x00,
    0x00, 0x03, 0x69, 0xcd, 0xef, 0xfe, 0xdb, 0x74,
    0x00, 0x00, 0x00, 0x00,

    /* U+0068 "h" */
    0xaf, 0xff, 0xff, 0xf7, 0x00, 0x00, 0x00, 0x00,
    0x00, 0x00, 0x00, 0x00, 0x00, 0xbf, 0xff, 0xff,
    0xf7, 0x00, 0x00, 0x00, 0x00, 0x00, 0x00, 0x00,
    0x00, 0x00, 0xbf, 0xff, 0xff, 0xf7, 0x00, 0x00,
    0x00, 0x00, 0x00, 0x00, 0x00, 0x00, 0x00, 0xbf,
    0xff, 0xff, 0xf7, 0x00, 0x00, 0x00, 0x00, 0x00,
    0x00, 0x00, 0x00, 0x00, 0xbf, 0xff, 0xff, 0xf7,
    0x00, 0x00, 0x00, 0x00, 0x00, 0x00, 0x00, 0x00,
    0x00, 0xbf, 0xff, 0xff, 0xf7, 0x00, 0x00, 0x00,
    0x00, 0x00, 0x00, 0x00, 0x00, 0x00, 0xbf, 0xff,
    0xff, 0xf7, 0x00, 0x00, 0x00, 0x00, 0x00, 0x00,
    0x00, 0x00, 0x00, 0xbf, 0xff, 0xff, 0xf7, 0x00,
    0x00, 0x00, 0x00, 0x00, 0x00, 0x00, 0x00, 0x00,
    0xbf, 0xff, 0xff, 0xf7, 0x00, 0x00, 0x00, 0x00,
    0x00, 0x00, 0x00, 0x00, 0x00, 0xbf, 0xff, 0xff,
    0xf7, 0x00, 0x16, 0xad, 0xef, 0xec, 0x94, 0x00,
    0x00, 0x00, 0xbf, 0xff, 0xff, 0xf7, 0x08, 0xff,
    0xff, 0xff, 0xff, 0xff, 0xd4, 0x00, 0x00, 0xbf,
    0xff, 0xff, 0xfa, 0xdf, 0xff, 0xff, 0xff, 0xff,
    0xff, 0xff, 0x70, 0x00, 0xbf, 0xff, 0xff, 0xff,
    0xff, 0xff, 0xff, 0xff, 0xff, 0xff, 0xff, 0xf6,
    0x00, 0xbf, 0xff, 0xff, 0xff, 0xff, 0xff, 0xff,
    0xff, 0xff, 0xff, 0xff, 0xff, 0x20, 0xbf, 0xff,
    0xff, 0xff, 0xff, 0xff, 0xff, 0xff, 0xff, 0xff,
    0xff, 0xff, 0x90, 0xbf, 0xff, 0xff, 0xff, 0xff,
    0xd7, 0x43, 0x48, 0xff, 0xff, 0xff, 0xff, 0xf0,
    0xbf, 0xff, 0xff, 0xff, 0xf8, 0x00, 0x00, 0x00,
    0x2e, 0xff, 0xff, 0xff, 0xf4, 0xbf, 0xff, 0xff,
    0xff, 0x90, 0x00, 0x00, 0x00, 0x04, 0xff, 0xff,
    0xff, 0xf6, 0xbf, 0xff, 0xff, 0xff, 0x10, 0x00,
    0x00, 0x00, 0x00, 0xef, 0xff, 0xff, 0xf8, 0xbf,
    0xff, 0xff, 0xfc, 0x00, 0x00, 0x00, 0x00, 0x00,
    0xaf, 0xff, 0xff, 0xf9, 0xbf, 0xff, 0xff, 0xf9,
    0x00, 0x00, 0x00, 0x00, 0x00, 0x9f, 0xff, 0xff,
    0xf9, 0xbf, 0xff, 0xff, 0xf8, 0x00, 0x00, 0x00,
    0x00, 0x00, 0x9f, 0xff, 0xff, 0xf9, 0xbf, 0xff,
    0xff, 0xf7, 0x00, 0x00, 0x00, 0x00, 0x00, 0x9f,
    0xff, 0xff, 0xf9, 0xbf, 0xff, 0xff, 0xf7, 0x00,
    0x00, 0x00, 0x00, 0x00, 0x9f, 0xff, 0xff, 0xf9,
    0xbf, 0xff, 0xff, 0xf7, 0x00, 0x00, 0x00, 0x00,
    0x00, 0x9f, 0xff, 0xff, 0xf9, 0xbf, 0xff, 0xff,
    0xf7, 0x00, 0x00, 0x00, 0x00, 0x00, 0x9f, 0xff,
    0xff, 0xf9, 0xbf, 0xff, 0xff, 0xf7, 0x00, 0x00,
    0x00, 0x00, 0x00, 0x9f, 0xff, 0xff, 0xf9, 0xbf,
    0xff, 0xff, 0xf7, 0x00, 0x00, 0x00, 0x00, 0x00,
    0x9f, 0xff, 0xff, 0xf9, 0xbf, 0xff, 0xff, 0xf7,
    0x00, 0x00, 0x00, 0x00, 0x00, 0x9f, 0xff, 0xff,
    0xf9, 0xbf, 0xff, 0xff, 0xf7, 0x00, 0x00, 0x00,
    0x00, 0x00, 0x9f, 0xff, 0xff, 0xf9, 0xbf, 0xff,
    0xff, 0xf7, 0x00, 0x00, 0x00, 0x00, 0x00, 0x9f,
    0xff, 0xff, 0xf9, 0xbf, 0xff, 0xff, 0xf7, 0x00,
    0x00, 0x00, 0x00, 0x00, 0x9f, 0xff, 0xff, 0xf9,
    0xbf, 0xff, 0xff, 0xf7, 0x00, 0x00, 0x00, 0x00,
    0x00, 0x9f, 0xff, 0xff, 0xf9, 0xbf, 0xff, 0xff,
    0xf7, 0x00, 0x00, 0x00, 0x00, 0x00, 0x9f, 0xff,
    0xff, 0xf9,

    /* U+0069 "i" */
    0x00, 0x6c, 0xff, 0xc4, 0x00, 0x09, 0xff, 0xff,
    0xff, 0x70, 0x3f, 0xff, 0xff, 0xff, 0xf1, 0x8f,
    0xff, 0xff, 0xff, 0xf5, 0x8f, 0xff, 0xff, 0xff,
    0xf4, 0x3f, 0xff, 0xff, 0xff, 0xf0, 0x09, 0xff,
    0xff, 0xff, 0x60, 0x00, 0x6c, 0xfe, 0xb4, 0x00,
    0x00, 0x00, 0x00, 0x00, 0x00, 0x00, 0x00, 0x00,
    0x00, 0x00, 0x00, 0x00, 0x00, 0x00, 0x00, 0x0b,
    0xff, 0xff, 0xff, 0x70, 0x0b, 0xff, 0xff, 0xff,
    0x70, 0x0b, 0xff, 0xff, 0xff, 0x70, 0x0b, 0xff,
    0xff, 0xff, 0x70, 0x0b, 0xff, 0xff, 0xff, 0x70,
    0x0b, 0xff, 0xff, 0xff, 0x70, 0x0b, 0xff, 0xff,
    0xff, 0x70, 0x0b, 0xff, 0xff, 0xff, 0x70, 0x0b,
    0xff, 0xff, 0xff, 0x70, 0x0b, 0xff, 0xff, 0xff,
    0x70, 0x0b, 0xff, 0xff, 0xff, 0x70, 0x0b, 0xff,
    0xff, 0xff, 0x70, 0x0b, 0xff, 0xff, 0xff, 0x70,
    0x0b, 0xff, 0xff, 0xff, 0x70, 0x0b, 0xff, 0xff,
    0xff, 0x70, 0x0b, 0xff, 0xff, 0xff, 0x70, 0x0b,
    0xff, 0xff, 0xff, 0x70, 0x0b, 0xff, 0xff, 0xff,
    0x70, 0x0b, 0xff, 0xff, 0xff, 0x70, 0x0b, 0xff,
    0xff, 0xff, 0x70, 0x0b, 0xff, 0xff, 0xff, 0x70,
    0x0b, 0xff, 0xff, 0xff, 0x70, 0x0b, 0xff, 0xff,
    0xff, 0x70, 0x0b, 0xff, 0xff, 0xff, 0x70, 0x0b,
    0xff, 0xff, 0xff, 0x70,

    /* U+006A "j" */
    0x00, 0x00, 0x00, 0x00, 0x03, 0xbe, 0xfd, 0x70,
    0x00, 0x00, 0x00, 0x00, 0x04, 0xff, 0xff, 0xff,
    0xc0, 0x00, 0x00, 0x00, 0x00, 0xef, 0xff, 0xff,
    0xff, 0x60, 0x00, 0x00, 0x00, 0x2f, 0xff, 0xff,
    0xff, 0xfa, 0x00, 0x00, 0x00, 0x02, 0xff, 0xff,
    0xff, 0xff, 0x90, 0x00, 0x00, 0x00, 0x0e, 0xff,
    0xff, 0xff, 0xf5, 0x00, 0x00, 0x00, 0x00, 0x4f,
    0xff, 0xff, 0xfb, 0x00, 0x00, 0x00, 0x00, 0x00,
    0x3a, 0xef, 0xd7, 0x00, 0x00, 0x00, 0x00, 0x00,
    0x00, 0x00, 0x00, 0x00, 0x00, 0x00, 0x00, 0x00,
    0x00, 0x00, 0x00, 0x00, 0x00, 0x00, 0x00, 0x00,
    0x00, 0x00, 0x00, 0x00, 0x00, 0x00, 0x00, 0x00,
    0x00, 0x05, 0xff, 0xff, 0xff, 0xd0, 0x00, 0x00,
    0x00, 0x00, 0x5f, 0xff, 0xff, 0xfd, 0x00, 0x00,
    0x00, 0x00, 0x05, 0xff, 0xff, 0xff, 0xd0, 0x00,
    0x00, 0x00, 0x00, 0x5f, 0xff, 0xff, 0xfd, 0x00,
    0x00, 0x00, 0x00, 0x05, 0xff, 0xff, 0xff, 0xd0,
    0x00, 0x00, 0x00, 0x00, 0x5f, 0xff, 0xff, 0xfd,
    0x00, 0x00, 0x00, 0x00, 0x05, 0xff, 0xff, 0xff,
    0xd0, 0x00, 0x00, 0x00, 0x00, 0x5f, 0xff, 0xff,
    0xfd, 0x00, 0x00, 0x00, 0x00, 0x05, 0xff, 0xff,
    0xff, 0xd0, 0x00, 0x00, 0x00, 0x00, 0x5f, 0xff,
    0xff, 0xfd, 0x00, 0x00, 0x00, 0x00, 0x05, 0xff,
    0xff, 0xff, 0xd0, 0x00, 0x00, 0x00, 0x00, 0x5f,
    0xff, 0xff, 0xfd, 0x00, 0x00, 0x00, 0x00, 0x05,
    0xff, 0xff, 0xff, 0xd0, 0x00, 0x00, 0x00, 0x00,
    0x5f, 0xff, 0xff, 0xfd, 0x00, 0x00, 0x00, 0x00,
    0x05, 0xff, 0xff, 0xff, 0xd0, 0x00, 0x00, 0x00,
    0x00, 0x5f, 0xff, 0xff, 0xfd, 0x00, 0x00, 0x00,
    0x00, 0x05, 0xff, 0xff, 0xff, 0xd0, 0x00, 0x00,
    0x00, 0x00, 0x5f, 0xff, 0xff, 0xfd, 0x00, 0x00,
    0x00, 0x00, 0x05, 0xff, 0xff, 0xff, 0xd0, 0x00,
    0x00, 0x00, 0x00, 0x5f, 0xff, 0xff, 0xfd, 0x00,
    0x00, 0x00, 0x00, 0x05, 0xff, 0xff, 0xff, 0xd0,
    0x00, 0x00, 0x00, 0x00, 0x5f, 0xff, 0xff, 0xfd,
    0x00, 0x00, 0x00, 0x00, 0x05, 0xff, 0xff, 0xff,
    0xd0, 0x00, 0x00, 0x00, 0x00, 0x5f, 0xff, 0xff,
    0xfd, 0x00, 0x00, 0x00, 0x00, 0x05, 0xff, 0xff,
    0xff, 0xc0, 0x00, 0x00, 0x00, 0x00, 0x7f, 0xff,
    0xff, 0xfb, 0x00, 0x00, 0x00, 0x00, 0x0a, 0xff,
    0xff, 0xff, 0xa0, 0x00, 0x32, 0x00, 0x05, 0xff,
    0xff, 0xff, 0xf7, 0x00, 0x0b, 0xfd, 0xbd, 0xff,
    0xff, 0xff, 0xff, 0x20, 0x01, 0xff, 0xff, 0xff,
    0xff, 0xff, 0xff, 0xb0, 0x00, 0x7f, 0xff, 0xff,
    0xff, 0xff, 0xff, 0xf2, 0x00, 0x0d, 0xff, 0xff,
    0xff, 0xff, 0xff, 0xf5, 0x00, 0x01, 0xff, 0xff,
    0xff, 0xff, 0xff, 0xd3, 0x00, 0x00, 0x01, 0x6a,
    0xdf, 0xfe, 0xd9, 0x50, 0x00, 0x00, 0x00,

    /* U+006B "k" */
    0xaf, 0xff, 0xff, 0xf7, 0x00, 0x00, 0x00, 0x00,
    0x00, 0x00, 0x00, 0x00, 0x00, 0x00, 0xbf, 0xff,
    0xff, 0xf7, 0x00, 0x00, 0x00, 0x00, 0x00, 0x00,
    0x00, 0x00, 0x00, 0x00, 0xbf, 0xff, 0xff, 0xf7,
    0x00, 0x00, 0x00, 0x00, 0x00, 0x00, 0x00, 0x00,
    0x00, 0x00, 0xbf, 0xff, 0xff, 0xf7, 0x00, 0x00,
    0x00, 0x00, 0x00, 0x00, 0x00, 0x00, 0x00, 0x00,
    0xbf, 0xff, 0xff, 0xf7, 0x00, 0x00, 0x00, 0x00,
    0x00, 0x00, 0x00, 0x00, 0x00, 0x00, 0xbf, 0xff,
    0xff, 0xf7, 0x00, 0x00, 0x00, 0x00, 0x00, 0x00,
    0x00, 0x00, 0x00, 0x00, 0xbf, 0xff, 0xff, 0xf7,
    0x00, 0x00, 0x00, 0x00, 0x00, 0x00, 0x00, 0x00,
    0x00, 0x00, 0xbf, 0xff, 0xff, 0xf7, 0x00, 0x00,
    0x00, 0x00, 0x00, 0x00, 0x00, 0x00, 0x00, 0x00,
    0xbf, 0xff, 0xff, 0xf7, 0x00, 0x00, 0x00, 0x00,
    0x00, 0x00, 0x00, 0x00, 0x00, 0x00, 0xbf, 0xff,
    0xff, 0xf7, 0x00, 0x00, 0x00, 0x00, 0x08, 0xff,
    0xff, 0xff, 0xfe, 0x20, 0xbf, 0xff, 0xff, 0xf7,
    0x00, 0x00, 0x00, 0x00, 0x9f, 0xff, 0xff, 0xff,
    0xe2, 0x00, 0xbf, 0xff, 0xff, 0xf7, 0x00, 0x00,
    0x00, 0x0a, 0xff, 0xff, 0xff, 0xfe, 0x20, 0x00,
    0xbf, 0xff, 0xff, 0xf7, 0x00, 0x00, 0x00, 0xaf,
    0xff, 0xff, 0xff, 0xe3, 0x00, 0x00, 0xbf, 0xff,
    0xff, 0xf7, 0x00, 0x00, 0x0b, 0xff, 0xff, 0xff,
    0xff, 0x30, 0x00, 0x00, 0xbf, 0xff, 0xff, 0xf7,
    0x00, 0x00, 0xcf, 0xff, 0xff, 0xff, 0xf3, 0x00,
    0x00, 0x00, 0xbf, 0xff, 0xff, 0xf7, 0x00, 0x1c,
    0xff, 0xff, 0xff, 0xff, 0x40, 0x00, 0x00, 0x00,
    0xbf, 0xff, 0xff, 0xf7, 0x01, 0xdf, 0xff, 0xff,
    0xff, 0xf4, 0x00, 0x00, 0x00, 0x00, 0xbf, 0xff,
    0xff, 0xf7, 0x1d, 0xff, 0xff, 0xff, 0xff, 0x40,
    0x00, 0x00, 0x00, 0x00, 0xbf, 0xff, 0xff, 0xf9,
    0xdf, 0xff, 0xff, 0xff, 0xf5, 0x00, 0x00, 0x00,
    0x00, 0x00, 0xbf, 0xff, 0xff, 0xff, 0xff, 0xff,
    0xff, 0xff, 0x70, 0x00, 0x00, 0x00, 0x00, 0x00,
    0xbf, 0xff, 0xff, 0xff, 0xff, 0xff, 0xff, 0xff,
    0xd1, 0x00, 0x00, 0x00, 0x00, 0x00, 0xbf, 0xff,
    0xff, 0xff, 0xff, 0xff, 0xff, 0xff, 0xfb, 0x00,
    0x00, 0x00, 0x00, 0x00, 0xbf, 0xff, 0xff, 0xff,
    0xff, 0xff, 0xff, 0xff, 0xff, 0x70, 0x00, 0x00,
    0x00, 0x00, 0xbf, 0xff, 0xff, 0xff, 0xff, 0xff,
    0xff, 0xff, 0xff, 0xf4, 0x00, 0x00, 0x00, 0x00,
    0xbf, 0xff, 0xff, 0xff, 0xff, 0xac, 0xff, 0xff,
    0xff, 0xfe, 0x20, 0x00, 0x00, 0x00, 0xbf, 0xff,
    0xff, 0xff, 0xfa, 0x01, 0xef, 0xff, 0xff, 0xff,
    0xc0, 0x00, 0x00, 0x00, 0xbf, 0xff, 0xff, 0xff,
    0xa0, 0x00, 0x3f, 0xff, 0xff, 0xff, 0xf9, 0x00,
    0x00, 0x00, 0xbf, 0xff, 0xff, 0xfa, 0x00, 0x00,
    0x06, 0xff, 0xff, 0xff, 0xff, 0x60, 0x00, 0x00,
    0xbf, 0xff, 0xff, 0xf7, 0x00, 0x00, 0x00, 0x9f,
    0xff, 0xff, 0xff, 0xf3, 0x00, 0x00, 0xbf, 0xff,
    0xff, 0xf7, 0x00, 0x00, 0x00, 0x0c, 0xff, 0xff,
    0xff, 0xfd, 0x10, 0x00, 0xbf, 0xff, 0xff, 0xf7,
    0x00, 0x00, 0x00, 0x01, 0xef, 0xff, 0xff, 0xff,
    0xb0, 0x00, 0xbf, 0xff, 0xff, 0xf7, 0x00, 0x00,
    0x00, 0x00, 0x3f, 0xff, 0xff, 0xff, 0xf8, 0x00,
    0xbf, 0xff, 0xff, 0xf7, 0x00, 0x00, 0x00, 0x00,
    0x06, 0xff, 0xff, 0xff, 0xff, 0x40, 0xbf, 0xff,
    0xff, 0xf7, 0x00, 0x00, 0x00, 0x00, 0x00, 0xaf,
    0xff, 0xff, 0xff, 0xe2,

    /* U+006C "l" */
    0xaf, 0xff, 0xff, 0xf7, 0xbf, 0xff, 0xff, 0xf7,
    0xbf, 0xff, 0xff, 0xf7, 0xbf, 0xff, 0xff, 0xf7,
    0xbf, 0xff, 0xff, 0xf7, 0xbf, 0xff, 0xff, 0xf7,
    0xbf, 0xff, 0xff, 0xf7, 0xbf, 0xff, 0xff, 0xf7,
    0xbf, 0xff, 0xff, 0xf7, 0xbf, 0xff, 0xff, 0xf7,
    0xbf, 0xff, 0xff, 0xf7, 0xbf, 0xff, 0xff, 0xf7,
    0xbf, 0xff, 0xff, 0xf7, 0xbf, 0xff, 0xff, 0xf7,
    0xbf, 0xff, 0xff, 0xf7, 0xbf, 0xff, 0xff, 0xf7,
    0xbf, 0xff, 0xff, 0xf7, 0xbf, 0xff, 0xff, 0xf7,
    0xbf, 0xff, 0xff, 0xf7, 0xbf, 0xff, 0xff, 0xf7,
    0xbf, 0xff, 0xff, 0xf7, 0xbf, 0xff, 0xff, 0xf7,
    0xbf, 0xff, 0xff, 0xf7, 0xbf, 0xff, 0xff, 0xf7,
    0xbf, 0xff, 0xff, 0xf7, 0xbf, 0xff, 0xff, 0xf7,
    0xbf, 0xff, 0xff, 0xf7, 0xbf, 0xff, 0xff, 0xf7,
    0xbf, 0xff, 0xff, 0xf7, 0xbf, 0xff, 0xff, 0xf7,
    0xbf, 0xff, 0xff, 0xf7, 0xbf, 0xff, 0xff, 0xf7,
    0xbf, 0xff, 0xff, 0xf7, 0xbf, 0xff, 0xff, 0xf7,

    /* U+006D "m" */
    0xbf, 0xff, 0xff, 0xf2, 0x00, 0x27, 0xce, 0xff,
    0xdb, 0x61, 0x00, 0x00, 0x00, 0x03, 0x8c, 0xef,
    0xfe, 0xb7, 0x20, 0x00, 0x00, 0x0b, 0xff, 0xff,
    0xff, 0x22, 0xaf, 0xff, 0xff, 0xff, 0xff, 0xf7,
    0x00, 0x00, 0x2b, 0xff, 0xff, 0xff, 0xff, 0xff,
    0xa1, 0x00, 0x00, 0xbf, 0xff, 0xff, 0xf7, 0xff,
    0xff, 0xff, 0xff, 0xff, 0xff, 0xfc, 0x00, 0x7f,
    0xff, 0xff, 0xff, 0xff, 0xff, 0xff, 0xe2, 0x00,
    0x0b, 0xff, 0xff, 0xff, 0xff, 0xff, 0xff, 0xff,
    0xff, 0xff, 0xff, 0xfb, 0x8f, 0xff, 0xff, 0xff,
    0xff, 0xff, 0xff, 0xff, 0xe1, 0x00, 0xbf, 0xff,
    0xff, 0xff, 0xff, 0xff, 0xff, 0xff, 0xff, 0xff,
    0xff, 0xff, 0xff, 0xff, 0xff, 0xff, 0xff, 0xff,
    0xff, 0xff, 0xa0, 0x0b, 0xff, 0xff, 0xff, 0xff,
    0xff, 0xff, 0xff, 0xff, 0xff, 0xff, 0xff, 0xff,
    0xff, 0xff, 0xff, 0xff, 0xff, 0xff, 0xff, 0xff,
    0x20, 0xbf, 0xff, 0xff, 0xff, 0xff, 0xb5, 0x33,
    0x6d, 0xff, 0xff, 0xff, 0xff, 0xff, 0xfd, 0x73,
    0x35, 0xbf, 0xff, 0xff, 0xff, 0xf8, 0x0b, 0xff,
    0xff, 0xff, 0xff, 0x50, 0x00, 0x00, 0x0b, 0xff,
    0xff, 0xff, 0xff, 0xf9, 0x00, 0x00, 0x00, 0x7f,
    0xff, 0xff, 0xff, 0xc0, 0xbf, 0xff, 0xff, 0xff,
    0x70, 0x00, 0x00, 0x00, 0x1f, 0xff, 0xff, 0xff,
    0xfc, 0x00, 0x00, 0x00, 0x00, 0xbf, 0xff, 0xff,
    0xff, 0x0b, 0xff, 0xff, 0xff, 0xf0, 0x00, 0x00,
    0x00, 0x00, 0xbf, 0xff, 0xff, 0xff, 0x40, 0x00,
    0x00, 0x00, 0x05, 0xff, 0xff, 0xff, 0xf0, 0xbf,
    0xff, 0xff, 0xfb, 0x00, 0x00, 0x00, 0x00, 0x08,
    0xff, 0xff, 0xff, 0xf0, 0x00, 0x00, 0x00, 0x00,
    0x2f, 0xff, 0xff, 0xff, 0x1b, 0xff, 0xff, 0xff,
    0x80, 0x00, 0x00, 0x00, 0x00, 0x6f, 0xff, 0xff,
    0xfd, 0x00, 0x00, 0x00, 0x00, 0x01, 0xff, 0xff,
    0xff, 0xf2, 0xbf, 0xff, 0xff, 0xf7, 0x00, 0x00,
    0x00, 0x00, 0x06, 0xff, 0xff, 0xff, 0xc0, 0x00,
    0x00, 0x00, 0x00, 0x0f, 0xff, 0xff, 0xff, 0x2b,
    0xff, 0xff, 0xff, 0x70, 0x00, 0x00, 0x00, 0x00,
    0x6f, 0xff, 0xff, 0xfc, 0x00, 0x00, 0x00, 0x00,
    0x00, 0xff, 0xff, 0xff, 0xf2, 0xbf, 0xff, 0xff,
    0xf7, 0x00, 0x00, 0x00, 0x00, 0x06, 0xff, 0xff,
    0xff, 0xc0, 0x00, 0x00, 0x00, 0x00, 0x0f, 0xff,
    0xff, 0xff, 0x2b, 0xff, 0xff, 0xff, 0x70, 0x00,
    0x00, 0x00, 0x00, 0x6f, 0xff, 0xff, 0xfc, 0x00,
    0x00, 0x00, 0x00, 0x00, 0xff, 0xff, 0xff, 0xf2,
    0xbf, 0xff, 0xff, 0xf7, 0x00, 0x00, 0x00, 0x00,
    0x06, 0xff, 0xff, 0xff, 0xc0, 0x00, 0x00, 0x00,
    0x00, 0x0f, 0xff, 0xff, 0xff, 0x2b, 0xff, 0xff,
    0xff, 0x70, 0x00, 0x00, 0x00, 0x00, 0x6f, 0xff,
    0xff, 0xfc, 0x00, 0x00, 0x00, 0x00, 0x00, 0xff,
    0xff, 0xff, 0xf2, 0xbf, 0xff, 0xff, 0xf7, 0x00,
    0x00, 0x00, 0x00, 0x06, 0xff, 0xff, 0xff, 0xc0,
    0x00, 0x00, 0x00, 0x00, 0x0f, 0xff, 0xff, 0xff,
    0x2b, 0xff, 0xff, 0xff, 0x70, 0x00, 0x00, 0x00,
    0x00, 0x6f, 0xff, 0xff, 0xfc, 0x00, 0x00, 0x00,
    0x00, 0x00, 0xff, 0xff, 0xff, 0xf2, 0xbf, 0xff,
    0xff, 0xf7, 0x00, 0x00, 0x00, 0x00, 0x06, 0xff,
    0xff, 0xff, 0xc0, 0x00, 0x00, 0x00, 0x00, 0x0f,
    0xff, 0xff, 0xff, 0x2b, 0xff, 0xff, 0xff, 0x70,
    0x00, 0x00, 0x00, 0x00, 0x6f, 0xff, 0xff, 0xfc,
    0x00, 0x00, 0x00, 0x00, 0x00, 0xff, 0xff, 0xff,
    0xf2, 0xbf, 0xff, 0xff, 0xf7, 0x00, 0x00, 0x00,
    0x00, 0x06, 0xff, 0xff, 0xff, 0xc0, 0x00, 0x00,
    0x00, 0x00, 0x0f, 0xff, 0xff, 0xff, 0x2b, 0xff,
    0xff, 0xff, 0x70, 0x00, 0x00, 0x00, 0x00, 0x6f,
    0xff, 0xff, 0xfc, 0x00, 0x00, 0x00, 0x00, 0x00,
    0xff, 0xff, 0xff, 0xf2, 0xbf, 0xff, 0xff, 0xf7,
    0x00, 0x00, 0x00, 0x00, 0x06, 0xff, 0xff, 0xff,
    0xc0, 0x00, 0x00, 0x00, 0x00, 0x0f, 0xff, 0xff,
    0xff, 0x20,

    /* U+006E "n" */
    0xbf, 0xff, 0xff, 0xf2, 0x00, 0x16, 0xad, 0xef,
    0xec, 0x94, 0x00, 0x00, 0x00, 0xbf, 0xff, 0xff,
    0xf2, 0x19, 0xff, 0xff, 0xff, 0xff, 0xff, 0xd4,
    0x00, 0x00, 0xbf, 0xff, 0xff, 0xf6, 0xef, 0xff,
    0xff, 0xff, 0xff, 0xff, 0xff, 0x70, 0x00, 0xbf,
    0xff, 0xff, 0xff, 0xff, 0xff, 0xff, 0xff, 0xff,
    0xff, 0xff, 0xf6, 0x00, 0xbf, 0xff, 0xff, 0xff,
    0xff, 0xff, 0xff, 0xff, 0xff, 0xff, 0xff, 0xff,
    0x20, 0xbf, 0xff, 0xff, 0xff, 0xff, 0xff, 0xff,
    0xff, 0xff, 0xff, 0xff, 0xff, 0x90, 0xbf, 0xff,
    0xff, 0xff, 0xff, 0xd7, 0x43, 0x48, 0xff, 0xff,
    0xff, 0xff, 0xf0, 0xbf, 0xff, 0xff, 0xff, 0xf8,
    0x00, 0x00, 0x00, 0x2e, 0xff, 0xff, 0xff, 0xf4,
    0xbf, 0xff, 0xff, 0xff, 0x90, 0x00, 0x00, 0x00,
    0x04, 0xff, 0xff, 0xff, 0xf6, 0xbf, 0xff, 0xff,
    0xff, 0x10, 0x00, 0x00, 0x00, 0x00, 0xef, 0xff,
    0xff, 0xf8, 0xbf, 0xff, 0xff, 0xfc, 0x00, 0x00,
    0x00, 0x00, 0x00, 0xaf, 0xff, 0xff, 0xf9, 0xbf,
    0xff, 0xff, 0xf9, 0x00, 0x00, 0x00, 0x00, 0x00,
    0x9f, 0xff, 0xff, 0xf9, 0xbf, 0xff, 0xff, 0xf8,
    0x00, 0x00, 0x00, 0x00, 0x00, 0x9f, 0xff, 0xff,
    0xf9, 0xbf, 0xff, 0xff, 0xf7, 0x00, 0x00, 0x00,
    0x00, 0x00, 0x9f, 0xff, 0xff, 0xf9, 0xbf, 0xff,
    0xff, 0xf7, 0x00, 0x00, 0x00, 0x00, 0x00, 0x9f,
    0xff, 0xff, 0xf9, 0xbf, 0xff, 0xff, 0xf7, 0x00,
    0x00, 0x00, 0x00, 0x00, 0x9f, 0xff, 0xff, 0xf9,
    0xbf, 0xff, 0xff, 0xf7, 0x00, 0x00, 0x00, 0x00,
    0x00, 0x9f, 0xff, 0xff, 0xf9, 0xbf, 0xff, 0xff,
    0xf7, 0x00, 0x00, 0x00, 0x00, 0x00, 0x9f, 0xff,
    0xff, 0xf9, 0xbf, 0xff, 0xff, 0xf7, 0x00, 0x00,
    0x00, 0x00, 0x00, 0x9f, 0xff, 0xff, 0xf9, 0xbf,
    0xff, 0xff, 0xf7, 0x00, 0x00, 0x00, 0x00, 0x00,
    0x9f, 0xff, 0xff, 0xf9, 0xbf, 0xff, 0xff, 0xf7,
    0x00, 0x00, 0x00, 0x00, 0x00, 0x9f, 0xff, 0xff,
    0xf9, 0xbf, 0xff, 0xff, 0xf7, 0x00, 0x00, 0x00,
    0x00, 0x00, 0x9f, 0xff, 0xff, 0xf9, 0xbf, 0xff,
    0xff, 0xf7, 0x00, 0x00, 0x00, 0x00, 0x00, 0x9f,
    0xff, 0xff, 0xf9, 0xbf, 0xff, 0xff, 0xf7, 0x00,
    0x00, 0x00, 0x00, 0x00, 0x9f, 0xff, 0xff, 0xf9,
    0xbf, 0xff, 0xff, 0xf7, 0x00, 0x00, 0x00, 0x00,
    0x00, 0x9f, 0xff, 0xff, 0xf9,

    /* U+006F "o" */
    0x00, 0x00, 0x00, 0x00, 0x05, 0x9c, 0xef, 0xfe,
    0xca, 0x61, 0x00, 0x00, 0x00, 0x00, 0x00, 0x00,
    0x00, 0x19, 0xff, 0xff, 0xff, 0xff, 0xff, 0xff,
    0xa2, 0x00, 0x00, 0x00, 0x00, 0x00, 0x06, 0xff,
    0xff, 0xff, 0xff, 0xff, 0xff, 0xff, 0xff, 0x80,
    0x00, 0x00, 0x00, 0x00, 0x9f, 0xff, 0xff, 0xff,
    0xff, 0xff, 0xff, 0xff, 0xff, 0xfb, 0x00, 0x00,
    0x00, 0x09, 0xff, 0xff, 0xff, 0xff, 0xff, 0xff,
    0xff, 0xff, 0xff, 0xff, 0xb0, 0x00, 0x00, 0x6f,
    0xff, 0xff, 0xff, 0xff, 0xfe, 0xef, 0xff, 0xff,
    0xff, 0xff, 0xf8, 0x00, 0x01, 0xff, 0xff, 0xff,
    0xff, 0xd5, 0x10, 0x00, 0x5c, 0xff, 0xff, 0xff,
    0xff, 0x20, 0x08, 0xff, 0xff, 0xff, 0xfb, 0x00,
    0x00, 0x00, 0x00, 0x9f, 0xff, 0xff, 0xff, 0xa0,
    0x0e, 0xff, 0xff, 0xff, 0xd0, 0x00, 0x00, 0x00,
    0x00, 0x0b, 0xff, 0xff, 0xff, 0xf0, 0x2f, 0xff,
    0xff, 0xff, 0x40, 0x00, 0x00, 0x00, 0x00, 0x03,
    0xff, 0xff, 0xff, 0xf4, 0x5f, 0xff, 0xff, 0xff,
    0x00, 0x00, 0x00, 0x00, 0x00, 0x00, 0xdf, 0xff,
    0xff, 0xf7, 0x7f, 0xff, 0xff, 0xfc, 0x00, 0x00,
    0x00, 0x00, 0x00, 0x00, 0xbf, 0xff, 0xff, 0xf9,
    0x8f, 0xff, 0xff, 0xfc, 0x00, 0x00, 0x00, 0x00,
    0x00, 0x00, 0xaf, 0xff, 0xff, 0xfa, 0x7f, 0xff,
    0xff, 0xfc, 0x00, 0x00, 0x00, 0x00, 0x00, 0x00,
    0xbf, 0xff, 0xff, 0xf9, 0x5f, 0xff, 0xff, 0xff,
    0x00, 0x00, 0x00, 0x00, 0x00, 0x00, 0xdf, 0xff,
    0xff, 0xf7, 0x2f, 0xff, 0xff, 0xff, 0x50, 0x00,
    0x00, 0x00, 0x00, 0x03, 0xff, 0xff, 0xff, 0xf4,
    0x0e, 0xff, 0xff, 0xff, 0xd0, 0x00, 0x00, 0x00,
    0x00, 0x0b, 0xff, 0xff, 0xff, 0xf0, 0x08, 0xff,
    0xff, 0xff, 0xfb, 0x00, 0x00, 0x00, 0x00, 0x9f,
    0xff, 0xff, 0xff, 0xa0, 0x01, 0xff, 0xff, 0xff,
    0xff, 0xd5, 0x10, 0x00, 0x5c, 0xff, 0xff, 0xff,
    0xff, 0x20, 0x00, 0x6f, 0xff, 0xff, 0xff, 0xff,
    0xfe, 0xef, 0xff, 0xff, 0xff, 0xff, 0xf8, 0x00,
    0x00, 0x09, 0xff, 0xff, 0xff, 0xff, 0xff, 0xff,
    0xff, 0xff, 0xff, 0xff, 0xb0, 0x00, 0x00, 0x00,
    0x9f, 0xff, 0xff, 0xff, 0xff, 0xff, 0xff, 0xff,
    0xff, 0xfb, 0x00, 0x00, 0x00, 0x00, 0x06, 0xff,
    0xff, 0xff, 0xff, 0xff, 0xff, 0xff, 0xff, 0x80,
    0x00, 0x00, 0x00, 0x00, 0x00, 0x19, 0xff, 0xff,
    0xff, 0xff, 0xff, 0xff, 0xa2, 0x00, 0x00, 0x00,
    0x00, 0x00, 0x00, 0x00, 0x15, 0x9c, 0xef, 0xfe,
    0xda, 0x61, 0x00, 0x00, 0x00, 0x00,

    /* U+0070 "p" */
    0xbf, 0xff, 0xff, 0xf2, 0x00, 0x38, 0xce, 0xff,
    0xeb, 0x83, 0x00, 0x00, 0x00, 0x00, 0xbf, 0xff,
    0xff, 0xf2, 0x2b, 0xff, 0xff, 0xff, 0xff, 0xff,
    0xc3, 0x00, 0x00, 0x00, 0xbf, 0xff, 0xff, 0xf7,
    0xff, 0xff, 0xff, 0xff, 0xff, 0xff, 0xff, 0x90,
    0x00, 0x00, 0xbf, 0xff, 0xff, 0xff, 0xff, 0xff,
    0xff, 0xff, 0xff, 0xff, 0xff, 0xfb, 0x00, 0x00,
    0xbf, 0xff, 0xff, 0xff, 0xff, 0xff, 0xff, 0xff,
    0xff, 0xff, 0xff, 0xff, 0xa0, 0x00, 0xbf, 0xff,
    0xff, 0xff, 0xff, 0xff, 0xfe, 0xef, 0xff, 0xff,
    0xff, 0xff, 0xf5, 0x00, 0xbf, 0xff, 0xff, 0xff,
    0xff, 0xa3, 0x00, 0x01, 0x7f, 0xff, 0xff, 0xff,
    0xfe, 0x00, 0xbf, 0xff, 0xff, 0xff, 0xf6, 0x00,
    0x00, 0x00, 0x02, 0xdf, 0xff, 0xff, 0xff, 0x50,
    0xbf, 0xff, 0xff, 0xff, 0x80, 0x00, 0x00, 0x00,
    0x00, 0x2f, 0xff, 0xff, 0xff, 0xb0, 0xbf, 0xff,
    0xff, 0xfe, 0x00, 0x00, 0x00, 0x00, 0x00, 0x09,
    0xff, 0xff, 0xff, 0xf0, 0xbf, 0xff, 0xff, 0xfa,
    0x00, 0x00, 0x00, 0x00, 0x00, 0x04, 0xff, 0xff,
    0xff, 0xf1, 0xbf, 0xff, 0xff, 0xf7, 0x00, 0x00,
    0x00, 0x00, 0x00, 0x01, 0xff, 0xff, 0xff, 0xf3,
    0xbf, 0xff, 0xff, 0xf6, 0x00, 0x00, 0x00, 0x00,
    0x00, 0x00, 0xff, 0xff, 0xff, 0xf4, 0xbf, 0xff,
    0xff, 0xf7, 0x00, 0x00, 0x00, 0x00, 0x00, 0x01,
    0xff, 0xff, 0xff, 0xf3, 0xbf, 0xff, 0xff, 0xfa,
    0x00, 0x00, 0x00, 0x00, 0x00, 0x04, 0xff, 0xff,
    0xff, 0xf2, 0xbf, 0xff, 0xff, 0xfe, 0x00, 0x00,
    0x00, 0x00, 0x00, 0x09, 0xff, 0xff, 0xff, 0xf0,
    0xbf, 0xff, 0xff, 0xff, 0x70, 0x00, 0x00, 0x00,
    0x00, 0x2f, 0xff, 0xff, 0xff, 0xb0, 0xbf, 0xff,
    0xff, 0xff, 0xf5, 0x00, 0x00, 0x00, 0x02, 0xdf,
    0xff, 0xff, 0xff, 0x60, 0xbf, 0xff, 0xff, 0xff,
    0xff, 0xa3, 0x00, 0x01, 0x7f, 0xff, 0xff, 0xff,
    0xfe, 0x00, 0xbf, 0xff, 0xff, 0xff, 0xff, 0xff,
    0xfe, 0xef, 0xff, 0xff, 0xff, 0xff, 0xf6, 0x00,
    0xbf, 0xff, 0xff, 0xff, 0xff, 0xff, 0xff, 0xff,
    0xff, 0xff, 0xff, 0xff, 0xa0, 0x00, 0xbf, 0xff,
    0xff, 0xff, 0xff, 0xff, 0xff, 0xff, 0xff, 0xff,
    0xff, 0xfc, 0x00, 0x00, 0xbf, 0xff, 0xff, 0xf9,
    0xdf, 0xff, 0xff, 0xff, 0xff, 0xff, 0xff, 0x90,
    0x00, 0x00, 0xbf, 0xff, 0xff, 0xf7, 0x19, 0xff,
    0xff, 0xff, 0xff, 0xff, 0xc4, 0x00, 0x00, 0x00,
    0xbf, 0xff, 0xff, 0xf7, 0x00, 0x27, 0xbe, 0xff,
    0xec, 0x83, 0x00, 0x00, 0x00, 0x00, 0xbf, 0xff,
    0xff, 0xf7, 0x00, 0x00, 0x00, 0x00, 0x00, 0x00,
    0x00, 0x00, 0x00, 0x00, 0xbf, 0xff, 0xff, 0xf7,
    0x00, 0x00, 0x00, 0x00, 0x00, 0x00, 0x00, 0x00,
    0x00, 0x00, 0xbf, 0xff, 0xff, 0xf7, 0x00, 0x00,
    0x00, 0x00, 0x00, 0x00, 0x00, 0x00, 0x00, 0x00,
    0xbf, 0xff, 0xff, 0xf7, 0x00, 0x00, 0x00, 0x00,
    0x00, 0x00, 0x00, 0x00, 0x00, 0x00, 0xbf, 0xff,
    0xff, 0xf7, 0x00, 0x00, 0x00, 0x00, 0x00, 0x00,
    0x00, 0x00, 0x00, 0x00, 0xbf, 0xff, 0xff, 0xf7,
    0x00, 0x00, 0x00, 0x00, 0x00, 0x00, 0x00, 0x00,
    0x00, 0x00, 0xbf, 0xff, 0xff, 0xf7, 0x00, 0x00,
    0x00, 0x00, 0x00, 0x00, 0x00, 0x00, 0x00, 0x00,
    0xbf, 0xff, 0xff, 0xf7, 0x00, 0x00, 0x00, 0x00,
    0x00, 0x00, 0x00, 0x00, 0x00, 0x00, 0xbf, 0xff,
    0xff, 0xf7, 0x00, 0x00, 0x00, 0x00, 0x00, 0x00,
    0x00, 0x00, 0x00, 0x00,

    /* U+0071 "q" */
    0x00, 0x00, 0x00, 0x00, 0x49, 0xce, 0xff, 0xdb,
    0x72, 0x00, 0x6f, 0xff, 0xff, 0xf6, 0x00, 0x00,
    0x00, 0x6e, 0xff, 0xff, 0xff, 0xff, 0xff, 0x91,
    0x6f, 0xff, 0xff, 0xf6, 0x00, 0x00, 0x1c, 0xff,
    0xff, 0xff, 0xff, 0xff, 0xff, 0xfd, 0x8f, 0xff,
    0xff, 0xf6, 0x00, 0x02, 0xef, 0xff, 0xff, 0xff,
    0xff, 0xff, 0xff, 0xff, 0xff, 0xff, 0xff, 0xf6,
    0x00, 0x1d, 0xff, 0xff, 0xff, 0xff, 0xff, 0xff,
    0xff, 0xff, 0xff, 0xff, 0xff, 0xf6, 0x00, 0xaf,
    0xff, 0xff, 0xff, 0xff, 0xfe, 0xef, 0xff, 0xff,
    0xff, 0xff, 0xff, 0xf6, 0x03, 0xff, 0xff, 0xff,
    0xff, 0xd5, 0x10, 0x00, 0x5c, 0xff, 0xff, 0xff,
    0xff, 0xf6, 0x0a, 0xff, 0xff, 0xff, 0xfb, 0x00,
    0x00, 0x00, 0x00, 0x9f, 0xff, 0xff, 0xff, 0xf6,
    0x0f, 0xff, 0xff, 0xff, 0xd0, 0x00, 0x00, 0x00,
    0x00, 0x0b, 0xff, 0xff, 0xff, 0xf6, 0x3f, 0xff,
    0xff, 0xff, 0x50, 0x00, 0x00, 0x00, 0x00, 0x03,
    0xff, 0xff, 0xff, 0xf6, 0x6f, 0xff, 0xff, 0xff,
    0x00, 0x00, 0x00, 0x00, 0x00, 0x00, 0xdf, 0xff,
    0xff, 0xf6, 0x7f, 0xff, 0xff, 0xfc, 0x00, 0x00,
    0x00, 0x00, 0x00, 0x00, 0xbf, 0xff, 0xff, 0xf6,
    0x8f, 0xff, 0xff, 0xfc, 0x00, 0x00, 0x00, 0x00,
    0x00, 0x00, 0xaf, 0xff, 0xff, 0xf6, 0x7f, 0xff,
    0xff, 0xfc, 0x00, 0x00, 0x00, 0x00, 0x00, 0x00,
    0xbf, 0xff, 0xff, 0xf6, 0x6f, 0xff, 0xff, 0xff,
    0x00, 0x00, 0x00, 0x00, 0x00, 0x00, 0xdf, 0xff,
    0xff, 0xf6, 0x3f, 0xff, 0xff, 0xff, 0x40, 0x00,
    0x00, 0x00, 0x00, 0x02, 0xff, 0xff, 0xff, 0xf6,
    0x0f, 0xff, 0xff, 0xff, 0xc0, 0x00, 0x00, 0x00,
    0x00, 0x0b, 0xff, 0xff, 0xff, 0xf6, 0x0a, 0xff,
    0xff, 0xff, 0xfa, 0x00, 0x00, 0x00, 0x00, 0x9f,
    0xff, 0xff, 0xff, 0xf6, 0x03, 0xff, 0xff, 0xff,
    0xff, 0xd5, 0x00, 0x00, 0x4c, 0xff, 0xff, 0xff,
    0xff, 0xf6, 0x00, 0xaf, 0xff, 0xff, 0xff, 0xff,
    0xfe, 0xef, 0xff, 0xff, 0xff, 0xff, 0xff, 0xf6,
    0x00, 0x1e, 0xff, 0xff, 0xff, 0xff, 0xff, 0xff,
    0xff, 0xff, 0xff, 0xff, 0xff, 0xf6, 0x00, 0x02,
    0xef, 0xff, 0xff, 0xff, 0xff, 0xff, 0xff, 0xff,
    0xff, 0xff, 0xff, 0xf6, 0x00, 0x00, 0x1c, 0xff,
    0xff, 0xff, 0xff, 0xff, 0xff, 0xfa, 0xcf, 0xff,
    0xff, 0xf6, 0x00, 0x00, 0x00, 0x6e, 0xff, 0xff,
    0xff, 0xff, 0xff, 0x70, 0xcf, 0xff, 0xff, 0xf6,
    0x00, 0x00, 0x00, 0x00, 0x49, 0xce, 0xff, 0xda,
    0x61, 0x00, 0xcf, 0xff, 0xff, 0xf6, 0x00, 0x00,
    0x00, 0x00, 0x00, 0x00, 0x00, 0x00, 0x00, 0x00,
    0xcf, 0xff, 0xff, 0xf6, 0x00, 0x00, 0x00, 0x00,
    0x00, 0x00, 0x00, 0x00, 0x00, 0x00, 0xcf, 0xff,
    0xff, 0xf6, 0x00, 0x00, 0x00, 0x00, 0x00, 0x00,
    0x00, 0x00, 0x00, 0x00, 0xcf, 0xff, 0xff, 0xf6,
    0x00, 0x00, 0x00, 0x00, 0x00, 0x00, 0x00, 0x00,
    0x00, 0x00, 0xcf, 0xff, 0xff, 0xf6, 0x00, 0x00,
    0x00, 0x00, 0x00, 0x00, 0x00, 0x00, 0x00, 0x00,
    0xcf, 0xff, 0xff, 0xf6, 0x00, 0x00, 0x00, 0x00,
    0x00, 0x00, 0x00, 0x00, 0x00, 0x00, 0xcf, 0xff,
    0xff, 0xf6, 0x00, 0x00, 0x00, 0x00, 0x00, 0x00,
    0x00, 0x00, 0x00, 0x00, 0xcf, 0xff, 0xff, 0xf6,
    0x00, 0x00, 0x00, 0x00, 0x00, 0x00, 0x00, 0x00,
    0x00, 0x00, 0xcf, 0xff, 0xff, 0xf6, 0x00, 0x00,
    0x00, 0x00, 0x00, 0x00, 0x00, 0x00, 0x00, 0x00,
    0xcf, 0xff, 0xff, 0xf6,

    /* U+0072 "r" */
    0xbf, 0xff, 0xff, 0xf2, 0x00, 0x16, 0xad, 0xea,
    0xbf, 0xff, 0xff, 0xf2, 0x08, 0xff, 0xff, 0xfa,
    0xbf, 0xff, 0xff, 0xf3, 0xdf, 0xff, 0xff, 0xfa,
    0xbf, 0xff, 0xff, 0xfe, 0xff, 0xff, 0xff, 0xfa,
    0xbf, 0xff, 0xff, 0xff, 0xff, 0xff, 0xff, 0xfa,
    0xbf, 0xff, 0xff, 0xff, 0xff, 0xff, 0xff, 0xfa,
    0xbf, 0xff, 0xff, 0xff, 0xff, 0xfe, 0xa8, 0x86,
    0xbf, 0xff, 0xff, 0xff, 0xfe, 0x50, 0x00, 0x00,
    0xbf, 0xff, 0xff, 0xff, 0xe1, 0x00, 0x00, 0x00,
    0xbf, 0xff, 0xff, 0xff, 0x50, 0x00, 0x00, 0x00,
    0xbf, 0xff, 0xff, 0xfe, 0x00, 0x00, 0x00, 0x00,
    0xbf, 0xff, 0xff, 0xfa, 0x00, 0x00, 0x00, 0x00,
    0xbf, 0xff, 0xff, 0xf8, 0x00, 0x00, 0x00, 0x00,
    0xbf, 0xff, 0xff, 0xf7, 0x00, 0x00, 0x00, 0x00,
    0xbf, 0xff, 0xff, 0xf7, 0x00, 0x00, 0x00, 0x00,
    0xbf, 0xff, 0xff, 0xf7, 0x00, 0x00, 0x00, 0x00,
    0xbf, 0xff, 0xff, 0xf7, 0x00, 0x00, 0x00, 0x00,
    0xbf, 0xff, 0xff, 0xf7, 0x00, 0x00, 0x00, 0x00,
    0xbf, 0xff, 0xff, 0xf7, 0x00, 0x00, 0x00, 0x00,
    0xbf, 0xff, 0xff, 0xf7, 0x00, 0x00, 0x00, 0x00,
    0xbf, 0xff, 0xff, 0xf7, 0x00, 0x00, 0x00, 0x00,
    0xbf, 0xff, 0xff, 0xf7, 0x00, 0x00, 0x00, 0x00,
    0xbf, 0xff, 0xff, 0xf7, 0x00, 0x00, 0x00, 0x00,
    0xbf, 0xff, 0xff, 0xf7, 0x00, 0x00, 0x00, 0x00,
    0xbf, 0xff, 0xff, 0xf7, 0x00, 0x00, 0x00, 0x00,

    /* U+0073 "s" */
    0x00, 0x00, 0x00, 0x03, 0x8b, 0xde, 0xff, 0xed,
    0xb8, 0x40, 0x00, 0x00, 0x00, 0x00, 0x05, 0xdf,
    0xff, 0xff, 0xff, 0xff, 0xff, 0xff, 0xb4, 0x00,
    0x00, 0x00, 0xbf, 0xff, 0xff, 0xff, 0xff, 0xff,
    0xff, 0xff, 0xff, 0x40, 0x00, 0x0c, 0xff, 0xff,
    0xff, 0xff, 0xff, 0xff, 0xff, 0xff, 0xfd, 0x00,
    0x00, 0x9f, 0xff, 0xff, 0xff, 0xff, 0xff, 0xff,
    0xff, 0xff, 0xf6, 0x00, 0x01, 0xff, 0xff, 0xff,
    0xff, 0xa7, 0x66, 0x79, 0xcf, 0xff, 0xe0, 0x00,
    0x05, 0xff, 0xff, 0xff, 0xd1, 0x00, 0x00, 0x00,
    0x01, 0x6d, 0x60, 0x00, 0x07, 0xff, 0xff, 0xff,
    0x60, 0x00, 0x00, 0x00, 0x00, 0x00, 0x00, 0x00,
    0x06, 0xff, 0xff, 0xff, 0xa0, 0x00, 0x00, 0x00,
    0x00, 0x00, 0x00, 0x00, 0x04, 0xff, 0xff, 0xff,
    0xfd, 0x74, 0x10, 0x00, 0x00, 0x00, 0x00, 0x00,
    0x00, 0xef, 0xff, 0xff, 0xff, 0xff, 0xfe, 0xc9,
    0x62, 0x00, 0x00, 0x00, 0x00, 0x6f, 0xff, 0xff,
    0xff, 0xff, 0xff, 0xff, 0xff, 0xd7, 0x00, 0x00,
    0x00, 0x08, 0xff, 0xff, 0xff, 0xff, 0xff, 0xff,
    0xff, 0xff, 0xe3, 0x00, 0x00, 0x00, 0x3b, 0xff,
    0xff, 0xff, 0xff, 0xff, 0xff, 0xff, 0xff, 0x30,
    0x00, 0x00, 0x00, 0x16, 0x9c, 0xef, 0xff, 0xff,
    0xff, 0xff, 0xff, 0xc0, 0x00, 0x00, 0x00, 0x00,
    0x00, 0x01, 0x47, 0xbf, 0xff, 0xff, 0xff, 0xf1,
    0x00, 0x00, 0x00, 0x00, 0x00, 0x00, 0x00, 0x01,
    0xdf, 0xff, 0xff, 0xf4, 0x00, 0x07, 0x10, 0x00,
    0x00, 0x00, 0x00, 0x00, 0x9f, 0xff, 0xff, 0xf4,
    0x00, 0x4f, 0xfa, 0x40, 0x00, 0x00, 0x00, 0x01,
    0xef, 0xff, 0xff, 0xf2, 0x00, 0xbf, 0xff, 0xff,
    0xc9, 0x76, 0x67, 0xaf, 0xff, 0xff, 0xff, 0xe0,
    0x03, 0xff, 0xff, 0xff, 0xff, 0xff, 0xff, 0xff,
    0xff, 0xff, 0xff, 0x70, 0x0a, 0xff, 0xff, 0xff,
    0xff, 0xff, 0xff, 0xff, 0xff, 0xff, 0xfb, 0x00,
    0x0a, 0xff, 0xff, 0xff, 0xff, 0xff, 0xff, 0xff,
    0xff, 0xff, 0xa0, 0x00, 0x00, 0x39, 0xef, 0xff,
    0xff, 0xff, 0xff, 0xff, 0xff, 0xc4, 0x00, 0x00,
    0x00, 0x00, 0x03, 0x69, 0xcd, 0xef, 0xfe, 0xda,
    0x72, 0x00, 0x00, 0x00,

    /* U+0074 "t" */
    0x00, 0x00, 0x68, 0x88, 0x88, 0x82, 0x00, 0x00,
    0x00, 0x00, 0x00, 0x00, 0xdf, 0xff, 0xff, 0xf5,
    0x00, 0x00, 0x00, 0x00, 0x00, 0x00, 0xdf, 0xff,
    0xff, 0xf5, 0x00, 0x00, 0x00, 0x00, 0x00, 0x00,
    0xdf, 0xff, 0xff, 0xf5, 0x00, 0x00, 0x00, 0x00,
    0x00, 0x00, 0xdf, 0xff, 0xff, 0xf5, 0x00, 0x00,
    0x00, 0x00, 0x00, 0x00, 0xdf, 0xff, 0xff, 0xf5,
    0x00, 0x00, 0x00, 0x00, 0xaf, 0xff, 0xff, 0xff,
    0xff, 0xff, 0xff, 0xff, 0xf8, 0x00, 0xaf, 0xff,
    0xff, 0xff, 0xff, 0xff, 0xff, 0xff, 0xf8, 0x00,
    0xaf, 0xff, 0xff, 0xff, 0xff, 0xff, 0xff, 0xff,
    0xf8, 0x00, 0xaf, 0xff, 0xff, 0xff, 0xff, 0xff,
    0xff, 0xff, 0xf8, 0x00, 0xaf, 0xff, 0xff, 0xff,
    0xff, 0xff, 0xff, 0xff, 0xf8, 0x00, 0x58, 0x88,
    0xef, 0xff, 0xff, 0xfa, 0x88, 0x88, 0x84, 0x00,
    0x00, 0x00, 0xdf, 0xff, 0xff, 0xf5, 0x00, 0x00,
    0x00, 0x00, 0x00, 0x00, 0xdf, 0xff, 0xff, 0xf5,
    0x00, 0x00, 0x00, 0x00, 0x00, 0x00, 0xdf, 0xff,
    0xff, 0xf5, 0x00, 0x00, 0x00, 0x00, 0x00, 0x00,
    0xdf, 0xff, 0xff, 0xf5, 0x00, 0x00, 0x00, 0x00,
    0x00, 0x00, 0xdf, 0xff, 0xff, 0xf5, 0x00, 0x00,
    0x00, 0x00, 0x00, 0x00, 0xdf, 0xff, 0xff, 0xf5,
    0x00, 0x00, 0x00, 0x00, 0x00, 0x00, 0xdf, 0xff,
    0xff, 0xf5, 0x00, 0x00, 0x00, 0x00, 0x00, 0x00,
    0xdf, 0xff, 0xff, 0xf5, 0x00, 0x00, 0x00, 0x00,
    0x00, 0x00, 0xdf, 0xff, 0xff, 0xf5, 0x00, 0x00,
    0x00, 0x00, 0x00, 0x00, 0xdf, 0xff, 0xff, 0xf5,
    0x00, 0x00, 0x00, 0x00, 0x00, 0x00, 0xcf, 0xff,
    0xff, 0xf6, 0x00, 0x00, 0x00, 0x00, 0x00, 0x00,
    0xbf, 0xff, 0xff, 0xfa, 0x00, 0x00, 0x00, 0x00,
    0x00, 0x00, 0x9f, 0xff, 0xff, 0xff, 0x40, 0x00,
    0x23, 0x00, 0x00, 0x00, 0x5f, 0xff, 0xff, 0xff,
    0xfd, 0xbd, 0xfc, 0x00, 0x00, 0x00, 0x0e, 0xff,
    0xff, 0xff, 0xff, 0xff, 0xff, 0x20, 0x00, 0x00,
    0x06, 0xff, 0xff, 0xff, 0xff, 0xff, 0xff, 0x80,
    0x00, 0x00, 0x00, 0x9f, 0xff, 0xff, 0xff, 0xff,
    0xff, 0xe0, 0x00, 0x00, 0x00, 0x06, 0xff, 0xff,
    0xff, 0xff, 0xff, 0xd1, 0x00, 0x00, 0x00, 0x00,
    0x06, 0xad, 0xff, 0xfd, 0xa5, 0x00,

    /* U+0075 "u" */
    0xdf, 0xff, 0xff, 0xf5, 0x00, 0x00, 0x00, 0x00,
    0x00, 0xff, 0xff, 0xff, 0xf4, 0xdf, 0xff, 0xff,
    0xf5, 0x00, 0x00, 0x00, 0x00, 0x00, 0xff, 0xff,
    0xff, 0xf4, 0xdf, 0xff, 0xff, 0xf5, 0x00, 0x00,
    0x00, 0x00, 0x00, 0xff, 0xff, 0xff, 0xf4, 0xdf,
    0xff, 0xff, 0xf5, 0x00, 0x00, 0x00, 0x00, 0x00,
    0xff, 0xff, 0xff, 0xf4, 0xdf, 0xff, 0xff, 0xf5,
    0x00, 0x00, 0x00, 0x00, 0x00, 0xff, 0xff, 0xff,
    0xf4, 0xdf, 0xff, 0xff, 0xf5, 0x00, 0x00, 0x00,
    0x00, 0x00, 0xff, 0xff, 0xff, 0xf4, 0xdf, 0xff,
    0xff, 0xf5, 0x00, 0x00, 0x00, 0x00, 0x00, 0xff,
    0xff, 0xff, 0xf4, 0xdf, 0xff, 0xff, 0xf5, 0x00,
    0x00, 0x00, 0x00, 0x00, 0xff, 0xff, 0xff, 0xf4,
    0xdf, 0xff, 0xff, 0xf5, 0x00, 0x00, 0x00, 0x00,
    0x00, 0xff, 0xff, 0xff, 0xf4, 0xdf, 0xff, 0xff,
    0xf5, 0x00, 0x00, 0x00, 0x00, 0x00, 0xff, 0xff,
    0xff, 0xf4, 0xdf, 0xff, 0xff, 0xf5, 0x00, 0x00,
    0x00, 0x00, 0x00, 0xff, 0xff, 0xff, 0xf4, 0xdf,
    0xff, 0xff, 0xf5, 0x00, 0x00, 0x00, 0x00, 0x00,
    0xff, 0xff, 0xff, 0xf4, 0xdf, 0xff, 0xff, 0xf5,
    0x00, 0x00, 0x00, 0x00, 0x00, 0xff, 0xff, 0xff,
    0xf4, 0xdf, 0xff, 0xff, 0xf6, 0x00, 0x00, 0x00,
    0x00, 0x00, 0xff, 0xff, 0xff, 0xf4, 0xcf, 0xff,
    0xff, 0xf7, 0x00, 0x00, 0x00, 0x00, 0x03, 0xff,
    0xff, 0xff, 0xf4, 0xcf, 0xff, 0xff, 0xfa, 0x00,
    0x00, 0x00, 0x00, 0x08, 0xff, 0xff, 0xff, 0xf4,
    0xaf, 0xff, 0xff, 0xff, 0x10, 0x00, 0x00, 0x00,
    0x1e, 0xff, 0xff, 0xff, 0xf4, 0x7f, 0xff, 0xff,
    0xff, 0xb0, 0x00, 0x00, 0x01, 0xcf, 0xff, 0xff,
    0xff, 0xf4, 0x2f, 0xff, 0xff, 0xff, 0xfe, 0x73,
    0x34, 0x8f, 0xff, 0xff, 0xff, 0xff, 0xf4, 0x0c,
    0xff, 0xff, 0xff, 0xff, 0xff, 0xff, 0xff, 0xff,
    0xff, 0xff, 0xff, 0xf4, 0x04, 0xff, 0xff, 0xff,
    0xff, 0xff, 0xff, 0xff, 0xff, 0xff, 0xff, 0xff,
    0xf4, 0x00, 0x9f, 0xff, 0xff, 0xff, 0xff, 0xff,
    0xff, 0xff, 0xff, 0xff, 0xff, 0xf4, 0x00, 0x0a,
    0xff, 0xff, 0xff, 0xff, 0xff, 0xff, 0xfb, 0x9f,
    0xff, 0xff, 0xf4, 0x00, 0x00, 0x5e, 0xff, 0xff,
    0xff, 0xff, 0xfe, 0x70, 0x9f, 0xff, 0xff, 0xf4,
    0x00, 0x00, 0x00, 0x59, 0xce, 0xff, 0xda, 0x60,
    0x00, 0x9f, 0xff, 0xff, 0xf4,

    /* U+0076 "v" */
    0x2f, 0xff, 0xff, 0xff, 0x30, 0x00, 0x00, 0x00,
    0x00, 0x00, 0x03, 0xff, 0xff, 0xff, 0xa0, 0xcf,
    0xff, 0xff, 0xfa, 0x00, 0x00, 0x00, 0x00, 0x00,
    0x00, 0xaf, 0xff, 0xff, 0xf3, 0x05, 0xff, 0xff,
    0xff, 0xf1, 0x00, 0x00, 0x00, 0x00, 0x00, 0x1f,
    0xff, 0xff, 0xfd, 0x00, 0x0e, 0xff, 0xff, 0xff,
    0x70, 0x00, 0x00, 0x00, 0x00, 0x07, 0xff, 0xff,
    0xff, 0x60, 0x00, 0x8f, 0xff, 0xff, 0xfd, 0x00,
    0x00, 0x00, 0x00, 0x00, 0xef, 0xff, 0xff, 0xf0,
    0x00, 0x01, 0xff, 0xff, 0xff, 0xf3, 0x00, 0x00,
    0x00, 0x00, 0x5f, 0xff, 0xff, 0xf9, 0x00, 0x00,
    0x0a, 0xff, 0xff, 0xff, 0xa0, 0x00, 0x00, 0x00,
    0x0b, 0xff, 0xff, 0xff, 0x20, 0x00, 0x00, 0x4f,
    0xff, 0xff, 0xff, 0x10, 0x00, 0x00, 0x02, 0xff,
    0xff, 0xff, 0xb0, 0x00, 0x00, 0x00, 0xdf, 0xff,
    0xff, 0xf7, 0x00, 0x00, 0x00, 0x9f, 0xff, 0xff,
    0xf5, 0x00, 0x00, 0x00, 0x06, 0xff, 0xff, 0xff,
    0xd0, 0x00, 0x00, 0x0f, 0xff, 0xff, 0xfe, 0x00,
    0x00, 0x00, 0x00, 0x0f, 0xff, 0xff, 0xff, 0x40,
    0x00, 0x06, 0xff, 0xff, 0xff, 0x70, 0x00, 0x00,
    0x00, 0x00, 0x9f, 0xff, 0xff, 0xfa, 0x00, 0x00,
    0xdf, 0xff, 0xff, 0xf1, 0x00, 0x00, 0x00, 0x00,
    0x02, 0xff, 0xff, 0xff, 0xf1, 0x00, 0x3f, 0xff,
    0xff, 0xfa, 0x00, 0x00, 0x00, 0x00, 0x00, 0x0c,
    0xff, 0xff, 0xff, 0x70, 0x0a, 0xff, 0xff, 0xff,
    0x30, 0x00, 0x00, 0x00, 0x00, 0x00, 0x5f, 0xff,
    0xff, 0xfd, 0x01, 0xff, 0xff, 0xff, 0xd0, 0x00,
    0x00, 0x00, 0x00, 0x00, 0x00, 0xef, 0xff, 0xff,
    0xf4, 0x7f, 0xff, 0xff, 0xf6, 0x00, 0x00, 0x00,
    0x00, 0x00, 0x00, 0x08, 0xff, 0xff, 0xff, 0xbe,
    0xff, 0xff, 0xff, 0x00, 0x00, 0x00, 0x00, 0x00,
    0x00, 0x00, 0x1f, 0xff, 0xff, 0xff, 0xff, 0xff,
    0xff, 0x90, 0x00, 0x00, 0x00, 0x00, 0x00, 0x00,
    0x00, 0xaf, 0xff, 0xff, 0xff, 0xff, 0xff, 0xf2,
    0x00, 0x00, 0x00, 0x00, 0x00, 0x00, 0x00, 0x04,
    0xff, 0xff, 0xff, 0xff, 0xff, 0xfb, 0x00, 0x00,
    0x00, 0x00, 0x00, 0x00, 0x00, 0x00, 0x0d, 0xff,
    0xff, 0xff, 0xff, 0xff, 0x50, 0x00, 0x00, 0x00,
    0x00, 0x00, 0x00, 0x00, 0x00, 0x6f, 0xff, 0xff,
    0xff, 0xff, 0xe0, 0x00, 0x00, 0x00, 0x00, 0x00,
    0x00, 0x00, 0x00, 0x00, 0xff, 0xff, 0xff, 0xff,
    0xf7, 0x00, 0x00, 0x00, 0x00, 0x00, 0x00, 0x00,
    0x00, 0x00, 0x09, 0xff, 0xff, 0xff, 0xff, 0x10,
    0x00, 0x00, 0x00, 0x00, 0x00, 0x00, 0x00, 0x00,
    0x00, 0x2f, 0xff, 0xff, 0xff, 0xa0, 0x00, 0x00,
    0x00, 0x00, 0x00,

    /* U+0077 "w" */
    0xcf, 0xff, 0xff, 0xf0, 0x00, 0x00, 0x00, 0x00,
    0x00, 0x7f, 0xff, 0xff, 0xf0, 0x00, 0x00, 0x00,
    0x00, 0x00, 0x7f, 0xff, 0xff, 0xe0, 0x6f, 0xff,
    0xff, 0xf5, 0x00, 0x00, 0x00, 0x00, 0x00, 0xdf,
    0xff, 0xff, 0xf5, 0x00, 0x00, 0x00, 0x00, 0x00,
    0xdf, 0xff, 0xff, 0x80, 0x1f, 0xff, 0xff, 0xfa,
    0x00, 0x00, 0x00, 0x00, 0x02, 0xff, 0xff, 0xff,
    0xfa, 0x00, 0x00, 0x00, 0x00, 0x02, 0xff, 0xff,
    0xff, 0x20, 0x0b, 0xff, 0xff, 0xff, 0x00, 0x00,
    0x00, 0x00, 0x08, 0xff, 0xff, 0xff, 0xff, 0x00,
    0x00, 0x00, 0x00, 0x08, 0xff, 0xff, 0xfc, 0x00,
    0x05, 0xff, 0xff, 0xff, 0x50, 0x00, 0x00, 0x00,
    0x0e, 0xff, 0xff, 0xff, 0xff, 0x50, 0x00, 0x00,
    0x00, 0x0e, 0xff, 0xff, 0xf7, 0x00, 0x00, 0xff,
    0xff, 0xff, 0xb0, 0x00, 0x00, 0x00, 0x4f, 0xff,
    0xff, 0xff, 0xff, 0xb0, 0x00, 0x00, 0x00, 0x3f,
    0xff, 0xff, 0xf1, 0x00, 0x00, 0xaf, 0xff, 0xff,
    0xf1, 0x00, 0x00, 0x00, 0x9f, 0xff, 0xff, 0xff,
    0xff, 0xf1, 0x00, 0x00, 0x00, 0x9f, 0xff, 0xff,
    0xb0, 0x00, 0x00, 0x4f, 0xff, 0xff, 0xf6, 0x00,
    0x00, 0x00, 0xff, 0xff, 0xff, 0xff, 0xff, 0xf6,
    0x00, 0x00, 0x00, 0xef, 0xff, 0xff, 0x50, 0x00,
    0x00, 0x0e, 0xff, 0xff, 0xfb, 0x00, 0x00, 0x05,
    0xff, 0xff, 0xff, 0xff, 0xff, 0xfb, 0x00, 0x00,
    0x05, 0xff, 0xff, 0xff, 0x00, 0x00, 0x00, 0x09,
    0xff, 0xff, 0xff, 0x10, 0x00, 0x0b, 0xff, 0xff,
    0xfe, 0xff, 0xff, 0xff, 0x10, 0x00, 0x0a, 0xff,
    0xff, 0xfa, 0x00, 0x00, 0x00, 0x03, 0xff, 0xff,
    0xff, 0x70, 0x00, 0x1f, 0xff, 0xff, 0xf4, 0xff,
    0xff, 0xff, 0x70, 0x00, 0x0f, 0xff, 0xff, 0xf4,
    0x00, 0x00, 0x00, 0x00, 0xdf, 0xff, 0xff, 0xc0,
    0x00, 0x6f, 0xff, 0xff, 0xd0, 0xaf, 0xff, 0xff,
    0xc0, 0x00, 0x6f, 0xff, 0xff, 0xe0, 0x00, 0x00,
    0x00, 0x00, 0x7f, 0xff, 0xff, 0xf2, 0x00, 0xcf,
    0xff, 0xff, 0x70, 0x4f, 0xff, 0xff, 0xf2, 0x00,
    0xbf, 0xff, 0xff, 0x90, 0x00, 0x00, 0x00, 0x00,
    0x2f, 0xff, 0xff, 0xf7, 0x01, 0xff, 0xff, 0xff,
    0x20, 0x0e, 0xff, 0xff, 0xf7, 0x01, 0xff, 0xff,
    0xff, 0x30, 0x00, 0x00, 0x00, 0x00, 0x0c, 0xff,
    0xff, 0xfd, 0x07, 0xff, 0xff, 0xfc, 0x00, 0x09,
    0xff, 0xff, 0xfd, 0x07, 0xff, 0xff, 0xfd, 0x00,
    0x00, 0x00, 0x00, 0x00, 0x06, 0xff, 0xff, 0xff,
    0x2d, 0xff, 0xff, 0xf6, 0x00, 0x03, 0xff, 0xff,
    0xff, 0x2c, 0xff, 0xff, 0xf8, 0x00, 0x00, 0x00,
    0x00, 0x00, 0x01, 0xff, 0xff, 0xff, 0xbf, 0xff,
    0xff, 0xf0, 0x00, 0x00, 0xdf, 0xff, 0xff, 0xaf,
    0xff, 0xff, 0xf2, 0x00, 0x00, 0x00, 0x00, 0x00,
    0x00, 0xbf, 0xff, 0xff, 0xff, 0xff, 0xff, 0xa0,
    0x00, 0x00, 0x7f, 0xff, 0xff, 0xff, 0xff, 0xff,
    0xc0, 0x00, 0x00, 0x00, 0x00, 0x00, 0x00, 0x5f,
    0xff, 0xff, 0xff, 0xff, 0xff, 0x40, 0x00, 0x00,
    0x2f, 0xff, 0xff, 0xff, 0xff, 0xff, 0x60, 0x00,
    0x00, 0x00, 0x00, 0x00, 0x00, 0x0f, 0xff, 0xff,
    0xff, 0xff, 0xfe, 0x00, 0x00, 0x00, 0x0c, 0xff,
    0xff, 0xff, 0xff, 0xff, 0x10, 0x00, 0x00, 0x00,
    0x00, 0x00, 0x00, 0x0a, 0xff, 0xff, 0xff, 0xff,
    0xf8, 0x00, 0x00, 0x00, 0x06, 0xff, 0xff, 0xff,
    0xff, 0xfb, 0x00, 0x00, 0x00, 0x00, 0x00, 0x00,
    0x00, 0x04, 0xff, 0xff, 0xff, 0xff, 0xf2, 0x00,
    0x00, 0x00, 0x01, 0xff, 0xff, 0xff, 0xff, 0xf5,
    0x00, 0x00, 0x00, 0x00, 0x00, 0x00, 0x00, 0x00,
    0xef, 0xff, 0xff, 0xff, 0xc0, 0x00, 0x00, 0x00,
    0x00, 0xbf, 0xff, 0xff, 0xff, 0xf0, 0x00, 0x00,
    0x00, 0x00, 0x00, 0x00, 0x00, 0x00, 0x9f, 0xff,
    0xff, 0xff, 0x60, 0x00, 0x00, 0x00, 0x00, 0x5f,
    0xff, 0xff, 0xff, 0xa0, 0x00, 0x00, 0x00, 0x00,
    0x00, 0x00, 0x00, 0x00, 0x3f, 0xff, 0xff, 0xff,
    0x10, 0x00, 0x00, 0x00, 0x00, 0x0f, 0xff, 0xff,
    0xff, 0x40, 0x00, 0x00, 0x00, 0x00,

    /* U+0078 "x" */
    0x2f, 0xff, 0xff, 0xff, 0xd0, 0x00, 0x00, 0x00,
    0x00, 0x3f, 0xff, 0xff, 0xff, 0x60, 0x06, 0xff,
    0xff, 0xff, 0xfa, 0x00, 0x00, 0x00, 0x00, 0xdf,
    0xff, 0xff, 0xfa, 0x00, 0x00, 0xaf, 0xff, 0xff,
    0xff, 0x50, 0x00, 0x00, 0x0a, 0xff, 0xff, 0xff,
    0xd1, 0x00, 0x00, 0x0d, 0xff, 0xff, 0xff, 0xf2,
    0x00, 0x00, 0x6f, 0xff, 0xff, 0xff, 0x30, 0x00,
    0x00, 0x03, 0xff, 0xff, 0xff, 0xfc, 0x00, 0x02,
    0xff, 0xff, 0xff, 0xf6, 0x00, 0x00, 0x00, 0x00,
    0x6f, 0xff, 0xff, 0xff, 0x80, 0x0d, 0xff, 0xff,
    0xff, 0xa0, 0x00, 0x00, 0x00, 0x00, 0x0a, 0xff,
    0xff, 0xff, 0xf3, 0x9f, 0xff, 0xff, 0xfd, 0x00,
    0x00, 0x00, 0x00, 0x00, 0x01, 0xdf, 0xff, 0xff,
    0xfe, 0xff, 0xff, 0xff, 0xf3, 0x00, 0x00, 0x00,
    0x00, 0x00, 0x00, 0x3f, 0xff, 0xff, 0xff, 0xff,
    0xff, 0xff, 0x60, 0x00, 0x00, 0x00, 0x00, 0x00,
    0x00, 0x07, 0xff, 0xff, 0xff, 0xff, 0xff, 0xfa,
    0x00, 0x00, 0x00, 0x00, 0x00, 0x00, 0x00, 0x00,
    0xbf, 0xff, 0xff, 0xff, 0xff, 0xd0, 0x00, 0x00,
    0x00, 0x00, 0x00, 0x00, 0x00, 0x00, 0x1e, 0xff,
    0xff, 0xff, 0xff, 0x30, 0x00, 0x00, 0x00, 0x00,
    0x00, 0x00, 0x00, 0x00, 0x07, 0xff, 0xff, 0xff,
    0xfd, 0x00, 0x00, 0x00, 0x00, 0x00, 0x00, 0x00,
    0x00, 0x00, 0x2f, 0xff, 0xff, 0xff, 0xff, 0x90,
    0x00, 0x00, 0x00, 0x00, 0x00, 0x00, 0x00, 0x00,
    0xdf, 0xff, 0xff, 0xff, 0xff, 0xf5, 0x00, 0x00,
    0x00, 0x00, 0x00, 0x00, 0x00, 0x0a, 0xff, 0xff,
    0xff, 0xff, 0xff, 0xff, 0x20, 0x00, 0x00, 0x00,
    0x00, 0x00, 0x00, 0x6f, 0xff, 0xff, 0xff, 0xff,
    0xff, 0xff, 0xc0, 0x00, 0x00, 0x00, 0x00, 0x00,
    0x02, 0xff, 0xff, 0xff, 0xfb, 0xff, 0xff, 0xff,
    0xf9, 0x00, 0x00, 0x00, 0x00, 0x00, 0x0d, 0xff,
    0xff, 0xff, 0xc0, 0x9f, 0xff, 0xff, 0xff, 0x50,
    0x00, 0x00, 0x00, 0x00, 0xaf, 0xff, 0xff, 0xfe,
    0x10, 0x0d, 0xff, 0xff, 0xff, 0xf2, 0x00, 0x00,
    0x00, 0x06, 0xff, 0xff, 0xff, 0xf5, 0x00, 0x03,
    0xff, 0xff, 0xff, 0xfc, 0x00, 0x00, 0x00, 0x3f,
    0xff, 0xff, 0xff, 0x90, 0x00, 0x00, 0x7f, 0xff,
    0xff, 0xff, 0x90, 0x00, 0x00, 0xdf, 0xff, 0xff,
    0xfc, 0x00, 0x00, 0x00, 0x0b, 0xff, 0xff, 0xff,
    0xf5, 0x00, 0x0a, 0xff, 0xff, 0xff, 0xf2, 0x00,
    0x00, 0x00, 0x01, 0xef, 0xff, 0xff, 0xfe, 0x20,
    0x6f, 0xff, 0xff, 0xff, 0x50, 0x00, 0x00, 0x00,
    0x00, 0x5f, 0xff, 0xff, 0xff, 0xc0,

    /* U+0079 "y" */
    0x2f, 0xff, 0xff, 0xff, 0x30, 0x00, 0x00, 0x00,
    0x00, 0x00, 0x03, 0xff, 0xff, 0xff, 0xa0, 0xbf,
    0xff, 0xff, 0xfa, 0x00, 0x00, 0x00, 0x00, 0x00,
    0x00, 0xaf, 0xff, 0xff, 0xf3, 0x04, 0xff, 0xff,
    0xff, 0xf1, 0x00, 0x00, 0x00, 0x00, 0x00, 0x1f,
    0xff, 0xff, 0xfc, 0x00, 0x0d, 0xff, 0xff, 0xff,
    0x70, 0x00, 0x00, 0x00, 0x00, 0x07, 0xff, 0xff,
    0xff, 0x60, 0x00, 0x7f, 0xff, 0xff, 0xfe, 0x00,
    0x00, 0x00, 0x00, 0x00, 0xef, 0xff, 0xff, 0xe0,
    0x00, 0x00, 0xff, 0xff, 0xff, 0xf4, 0x00, 0x00,
    0x00, 0x00, 0x5f, 0xff, 0xff, 0xf8, 0x00, 0x00,
    0x09, 0xff, 0xff, 0xff, 0xb0, 0x00, 0x00, 0x00,
    0x0b, 0xff, 0xff, 0xff, 0x10, 0x00, 0x00, 0x2f,
    0xff, 0xff, 0xff, 0x20, 0x00, 0x00, 0x02, 0xff,
    0xff, 0xff, 0xa0, 0x00, 0x00, 0x00, 0xbf, 0xff,
    0xff, 0xf8, 0x00, 0x00, 0x00, 0x9f, 0xff, 0xff,
    0xf4, 0x00, 0x00, 0x00, 0x04, 0xff, 0xff, 0xff,
    0xe0, 0x00, 0x00, 0x0e, 0xff, 0xff, 0xfd, 0x00,
    0x00, 0x00, 0x00, 0x0d, 0xff, 0xff, 0xff, 0x50,
    0x00, 0x06, 0xff, 0xff, 0xff, 0x60, 0x00, 0x00,
    0x00, 0x00, 0x6f, 0xff, 0xff, 0xfc, 0x00, 0x00,
    0xcf, 0xff, 0xff, 0xe0, 0x00, 0x00, 0x00, 0x00,
    0x00, 0xff, 0xff, 0xff, 0xf3, 0x00, 0x3f, 0xff,
    0xff, 0xf8, 0x00, 0x00, 0x00, 0x00, 0x00, 0x09,
    0xff, 0xff, 0xff, 0x90, 0x0a, 0xff, 0xff, 0xff,
    0x20, 0x00, 0x00, 0x00, 0x00, 0x00, 0x2f, 0xff,
    0xff, 0xff, 0x01, 0xff, 0xff, 0xff, 0xb0, 0x00,
    0x00, 0x00, 0x00, 0x00, 0x00, 0xbf, 0xff, 0xff,
    0xf6, 0x7f, 0xff, 0xff, 0xf4, 0x00, 0x00, 0x00,
    0x00, 0x00, 0x00, 0x04, 0xff, 0xff, 0xff, 0xdd,
    0xff, 0xff, 0xfd, 0x00, 0x00, 0x00, 0x00, 0x00,
    0x00, 0x00, 0x0d, 0xff, 0xff, 0xff, 0xff, 0xff,
    0xff, 0x60, 0x00, 0x00, 0x00, 0x00, 0x00, 0x00,
    0x00, 0x6f, 0xff, 0xff, 0xff, 0xff, 0xff, 0xf0,
    0x00, 0x00, 0x00, 0x00, 0x00, 0x00, 0x00, 0x00,
    0xff, 0xff, 0xff, 0xff, 0xff, 0xf9, 0x00, 0x00,
    0x00, 0x00, 0x00, 0x00, 0x00, 0x00, 0x08, 0xff,
    0xff, 0xff, 0xff, 0xff, 0x20, 0x00, 0x00, 0x00,
    0x00, 0x00, 0x00, 0x00, 0x00, 0x2f, 0xff, 0xff,
    0xff, 0xff, 0xb0, 0x00, 0x00, 0x00, 0x00, 0x00,
    0x00, 0x00, 0x00, 0x00, 0xbf, 0xff, 0xff, 0xff,
    0xf4, 0x00, 0x00, 0x00, 0x00, 0x00, 0x00, 0x00,
    0x00, 0x00, 0x04, 0xff, 0xff, 0xff, 0xfd, 0x00,
    0x00, 0x00, 0x00, 0x00, 0x00, 0x00, 0x00, 0x00,
    0x00, 0x0d, 0xff, 0xff, 0xff, 0x70, 0x00, 0x00,
    0x00, 0x00, 0x00, 0x00, 0x00, 0x00, 0x00, 0x00,
    0xef, 0xff, 0xff, 0xf0, 0x00, 0x00, 0x00, 0x00,
    0x00, 0x00, 0x01, 0x00, 0x00, 0x00, 0x8f, 0xff,
    0xff, 0xf9, 0x00, 0x00, 0x00, 0x00, 0x00, 0x00,
    0x04, 0xf6, 0x00, 0x00, 0x7f, 0xff, 0xff, 0xff,
    0x20, 0x00, 0x00, 0x00, 0x00, 0x00, 0x00, 0xcf,
    0xff, 0xdc, 0xff, 0xff, 0xff, 0xff, 0xa0, 0x00,
    0x00, 0x00, 0x00, 0x00, 0x00, 0x4f, 0xff, 0xff,
    0xff, 0xff, 0xff, 0xff, 0xf1, 0x00, 0x00, 0x00,
    0x00, 0x00, 0x00, 0x0c, 0xff, 0xff, 0xff, 0xff,
    0xff, 0xff, 0xf5, 0x00, 0x00, 0x00, 0x00, 0x00,
    0x00, 0x04, 0xff, 0xff, 0xff, 0xff, 0xff, 0xff,
    0xf6, 0x00, 0x00, 0x00, 0x00, 0x00, 0x00, 0x00,
    0x06, 0xef, 0xff, 0xff, 0xff, 0xff, 0xd3, 0x00,
    0x00, 0x00, 0x00, 0x00, 0x00, 0x00, 0x00, 0x00,
    0x59, 0xde, 0xff, 0xd9, 0x40, 0x00, 0x00, 0x00,
    0x00, 0x00, 0x00, 0x00, 0x00,

    /* U+007A "z" */
    0x1f, 0xff, 0xff, 0xff, 0xff, 0xff, 0xff, 0xff,
    0xff, 0xff, 0xff, 0x41, 0xff, 0xff, 0xff, 0xff,
    0xff, 0xff, 0xff, 0xff, 0xff, 0xff, 0xf4, 0x1f,
    0xff, 0xff, 0xff, 0xff, 0xff, 0xff, 0xff, 0xff,
    0xff, 0xff, 0x41, 0xff, 0xff, 0xff, 0xff, 0xff,
    0xff, 0xff, 0xff, 0xff, 0xff, 0xf4, 0x1f, 0xff,
    0xff, 0xff, 0xff, 0xff, 0xff, 0xff, 0xff, 0xff,
    0xff, 0x20, 0x88, 0x88, 0x88, 0x88, 0x88, 0x88,
    0xff, 0xff, 0xff, 0xff, 0x40, 0x00, 0x00, 0x00,
    0x00, 0x00, 0x00, 0x9f, 0xff, 0xff, 0xff, 0x70,
    0x00, 0x00, 0x00, 0x00, 0x00, 0x00, 0x7f, 0xff,
    0xff, 0xff, 0xa0, 0x00, 0x00, 0x00, 0x00, 0x00,
    0x00, 0x4f, 0xff, 0xff, 0xff, 0xc0, 0x00, 0x00,
    0x00, 0x00, 0x00, 0x00, 0x2f, 0xff, 0xff, 0xff,
    0xe1, 0x00, 0x00, 0x00, 0x00, 0x00, 0x00, 0x1d,
    0xff, 0xff, 0xff, 0xf3, 0x00, 0x00, 0x00, 0x00,
    0x00, 0x00, 0x0b, 0xff, 0xff, 0xff, 0xf5, 0x00,
    0x00, 0x00, 0x00, 0x00, 0x00, 0x09, 0xff, 0xff,
    0xff, 0xf7, 0x00, 0x00, 0x00, 0x00, 0x00, 0x00,
    0x06, 0xff, 0xff, 0xff, 0xfa, 0x00, 0x00, 0x00,
    0x00, 0x00, 0x00, 0x04, 0xff, 0xff, 0xff, 0xfc,
    0x00, 0x00, 0x00, 0x00, 0x00, 0x00, 0x02, 0xef,
    0xff, 0xff, 0xfe, 0x10, 0x00, 0x00, 0x00, 0x00,
    0x00, 0x01, 0xdf, 0xff, 0xff, 0xff, 0x30, 0x00,
    0x00, 0x00, 0x00, 0x00, 0x00, 0xbf, 0xff, 0xff,
    0xff, 0x50, 0x00, 0x00, 0x00, 0x00, 0x00, 0x00,
    0x9f, 0xff, 0xff, 0xff, 0x80, 0x00, 0x00, 0x00,
    0x00, 0x00, 0x00, 0x6f, 0xff, 0xff, 0xff, 0xe8,
    0x88, 0x88, 0x88, 0x88, 0x88, 0x85, 0x3f, 0xff,
    0xff, 0xff, 0xff, 0xff, 0xff, 0xff, 0xff, 0xff,
    0xff, 0xb6, 0xff, 0xff, 0xff, 0xff, 0xff, 0xff,
    0xff, 0xff, 0xff, 0xff, 0xfb, 0x6f, 0xff, 0xff,
    0xff, 0xff, 0xff, 0xff, 0xff, 0xff, 0xff, 0xff,
    0xb6, 0xff, 0xff, 0xff, 0xff, 0xff, 0xff, 0xff,
    0xff, 0xff, 0xff, 0xfb, 0x6f, 0xff, 0xff, 0xff,
    0xff, 0xff, 0xff, 0xff, 0xff, 0xff, 0xff, 0xb0,

    /* U+007B "{" */
    0x00, 0x00, 0x00, 0x00, 0x49, 0xde, 0xff, 0xf4,
    0x00, 0x00, 0x00, 0x2d, 0xff, 0xff, 0xff, 0xf4,
    0x00, 0x00, 0x03, 0xff, 0xff, 0xff, 0xff, 0xf4,
    0x00, 0x00, 0x0d, 0xff, 0xff, 0xff, 0xff, 0xf4,
    0x00, 0x00, 0x6f, 0xff, 0xff, 0xff, 0xff, 0xf4,
    0x00, 0x00, 0xbf, 0xff, 0xff, 0xff, 0xfb, 0x92,
    0x00, 0x00, 0xef, 0xff, 0xff, 0xfe, 0x20, 0x00,
    0x00, 0x00, 0xff, 0xff, 0xff, 0xf6, 0x00, 0x00,
    0x00, 0x00, 0xff, 0xff, 0xff, 0xf2, 0x00, 0x00,
    0x00, 0x01, 0xff, 0xff, 0xff, 0xf1, 0x00, 0x00,
    0x00, 0x01, 0xff, 0xff, 0xff, 0xf1, 0x00, 0x00,
    0x00, 0x01, 0xff, 0xff, 0xff, 0xf1, 0x00, 0x00,
    0x00, 0x01, 0xff, 0xff, 0xff, 0xf1, 0x00, 0x00,
    0x00, 0x01, 0xff, 0xff, 0xff, 0xf1, 0x00, 0x00,
    0x00, 0x01, 0xff, 0xff, 0xff, 0xf1, 0x00, 0x00,
    0x00, 0x01, 0xff, 0xff, 0xff, 0xf1, 0x00, 0x00,
    0x00, 0x01, 0xff, 0xff, 0xff, 0xf1, 0x00, 0x00,
    0x00, 0x02, 0xff, 0xff, 0xff, 0xf1, 0x00, 0x00,
    0x00, 0x1b, 0xff, 0xff, 0xff, 0xe0, 0x00, 0x00,
    0x9f, 0xff, 0xff, 0xff, 0xff, 0xa0, 0x00, 0x00,
    0x9f, 0xff, 0xff, 0xff, 0xfe, 0x10, 0x00, 0x00,
    0x9f, 0xff, 0xff, 0xff, 0x91, 0x00, 0x00, 0x00,
    0x9f, 0xff, 0xff, 0xff, 0xe6, 0x00, 0x00, 0x00,
    0x9f, 0xff, 0xff, 0xff, 0xff, 0x50, 0x00, 0x00,
    0x59, 0xbf, 0xff, 0xff, 0xff, 0xd0, 0x00, 0x00,
    0x00, 0x06, 0xff, 0xff, 0xff, 0xf0, 0x00, 0x00,
    0x00, 0x01, 0xff, 0xff, 0xff, 0xf1, 0x00, 0x00,
    0x00, 0x01, 0xff, 0xff, 0xff, 0xf1, 0x00, 0x00,
    0x00, 0x01, 0xff, 0xff, 0xff, 0xf1, 0x00, 0x00,
    0x00, 0x01, 0xff, 0xff, 0xff, 0xf1, 0x00, 0x00,
    0x00, 0x01, 0xff, 0xff, 0xff, 0xf1, 0x00, 0x00,
    0x00, 0x01, 0xff, 0xff, 0xff, 0xf1, 0x00, 0x00,
    0x00, 0x01, 0xff, 0xff, 0xff, 0xf1, 0x00, 0x00,
    0x00, 0x01, 0xff, 0xff, 0xff, 0xf1, 0x00, 0x00,
    0x00, 0x00, 0xff, 0xff, 0xff, 0xf2, 0x00, 0x00,
    0x00, 0x00, 0xff, 0xff, 0xff, 0xf5, 0x00, 0x00,
    0x00, 0x00, 0xff, 0xff, 0xff, 0xfd, 0x20, 0x00,
    0x00, 0x00, 0xbf, 0xff, 0xff, 0xff, 0xfb, 0x92,
    0x00, 0x00, 0x7f, 0xff, 0xff, 0xff, 0xff, 0xf4,
    0x00, 0x00, 0x0e, 0xff, 0xff, 0xff, 0xff, 0xf4,
    0x00, 0x00, 0x04, 0xff, 0xff, 0xff, 0xff, 0xf4,
    0x00, 0x00, 0x00, 0x3d, 0xff, 0xff, 0xff, 0xf4,
    0x00, 0x00, 0x00, 0x00, 0x5a, 0xde, 0xff, 0xf4,

    /* U+007C "|" */
    0x2e, 0xee, 0xee, 0xe5, 0x3f, 0xff, 0xff, 0xf6,
    0x3f, 0xff, 0xff, 0xf6, 0x3f, 0xff, 0xff, 0xf6,
    0x3f, 0xff, 0xff, 0xf6, 0x3f, 0xff, 0xff, 0xf6,
    0x3f, 0xff, 0xff, 0xf6, 0x3f, 0xff, 0xff, 0xf6,
    0x3f, 0xff, 0xff, 0xf6, 0x3f, 0xff, 0xff, 0xf6,
    0x3f, 0xff, 0xff, 0xf6, 0x3f, 0xff, 0xff, 0xf6,
    0x3f, 0xff, 0xff, 0xf6, 0x3f, 0xff, 0xff, 0xf6,
    0x3f, 0xff, 0xff, 0xf6, 0x3f, 0xff, 0xff, 0xf6,
    0x3f, 0xff, 0xff, 0xf6, 0x3f, 0xff, 0xff, 0xf6,
    0x3f, 0xff, 0xff, 0xf6, 0x3f, 0xff, 0xff, 0xf6,
    0x3f, 0xff, 0xff, 0xf6, 0x3f, 0xff, 0xff, 0xf6,
    0x3f, 0xff, 0xff, 0xf6, 0x3f, 0xff, 0xff, 0xf6,
    0x3f, 0xff, 0xff, 0xf6, 0x3f, 0xff, 0xff, 0xf6,
    0x3f, 0xff, 0xff, 0xf6, 0x3f, 0xff, 0xff, 0xf6,
    0x3f, 0xff, 0xff, 0xf6, 0x3f, 0xff, 0xff, 0xf6,
    0x3f, 0xff, 0xff, 0xf6, 0x3f, 0xff, 0xff, 0xf6,
    0x3f, 0xff, 0xff, 0xf6, 0x3f, 0xff, 0xff, 0xf6,
    0x3f, 0xff, 0xff, 0xf6, 0x3f, 0xff, 0xff, 0xf6,
    0x3f, 0xff, 0xff, 0xf6, 0x3f, 0xff, 0xff, 0xf6,
    0x3f, 0xff, 0xff, 0xf6, 0x3f, 0xff, 0xff, 0xf6,
    0x3f, 0xff, 0xff, 0xf6, 0x3f, 0xff, 0xff, 0xf6,
    0x3f, 0xff, 0xff, 0xf6,

    /* U+007D "}" */
    0x5f, 0xff, 0xed, 0x94, 0x00, 0x00, 0x00, 0x00,
    0x5f, 0xff, 0xff, 0xff, 0xd2, 0x00, 0x00, 0x00,
    0x5f, 0xff, 0xff, 0xff, 0xff, 0x20, 0x00, 0x00,
    0x5f, 0xff, 0xff, 0xff, 0xff, 0xd0, 0x00, 0x00,
    0x5f, 0xff, 0xff, 0xff, 0xff, 0xf5, 0x00, 0x00,
    0x29, 0xbf, 0xff, 0xff, 0xff, 0xfa, 0x00, 0x00,
    0x00, 0x02, 0xef, 0xff, 0xff, 0xfe, 0x00, 0x00,
    0x00, 0x00, 0x6f, 0xff, 0xff, 0xff, 0x00, 0x00,
    0x00, 0x00, 0x3f, 0xff, 0xff, 0xff, 0x00, 0x00,
    0x00, 0x00, 0x2f, 0xff, 0xff, 0xff, 0x00, 0x00,
    0x00, 0x00, 0x2f, 0xff, 0xff, 0xff, 0x00, 0x00,
    0x00, 0x00, 0x2f, 0xff, 0xff, 0xff, 0x00, 0x00,
    0x00, 0x00, 0x2f, 0xff, 0xff, 0xff, 0x00, 0x00,
    0x00, 0x00, 0x2f, 0xff, 0xff, 0xff, 0x00, 0x00,
    0x00, 0x00, 0x2f, 0xff, 0xff, 0xff, 0x00, 0x00,
    0x00, 0x00, 0x2f, 0xff, 0xff, 0xff, 0x00, 0x00,
    0x00, 0x00, 0x1f, 0xff, 0xff, 0xff, 0x00, 0x00,
    0x00, 0x00, 0x1f, 0xff, 0xff, 0xff, 0x20, 0x00,
    0x00, 0x00, 0x0f, 0xff, 0xff, 0xff, 0xb1, 0x00,
    0x00, 0x00, 0x0a, 0xff, 0xff, 0xff, 0xff, 0xf9,
    0x00, 0x00, 0x02, 0xef, 0xff, 0xff, 0xff, 0xf9,
    0x00, 0x00, 0x00, 0x1a, 0xff, 0xff, 0xff, 0xf9,
    0x00, 0x00, 0x00, 0x6e, 0xff, 0xff, 0xff, 0xf9,
    0x00, 0x00, 0x06, 0xff, 0xff, 0xff, 0xff, 0xf9,
    0x00, 0x00, 0x0d, 0xff, 0xff, 0xff, 0xfb, 0x95,
    0x00, 0x00, 0x0f, 0xff, 0xff, 0xff, 0x50, 0x00,
    0x00, 0x00, 0x1f, 0xff, 0xff, 0xff, 0x10, 0x00,
    0x00, 0x00, 0x2f, 0xff, 0xff, 0xff, 0x00, 0x00,
    0x00, 0x00, 0x2f, 0xff, 0xff, 0xff, 0x00, 0x00,
    0x00, 0x00, 0x2f, 0xff, 0xff, 0xff, 0x00, 0x00,
    0x00, 0x00, 0x2f, 0xff, 0xff, 0xff, 0x00, 0x00,
    0x00, 0x00, 0x2f, 0xff, 0xff, 0xff, 0x00, 0x00,
    0x00, 0x00, 0x2f, 0xff, 0xff, 0xff, 0x00, 0x00,
    0x00, 0x00, 0x2f, 0xff, 0xff, 0xff, 0x00, 0x00,
    0x00, 0x00, 0x3f, 0xff, 0xff, 0xff, 0x00, 0x00,
    0x00, 0x00, 0x6f, 0xff, 0xff, 0xff, 0x00, 0x00,
    0x00, 0x02, 0xef, 0xff, 0xff, 0xfe, 0x00, 0x00,
    0x29, 0xbf, 0xff, 0xff, 0xff, 0xfb, 0x00, 0x00,
    0x5f, 0xff, 0xff, 0xff, 0xff, 0xf6, 0x00, 0x00,
    0x5f, 0xff, 0xff, 0xff, 0xff, 0xe0, 0x00, 0x00,
    0x5f, 0xff, 0xff, 0xff, 0xff, 0x30, 0x00, 0x00,
    0x5f, 0xff, 0xff, 0xff, 0xd3, 0x00, 0x00, 0x00,
    0x5f, 0xff, 0xed, 0xa5, 0x00, 0x00, 0x00, 0x00,

    /* U+007E "~" */
    0x00, 0x00, 0x00, 0x12, 0x00, 0x00, 0x00, 0x00,
    0x00, 0x00, 0x00, 0x00, 0x00, 0x01, 0x9e, 0xff,
    0xfc, 0x50, 0x00, 0x00, 0x00, 0x3c, 0xcc, 0xc3,
    0x00, 0x3e, 0xff, 0xff, 0xff, 0xfb, 0x10, 0x00,
    0x00, 0x6f, 0xff, 0xf3, 0x01, 0xef, 0xff, 0xff,
    0xff, 0xff, 0xe4, 0x00, 0x00, 0xdf, 0xff, 0xf1,
    0x0a, 0xff, 0xff, 0xff, 0xff, 0xff, 0xff, 0x93,
    0x4b, 0xff, 0xff, 0xd0, 0x1f, 0xff, 0xff, 0xff,
    0xff, 0xff, 0xff, 0xff, 0xff, 0xff, 0xff, 0x90,
    0x5f, 0xff, 0xfe, 0x50, 0x3b, 0xff, 0xff, 0xff,
    0xff, 0xff, 0xff, 0x20, 0x8f, 0xff, 0xf5, 0x00,
    0x00, 0x7f, 0xff, 0xff, 0xff, 0xff, 0xf7, 0x00,
    0x9f, 0xff, 0xf0, 0x00, 0x00, 0x02, 0xcf, 0xff,
    0xff, 0xff, 0x80, 0x00, 0x69, 0x99, 0x70, 0x00,
    0x00, 0x00, 0x05, 0xbe, 0xfe, 0xa3, 0x00, 0x00,

    /* U+00B0 "°" */
    0x00, 0x00, 0x00, 0x47, 0x88, 0x51, 0x00, 0x00,
    0x00, 0x00, 0x07, 0xef, 0xff, 0xff, 0xf9, 0x00,
    0x00, 0x00, 0x1b, 0xff, 0xff, 0xff, 0xff, 0xfd,
    0x20, 0x00, 0x0b, 0xff, 0xff, 0xff, 0xff, 0xff,
    0xfd, 0x10, 0x07, 0xff, 0xff, 0x82, 0x01, 0x7f,
    0xff, 0xfa, 0x00, 0xff, 0xff, 0x50, 0x00, 0x00,
    0x2f, 0xff, 0xf2, 0x4f, 0xff, 0xb0, 0x00, 0x00,
    0x00, 0x7f, 0xff, 0x76, 0xff, 0xf6, 0x00, 0x00,
    0x00, 0x03, 0xff, 0xf9, 0x7f, 0xff, 0x50, 0x00,
    0x00, 0x00, 0x2f, 0xff, 0xa5, 0xff, 0xf8, 0x00,
    0x00, 0x00, 0x04, 0xff, 0xf8, 0x2f, 0xff, 0xe1,
    0x00, 0x00, 0x00, 0xcf, 0xff, 0x40, 0xcf, 0xff,
    0xc1, 0x00, 0x00, 0xaf, 0xff, 0xe0, 0x02, 0xff,
    0xff, 0xfa, 0x8a, 0xef, 0xff, 0xf5, 0x00, 0x05,
    0xff, 0xff, 0xff, 0xff, 0xff, 0xf7, 0x00, 0x00,
    0x03, 0xef, 0xff, 0xff, 0xff, 0xf5, 0x00, 0x00,
    0x00, 0x00, 0x6b, 0xef, 0xfc, 0x71, 0x00, 0x00
};

/*---------------------
 *  GLYPH DESCRIPTION
 *--------------------*/

static const lv_font_fmt_txt_glyph_dsc_t glyph_dsc[] = {
    {.bitmap_index = 0, .adv_w = 0, .box_w = 0, .box_h = 0, .ofs_x = 0, .ofs_y = 0} /* id = 0 reserved */,
    {.bitmap_index = 0, .adv_w = 208, .box_w = 0, .box_h = 0, .ofs_x = 0, .ofs_y = 0},
    {.bitmap_index = 0, .adv_w = 213, .box_w = 10, .box_h = 32, .ofs_x = 2, .ofs_y = 0},
    {.bitmap_index = 160, .adv_w = 322, .box_w = 16, .box_h = 14, .ofs_x = 2, .ofs_y = 18},
    {.bitmap_index = 272, .adv_w = 530, .box_w = 33, .box_h = 32, .ofs_x = 0, .ofs_y = 0},
    {.bitmap_index = 800, .adv_w = 470, .box_w = 28, .box_h = 44, .ofs_x = 1, .ofs_y = -6},
    {.bitmap_index = 1416, .adv_w = 645, .box_w = 39, .box_h = 33, .ofs_x = 1, .ofs_y = 0},
    {.bitmap_index = 2060, .adv_w = 536, .box_w = 32, .box_h = 34, .ofs_x = 1, .ofs_y = -1},
    {.bitmap_index = 2604, .adv_w = 169, .box_w = 7, .box_h = 14, .ofs_x = 2, .ofs_y = 18},
    {.bitmap_index = 2653, .adv_w = 263, .box_w = 13, .box_h = 43, .ofs_x = 3, .ofs_y = -9},
    {.bitmap_index = 2933, .adv_w = 263, .box_w = 14, .box_h = 43, .ofs_x = 0, .ofs_y = -9},
    {.bitmap_index = 3234, .adv_w = 319, .box_w = 20, .box_h = 19, .ofs_x = 0, .ofs_y = 16},
    {.bitmap_index = 3424, .adv_w = 441, .box_w = 23, .box_h = 22, .ofs_x = 2, .ofs_y = 5},
    {.bitmap_index = 3677, .adv_w = 193, .box_w = 10, .box_h = 16, .ofs_x = 1, .ofs_y = -7},
    {.bitmap_index = 3757, .adv_w = 284, .box_w = 14, .box_h = 6, .ofs_x = 2, .ofs_y = 10},
    {.bitmap_index = 3799, .adv_w = 193, .box_w = 10, .box_h = 9, .ofs_x = 1, .ofs_y = 0},
    {.bitmap_index = 3844, .adv_w = 289, .box_w = 23, .box_h = 43, .ofs_x = -2, .ofs_y = -5},
    {.bitmap_index = 4339, .adv_w = 500, .box_w = 29, .box_h = 34, .ofs_x = 1, .ofs_y = -1},
    {.bitmap_index = 4832, .adv_w = 289, .box_w = 15, .box_h = 32, .ofs_x = 0, .ofs_y = 0},
    {.bitmap_index = 5072, .adv_w = 434, .box_w = 26, .box_h = 33, .ofs_x = 0, .ofs_y = 0},
    {.bitmap_index = 5501, .adv_w = 436, .box_w = 27, .box_h = 33, .ofs_x = -1, .ofs_y = -1},
    {.bitmap_index = 5947, .adv_w = 507, .box_w = 31, .box_h = 32, .ofs_x = 1, .ofs_y = 0},
    {.bitmap_index = 6443, .adv_w = 438, .box_w = 27, .box_h = 33, .ofs_x = 0, .ofs_y = -1},
    {.bitmap_index = 6889, .adv_w = 469, .box_w = 28, .box_h = 34, .ofs_x = 1, .ofs_y = -1},
    {.bitmap_index = 7365, .adv_w = 456, .box_w = 26, .box_h = 32, .ofs_x = 1, .ofs_y = 0},
    {.bitmap_index = 7781, .adv_w = 486, .box_w = 28, .box_h = 34, .ofs_x = 1, .ofs_y = -1},
    {.bitmap_index = 8257, .adv_w = 469, .box_w = 28, .box_h = 34, .ofs_x = 0, .ofs_y = -1},
    {.bitmap_index = 8733, .adv_w = 193, .box_w = 10, .box_h = 25, .ofs_x = 1, .ofs_y = 0},
    {.bitmap_index = 8858, .adv_w = 193, .box_w = 10, .box_h = 32, .ofs_x = 1, .ofs_y = -7},
    {.bitmap_index = 9018, .adv_w = 441, .box_w = 23, .box_h = 24, .ofs_x = 2, .ofs_y = 4},
    {.bitmap_index = 9294, .adv_w = 441, .box_w = 23, .box_h = 17, .ofs_x = 2, .ofs_y = 8},
    {.bitmap_index = 9490, .adv_w = 441, .box_w = 23, .box_h = 24, .ofs_x = 2, .ofs_y = 4},
    {.bitmap_index = 9766, .adv_w = 434, .box_w = 26, .box_h = 33, .ofs_x = -1, .ofs_y = 0},
    {.bitmap_index = 10195, .adv_w = 762, .box_w = 45, .box_h = 42, .ofs_x = 1, .ofs_y = -9},
    {.bitmap_index = 11140, .adv_w = 564, .box_w = 37, .box_h = 32, .ofs_x = -1, .ofs_y = 0},
    {.bitmap_index = 11732, .adv_w = 563, .box_w = 31, .box_h = 32, .ofs_x = 3, .ofs_y = 0},
    {.bitmap_index = 12228, .adv_w = 533, .box_w = 32, .box_h = 34, .ofs_x = 1, .ofs_y = -1},
    {.bitmap_index = 12772, .adv_w = 608, .box_w = 34, .box_h = 32, .ofs_x = 3, .ofs_y = 0},
    {.bitmap_index = 13316, .adv_w = 494, .box_w = 26, .box_h = 32, .ofs_x = 3, .ofs_y = 0},
    {.bitmap_index = 13732, .adv_w = 470, .box_w = 26, .box_h = 32, .ofs_x = 3, .ofs_y = 0},
    {.bitmap_index = 14148, .adv_w = 567, .box_w = 32, .box_h = 34, .ofs_x = 1, .ofs_y = -1},
    {.bitmap_index = 14692, .adv_w = 595, .box_w = 31, .box_h = 32, .ofs_x = 3, .ofs_y = 0},
    {.bitmap_index = 15188, .adv_w = 241, .box_w = 9, .box_h = 32, .ofs_x = 3, .ofs_y = 0},
    {.bitmap_index = 15332, .adv_w = 398, .box_w = 23, .box_h = 33, .ofs_x = -1, .ofs_y = -1},
    {.bitmap_index = 15712, .adv_w = 545, .box_w = 32, .box_h = 32, .ofs_x = 3, .ofs_y = 0},
    {.bitmap_index = 16224, .adv_w = 445, .box_w = 25, .box_h = 32, .ofs_x = 3, .ofs_y = 0},
    {.bitmap_index = 16624, .adv_w = 703, .box_w = 38, .box_h = 32, .ofs_x = 3, .ofs_y = 0},
    {.bitmap_index = 17232, .adv_w = 595, .box_w = 31, .box_h = 32, .ofs_x = 3, .ofs_y = 0},
    {.bitmap_index = 17728, .adv_w = 621, .box_w = 37, .box_h = 34, .ofs_x = 1, .ofs_y = -1},
    {.bitmap_index = 18357, .adv_w = 539, .box_w = 29, .box_h = 32, .ofs_x = 3, .ofs_y = 0},
    {.bitmap_index = 18821, .adv_w = 621, .box_w = 38, .box_h = 41, .ofs_x = 1, .ofs_y = -8},
    {.bitmap_index = 19600, .adv_w = 541, .box_w = 30, .box_h = 32, .ofs_x = 3, .ofs_y = 0},
    {.bitmap_index = 20080, .adv_w = 470, .box_w = 28, .box_h = 34, .ofs_x = 1, .ofs_y = -1},
    {.bitmap_index = 20556, .adv_w = 455, .box_w = 29, .box_h = 32, .ofs_x = 0, .ofs_y = 0},
    {.bitmap_index = 21020, .adv_w = 580, .box_w = 30, .box_h = 33, .ofs_x = 3, .ofs_y = -1},
    {.bitmap_index = 21515, .adv_w = 549, .box_w = 36, .box_h = 32, .ofs_x = -1, .ofs_y = 0},
    {.bitmap_index = 22091, .adv_w = 856, .box_w = 52, .box_h = 32, .ofs_x = 1, .ofs_y = 0},
    {.bitmap_index = 22923, .adv_w = 526, .box_w = 33, .box_h = 32, .ofs_x = 0, .ofs_y = 0},
    {.bitmap_index = 23451, .adv_w = 498, .box_w = 33, .box_h = 32, .ofs_x = -1, .ofs_y = 0},
    {.bitmap_index = 23979, .adv_w = 494, .box_w = 29, .box_h = 32, .ofs_x = 1, .ofs_y = 0},
    {.bitmap_index = 24443, .adv_w = 271, .box_w = 14, .box_h = 43, .ofs_x = 3, .ofs_y = -9},
    {.bitmap_index = 24744, .adv_w = 289, .box_w = 22, .box_h = 43, .ofs_x = -2, .ofs_y = -5},
    {.bitmap_index = 25217, .adv_w = 271, .box_w = 14, .box_h = 43, .ofs_x = 0, .ofs_y = -9},
    {.bitmap_index = 25518, .adv_w = 442, .box_w = 23, .box_h = 19, .ofs_x = 2, .ofs_y = 6},
    {.bitmap_index = 25737, .adv_w = 368, .box_w = 23, .box_h = 5, .ofs_x = 0, .ofs_y = -4},
    {.bitmap_index = 25795, .adv_w = 442, .box_w = 14, .box_h = 7, .ofs_x = 4, .ofs_y = 28},
    {.bitmap_index = 25844, .adv_w = 454, .box_w = 25, .box_h = 25, .ofs_x = 1, .ofs_y = 0},
    {.bitmap_index = 26157, .adv_w = 508, .box_w = 28, .box_h = 34, .ofs_x = 3, .ofs_y = 0},
    {.bitmap_index = 26633, .adv_w = 435, .box_w = 26, .box_h = 25, .ofs_x = 1, .ofs_y = 0},
    {.bitmap_index = 26958, .adv_w = 509, .box_w = 28, .box_h = 34, .ofs_x = 1, .ofs_y = 0},
    {.bitmap_index = 27434, .adv_w = 464, .box_w = 27, .box_h = 25, .ofs_x = 1, .ofs_y = 0},
    {.bitmap_index = 27772, .adv_w = 285, .box_w = 20, .box_h = 35, .ofs_x = 0, .ofs_y = 0},
    {.bitmap_index = 28122, .adv_w = 515, .box_w = 28, .box_h = 34, .ofs_x = 1, .ofs_y = -9},
    {.bitmap_index = 28598, .adv_w = 509, .box_w = 26, .box_h = 34, .ofs_x = 3, .ofs_y = 0},
    {.bitmap_index = 29040, .adv_w = 222, .box_w = 10, .box_h = 36, .ofs_x = 2, .ofs_y = 0},
    {.bitmap_index = 29220, .adv_w = 226, .box_w = 17, .box_h = 45, .ofs_x = -5, .ofs_y = -9},
    {.bitmap_index = 29603, .adv_w = 482, .box_w = 28, .box_h = 34, .ofs_x = 3, .ofs_y = 0},
    {.bitmap_index = 30079, .adv_w = 222, .box_w = 8, .box_h = 34, .ofs_x = 3, .ofs_y = 0},
    {.bitmap_index = 30215, .adv_w = 772, .box_w = 43, .box_h = 25, .ofs_x = 3, .ofs_y = 0},
    {.bitmap_index = 30753, .adv_w = 509, .box_w = 26, .box_h = 25, .ofs_x = 3, .ofs_y = 0},
    {.bitmap_index = 31078, .adv_w = 482, .box_w = 28, .box_h = 25, .ofs_x = 1, .ofs_y = 0},
    {.bitmap_index = 31428, .adv_w = 508, .box_w = 28, .box_h = 34, .ofs_x = 3, .ofs_y = -9},
    {.bitmap_index = 31904, .adv_w = 508, .box_w = 28, .box_h = 34, .ofs_x = 1, .ofs_y = -9},
    {.bitmap_index = 32380, .adv_w = 317, .box_w = 16, .box_h = 25, .ofs_x = 3, .ofs_y = 0},
    {.bitmap_index = 32580, .adv_w = 391, .box_w = 24, .box_h = 25, .ofs_x = 0, .ofs_y = 0},
    {.bitmap_index = 32880, .adv_w = 320, .box_w = 20, .box_h = 31, .ofs_x = 0, .ofs_y = 0},
    {.bitmap_index = 33190, .adv_w = 506, .box_w = 26, .box_h = 25, .ofs_x = 3, .ofs_y = 0},
    {.bitmap_index = 33515, .adv_w = 440, .box_w = 29, .box_h = 25, .ofs_x = -1, .ofs_y = 0},
    {.bitmap_index = 33878, .adv_w = 690, .box_w = 44, .box_h = 25, .ofs_x = 0, .ofs_y = 0},
    {.bitmap_index = 34428, .adv_w = 438, .box_w = 28, .box_h = 25, .ofs_x = 0, .ofs_y = 0},
    {.bitmap_index = 34778, .adv_w = 440, .box_w = 29, .box_h = 34, .ofs_x = -1, .ofs_y = -9},
    {.bitmap_index = 35271, .adv_w = 400, .box_w = 23, .box_h = 25, .ofs_x = 1, .ofs_y = 0},
    {.bitmap_index = 35559, .adv_w = 288, .box_w = 16, .box_h = 43, .ofs_x = 2, .ofs_y = -9},
    {.bitmap_index = 35903, .adv_w = 227, .box_w = 8, .box_h = 43, .ofs_x = 3, .ofs_y = -9},
    {.bitmap_index = 36075, .adv_w = 288, .box_w = 16, .box_h = 43, .ofs_x = 0, .ofs_y = -9},
    {.bitmap_index = 36419, .adv_w = 441, .box_w = 24, .box_h = 10, .ofs_x = 2, .ofs_y = 12},
    {.bitmap_index = 36539, .adv_w = 308, .box_w = 17, .box_h = 16, .ofs_x = 1, .ofs_y = 17}
};

/*---------------------
 *  CHARACTER MAPPING
 *--------------------*/



/*Collect the unicode lists and glyph_id offsets*/
static const lv_font_fmt_txt_cmap_t cmaps[] =
{
    {
        .range_start = 32, .range_length = 95, .glyph_id_start = 1,
        .unicode_list = NULL, .glyph_id_ofs_list = NULL, .list_length = 0, .type = LV_FONT_FMT_TXT_CMAP_FORMAT0_TINY
    },
    {
        .range_start = 176, .range_length = 1, .glyph_id_start = 96,
        .unicode_list = NULL, .glyph_id_ofs_list = NULL, .list_length = 0, .type = LV_FONT_FMT_TXT_CMAP_FORMAT0_TINY
    }
};

/*-----------------
 *    KERNING
 *----------------*/

/*Map glyph_ids to kern left classes*/
static const uint8_t kern_left_class_mapping[] =
{
    0, 0, 1, 2, 0, 3, 4, 5,
    2, 6, 0, 7, 8, 9, 8, 9,
    10, 11, 0, 12, 13, 14, 15, 16,
    17, 18, 11, 19, 19, 0, 0, 0,
    20, 21, 0, 0, 0, 0, 0, 0,
    0, 0, 0, 0, 0, 0, 0, 0,
    0, 0, 0, 0, 0, 0, 0, 0,
    0, 0, 0, 0, 22, 23, 0, 0,
    24, 0, 0, 0, 0, 0, 0, 0,
    0, 0, 0, 0, 0, 0, 0, 0,
    0, 0, 0, 0, 0, 0, 0, 0,
    0, 0, 0, 0, 22, 0, 0, 8,
    25
};

/*Map glyph_ids to kern right classes*/
static const uint8_t kern_right_class_mapping[] =
{
    0, 0, 1, 2, 0, 3, 4, 5,
    2, 0, 6, 7, 8, 9, 8, 9,
    10, 11, 12, 13, 14, 15, 16, 11,
    17, 18, 19, 20, 20, 0, 0, 0,
    21, 22, 0, 0, 0, 0, 0, 0,
    0, 0, 0, 0, 0, 0, 0, 0,
    0, 0, 0, 0, 0, 0, 0, 0,
    0, 0, 0, 0, 23, 24, 25, 0,
    26, 0, 0, 0, 0, 0, 0, 0,
    0, 0, 0, 0, 0, 0, 0, 0,
    0, 0, 0, 0, 0, 0, 0, 0,
    0, 0, 0, 0, 0, 0, 25, 8,
    27
};

/*Kern values between classes*/
static const int8_t kern_class_values[] =
{
    0, 3, 0, 0, 0, 0, 6, 0,
    3, 0, 0, 7, 0, 0, 0, 0,
    3, 0, 0, 0, 0, 0, 0, 0,
    3, 0, 0, 3, 33, 0, 18, -13,
    0, 15, 0, -40, -44, 3, 32, 13,
    10, -29, 3, 29, 0, 27, 7, 20,
    -11, 0, 44, 10, -3, 15, 0, -22,
    0, 0, 0, 0, -15, 10, 15, 0,
    0, -7, 0, -3, 7, 0, -7, 0,
    -7, -4, -15, 0, 0, -7, 0, -15,
    -11, 0, -18, 0, -92, 0, -15, -37,
    15, 22, 0, 0, -15, 7, 7, 24,
    15, -10, 15, 0, 0, -40, 0, 0,
    -25, 0, 0, -18, -10, -29, 0, -29,
    -3, 0, -22, 0, -3, 22, 0, -22,
    -10, -3, 3, 0, -10, 0, 0, -6,
    -48, 0, 0, -59, -10, 15, -37, 0,
    0, 0, 0, 0, 0, 0, 0, 0,
    26, 0, 7, 0, 0, -15, 0, 0,
    0, 0, 0, 0, 0, 0, 32, 10,
    3, 0, 6, 15, 7, 22, -7, 0,
    15, -7, -26, -97, 3, 18, 15, -1,
    -9, 0, 18, 0, 20, 0, 20, 0,
    0, 0, 3, -7, 22, 0, 0, -10,
    -25, 0, 0, -7, 3, -6, 0, 3,
    -15, -12, -15, 3, 0, -7, 0, 0,
    0, -29, 3, 0, -48, 0, 0, 0,
    3, -40, 7, -49, 0, 0, -26, -6,
    0, 66, -10, -12, 7, 7, 0, 0,
    -12, 7, 0, 0, -41, -15, 0, -69,
    0, 7, -49, 0, 44, -15, 0, -25,
    26, 0, -52, -69, -54, -15, 22, 0,
    0, -47, 0, 5, -19, 0, -11, 0,
    -15, 0, 10, 22, -86, 32, 0, 3,
    0, 0, 0, 0, 3, 3, -10, -15,
    0, -3, -3, -7, 0, 0, -3, 0,
    0, 0, -15, 0, 0, -15, 0, -15,
    0, 0, 0, 0, 7, -3, 0, 0,
    -3, 7, 7, 0, 0, 0, 0, -7,
    0, 0, 0, 0, 0, 0, 0, 0,
    -3, 0, 22, 0, 0, -7, 0, -7,
    0, 0, 0, 0, 0, 0, 0, 0,
    -4, -4, 0, -7, -7, 0, 0, 0,
    0, 0, 0, 0, 0, 0, -11, 0,
    -22, -3, -22, 15, 0, -15, 7, 15,
    18, 0, -18, 0, -5, 0, 0, -31,
    7, -3, 6, -41, 7, 0, -37, 0,
    15, -22, 0, 0, 0, -7, 0, 0,
    -7, 0, 0, 0, 0, 0, -4, -4,
    0, -4, -9, 0, 0, 0, 0, 0,
    0, -7, 0, 0, -5, 0, -3, 0,
    -15, 7, 0, -5, 4, 7, 7, 0,
    0, 0, 0, 0, 0, -3, 0, 0,
    0, 0, 0, 0, 0, 0, 0, -11,
    0, 22, -3, 3, -20, 0, 18, -37,
    -36, -29, -15, 7, 0, -5, -48, -13,
    0, -13, 0, -15, 11, -13, 0, 7,
    6, -22, 7, 0, 0, 0, -7, 0,
    0, 3, 0, 7, 0, 0, 0, 0,
    0, 0, 0, 0, 0, 0, 0, -7,
    0, 0, -22, 0, 0, 0, 0, 7,
    0, 0, 0, 0, 0, 0, 0, 39,
    0, 0, 0, 0, 0, 0, 3, 0,
    0, 0, -7, 0, 0, -15, 0, 7,
    0, -3, 0, 0, 0, -7, 0, 5,
    0, -37, -22, 0, 0, 0, -11, -37,
    0, 0, -7, 7, 0, -21, -3, -6,
    0, 0, -11, 7, 0, -11, 0, 0,
    0, 5, 0, 3, -15, -15, 0, -7,
    -7, -10, 0, 0, 0, 0, 0, 0,
    -22, 0, 0, -15, 10, -22, 7, 3,
    10, 0, 0, 0, 10, 3, -3, 0,
    32, 0, 17, 3, 3, -12, 0, 15,
    0, 0, 0, 10, 0, 0, 22, 0,
    24, 0, 0, -44, 0, -7, 10, 22,
    -97, 0, 66, 5, -15, -15, 7, 7,
    -3, 3, -37, 0, 0, 39, -44, -15,
    0, -54, 32, 103, -44, 0, -3, 15,
    -18, 0, 3, -7, 0, 7, 88, -15,
    -5, 20, 18, -18, 7, 0, 0, 7,
    7, -13, -22, 0, -96, 24, 0, 0,
    0, 15, 15, 19, 0, 0, 22, 0,
    -49, -40, 0, 34, 22, 13, -29, 3,
    27, 0, 25, 0, 15, 7, 0, 41,
    0, 0, 0
};

/*Collect the kern class' data in one place*/
static const lv_font_fmt_txt_kern_classes_t kern_classes =
{
    .class_pair_values   = kern_class_values,
    .left_class_mapping  = kern_left_class_mapping,
    .right_class_mapping = kern_right_class_mapping,
    .left_class_cnt      = 25,
    .right_class_cnt     = 27,
};

/*--------------------
 *  ALL CUSTOM DATA
 *--------------------*/

#if LVGL_VERSION_MAJOR == 8
/*Store all the custom data of the font*/
static  lv_font_fmt_txt_glyph_cache_t cache;
#endif

#if LVGL_VERSION_MAJOR >= 8
static const lv_font_fmt_txt_dsc_t font_dsc = {
#else
static lv_font_fmt_txt_dsc_t font_dsc = {
#endif
    .glyph_bitmap = glyph_bitmap,
    .glyph_dsc = glyph_dsc,
    .cmaps = cmaps,
    .kern_dsc = &kern_classes,
    .kern_scale = 16,
    .cmap_num = 2,
    .bpp = 4,
    .kern_classes = 1,
    .bitmap_format = 0,
#if LVGL_VERSION_MAJOR == 8
    .cache = &cache
#endif

};



/*-----------------
 *  PUBLIC FONT
 *----------------*/

/*Initialize a public general font descriptor*/
#if LVGL_VERSION_MAJOR >= 8
const lv_font_t font_clock_data = {
#else
lv_font_t font_clock_data = {
#endif
    .get_glyph_dsc = lv_font_get_glyph_dsc_fmt_txt,    /*Function pointer to get glyph's data*/
    .get_glyph_bitmap = lv_font_get_bitmap_fmt_txt,    /*Function pointer to get glyph's bitmap*/
    .line_height = 47,          /*The maximum line height required by the font*/
    .base_line = 9,             /*Baseline measured from the bottom of the line*/
#if LV_VERSION_CHECK(9, 6, 0) || LVGL_VERSION_MAJOR >= 10
    .cap_height = 32,           /*Cap height of the font*/
    .x_height = 25,               /*x-height of the font*/
#endif
#if !(LVGL_VERSION_MAJOR == 6 && LVGL_VERSION_MINOR == 0)
    .subpx = LV_FONT_SUBPX_NONE,
#endif
#if LV_VERSION_CHECK(7, 4, 0) || LVGL_VERSION_MAJOR >= 8
    .underline_position = -5,
    .underline_thickness = 2,
#endif

#if LV_VERSION_CHECK(9, 3, 0)
    .static_bitmap = 1,    /*Bitmaps are stored as const so they are always static if not compressed */
#endif

    .dsc = &font_dsc,          /*The custom font data. Will be accessed by `get_glyph_bitmap/dsc` */
#if LV_VERSION_CHECK(8, 2, 0) || LVGL_VERSION_MAJOR >= 9
    .fallback = NULL,
#endif
    .user_data = NULL,
};



#endif /*#if FONT_CLOCK_DATA*/
